family_id	source_task	function_group	function_topic	disposition	priority_stage	task_types	selection_reason	reusable_assets	rebuild_needs	evidence_paths	source_spot_checked	glm_status	glm_report_sha256
001	001-bang-bang-phase-detector	时钟与PLL	时钟PLL与相位检测	priority_seed	first	spec-modeling	优先的是完整Alexander内部采样的新任务方向；旧001仅在data沿读取外部clk/retimed并套真值表，早晚判相依据尚未成立，旧参考只作接口和历史素材，须重做内部采样与判相。	部件级 bang-bang 相位检测器（CDR 方向判决）行为模型;benchmark/reference/v4/release/benchmarkv4-r53/tasks/001-bang-bang-phase-detector/evaluator/solution/bbpd_ref.va	重写公开验收合同与独立checker，按实际工程动作改编，不原样承接旧三形态。;内部数据采样、Alexander早晚方向依据、初始化与重合采样合同按已讨论新方向重建。	runs/v4-audit-20261010-r3/families/001/review.json;benchmark/reference/v4/release/benchmarkv4-r53/tasks/001-bang-bang-phase-detector/evaluator/solution/bbpd_ref.va	true	accepted_draft	df43a5b60d2be3ddef95568edea431626b43e2c017bdb8818e65609eb2049b87
002	002-capacitive-sar-feedback-dac	转换器与采样	DAC与码电平重构	priority_seed	first	spec-modeling	10bit采样码加32LSB校准段，驱动围绕vcm的互补差分电平，优先作为DAC路径代表并连接已有SAR方向；不把电平码映射泛称实际电容非理想或完整ADC。	模块级 10-bit 二进制加权电容 DAC 行为模型，即 SAR ADC 反馈支路常用的时钟采样差分 C-DAC;benchmark/reference/v4/release/benchmarkv4-r53/tasks/002-capacitive-sar-feedback-dac/evaluator/solution/cdac_cal.va	重写公开验收合同与独立checker，按实际工程动作改编，不原样承接旧三形态。;公开首沿前初态、有效码超过1023时外推或钳位规则、两位校准权重和输出共模/差分范围；统一inout接口声明。;保留时钟锁存与差分码电平路径；真实电容失配/建立性能需另补对应依据。	runs/v4-audit-20261010-r3/families/002/review.json;benchmark/reference/v4/release/benchmarkv4-r53/tasks/002-capacitive-sar-feedback-dac/evaluator/solution/cdac_cal.va;benchmark/reference/v4/release/benchmarkv4-r53/tasks/002-capacitive-sar-feedback-dac/evaluator/score_tb.scs	true	accepted_draft	e395f1ecc3b65aa0b60373c7671b4374721ef0dd7824dadb08bc58aba9e422b1
003	003-pipeline-adc-stage	转换器与采样	ADC量化与转换流程	priority_seed	first	spec-modeling;testing-characterization	两相采样、三区判决及增益2残差拓展已有SAR方向，优先作为流水线级代表。	1.5-bit 流水线 ADC MDAC 级行为模型;benchmark/reference/v4/release/benchmarkv4-r53/tasks/003-pipeline-adc-stage/evaluator/solution/pipeline_stage.va	重写公开验收合同与独立checker，按实际工程动作改编，不原样承接旧三形态。;r53 将 bugfix seed 从 neg_004 换为 neg_001 是否有意（score_policy 写 policy_reviewed 但无变更记录），需 provenance 维护者确认。	runs/v4-audit-20261010-r3/families/003/review.json;benchmark/reference/v4/release/benchmarkv4-r53/tasks/003-pipeline-adc-stage/evaluator/solution/pipeline_stage.va	true	accepted_draft	2c36f2cce81314ac8277adc7c28f997f3e2e2a81a4bf26082a30a9d3425f953e
004	004-trim-calibration-controller	校准与修调	校准与修调	reserve_candidate	not_selected	spec-modeling	时钟域积分式 trim 控制器。先用109真实响应搜索和183逐位控制作代表；该修调状态律保留为替代或补模块，先不把PWL判决当校准闭环。	时钟域积分式 trim 控制器;benchmark/reference/v4/release/benchmarkv4-r53/tasks/004-trim-calibration-controller/evaluator/solution/cdac_calibration.va	重写公开验收合同与独立checker，按实际工程动作改编，不原样承接旧三形态。;家族原始出处未知：是否存在对应的真实 CDAC 校准环路工程（0.06 V 步长与 0.05–0.85 V 量程的工程背景）需电路专家确认。	runs/v4-audit-20261010-r3/families/004/review.json	false	accepted_draft	97d254d3259051b86cf134a3579c96ef206428e1dd471a1bad2627ef51c5ec01
005	005-debounce-latch	比较器与判决	电源基准与复位资格	priority_seed	first	diagnosis-repair	连续稳定鉴时、取消挂起计时和复位协作具有实际去抖用途，作为修复代表。	三端口电压域事件驱动行为模型;benchmark/reference/v4/release/benchmarkv4-r53/tasks/005-debounce-latch/evaluator/solution/debounce_latch.va	重写公开验收合同与独立checker，按实际工程动作改编，不原样承接旧三形态。;cross() 对 PWL 断点之间亚步长毛刺的捕获能力（影响 kill 鲁棒性）需仿真确认。	runs/v4-audit-20261010-r3/families/005/review.json;benchmark/reference/v4/release/benchmarkv4-r53/tasks/005-debounce-latch/evaluator/solution/debounce_latch.va	true	accepted_draft	893f5caea246cfc76081b8b0bbe6a74ff8c6182a796d41747cbcffad2d5b190a
006	006-element-shuffler	校准与修调	校准与修调	reserve_candidate	not_selected	spec-modeling	4 相一位热码时序器（环形计数器）。先用109真实响应搜索和183逐位控制作代表；该修调状态律保留为替代或补模块，先不把PWL判决当校准闭环。	4 相一位热码时序器（环形计数器）;benchmark/reference/v4/release/benchmarkv4-r53/tasks/006-element-shuffler/evaluator/solution/element_shuffler.va	重写公开验收合同与独立checker，按实际工程动作改编，不原样承接旧三形态。;“接近 vdd”的数值容差及 P_RESET_START/P_PERMUTATION 对起点偏移型故障的划分标准不可见，需查私有 oracle。;当前提议是按规格建立或补缺部件；若另出扩展题，须先建立健康工程，明确新增能力并同时验收原行为。	runs/v4-audit-20261010-r3/families/006/review.json	false	accepted_draft	959856e8030081e54c5d812774a788ef1c822d54595fc2df61c9747b12b7ca2e
007	007-first-order-lowpass	放大、滤波与基带调理	放大滤波与精密前端	reserve_candidate	not_selected	spec-modeling	一阶离散时间低通滤波器（泄漏积分器，RC 低通的 Euler 离散化）。先覆盖038增益选择、082增益恢复和091失调抑制；此静态传输或离散滤波保留作前端配套或后续扩展。	一阶离散时间低通滤波器（泄漏积分器，RC 低通的 Euler 离散化）;benchmark/reference/v4/release/benchmarkv4-r53/tasks/007-first-order-lowpass/evaluator/solution/first_order_lowpass.va	重写公开验收合同与独立checker，按实际工程动作改编，不原样承接旧三形态。;r53 更换 bugfix 种子（neg_001→neg_003）与 TB 负例集（含/不含 neg_004、neg_005）的决策记录在资产中不存在，需查管理记录。	runs/v4-audit-20261010-r3/families/007/review.json	false	accepted_draft	c126f3857f9dbc025b7e1ccfa3e7d15a2800798a0fb2fea106ac2a1ee615f618
008	008-gain-trim-controller	校准与修调	校准与修调	reserve_candidate	not_selected	spec-modeling	时钟型增益修调控制器。先用109真实响应搜索和183逐位控制作代表；该修调状态律保留为替代或补模块，先不把PWL判决当校准闭环。	时钟型增益修调控制器;benchmark/reference/v4/release/benchmarkv4-r53/tasks/008-gain-trim-controller/evaluator/solution/gain_trim_controller.va	重写公开验收合同与独立checker，按实际工程动作改编，不原样承接旧三形态。;neg_006 同时充当 v4-1008 starter 与 v4-508 kill 目标是否有意为之，需维护者确认（r53 已标 policy_reviewed）。	runs/v4-audit-20261010-r3/families/008/review.json	false	accepted_draft	50a8b4ec80c59cc715ceb6b23b90e5860b3d5557d87956b898336c2945832fdd
009	009-lock-detector	时钟与PLL	时钟PLL与相位检测	reserve_candidate	not_selected	spec-modeling	电压域 PLL 锁定检测器。先覆盖001方向判决与060时钟测量；此分频/锁定/时间差能力留作系统配套或后续独立方向。	电压域 PLL 锁定检测器;benchmark/reference/v4/release/benchmarkv4-r53/tasks/009-lock-detector/evaluator/solution/lock_detector.va	重写公开验收合同与独立checker，按实际工程动作改编，不原样承接旧三形态。;历史认证所用 feedback deck（35a6a38f…）与当前 visible deck（eca9f00f…）哈希不同，除 include 路径外激励是否逐字节相同无法由本资产确认；按历史与当前不同处理，不判当前错误。	runs/v4-audit-20261010-r3/families/009/review.json	false	accepted_draft	29857c1f6048f270174355a48606d21c0e760d05255e0a110e4c59373d7608c5
010	010-offset-comparator	比较器与判决	比较器与判决	reserve_candidate	not_selected	spec-modeling	带输入参考失调（vos=5mV）的时钟锁存比较器行为模型，SAR ADC/过零检测前端的标准模块级抽象。先覆盖111滞回表征与109失调实验；此判决或延时特性保留作DUT备选，不因简单VA抽象而排除。	带输入参考失调（vos=5mV）的时钟锁存比较器行为模型，SAR ADC/过零检测前端的标准模块级抽象;benchmark/reference/v4/release/benchmarkv4-r53/tasks/010-offset-comparator/evaluator/solution/cmp_offset_ref.va	重写公开验收合同与独立checker，按实际工程动作改编，不原样承接旧三形态。;r51 认证所用旧 feedback deck（46695ff9…）与新 canonical deck 的具体差异（rail 是否曾为 0.9/0.0）需查主源确认 rail-midpoint update 的实际内容	runs/v4-audit-20261010-r3/families/010/review.json	false	accepted_draft	4b2689ac2876aba72b55d699b3534d40c435603f6e7c6530ed7dafaa40662996
011	011-pfd-up-dn-logic	时钟与PLL	时钟PLL与相位检测	reserve_candidate	not_selected	spec-modeling	电压域行为级 PFD（相位频率检测器）UP/DN 逻辑核。先覆盖001方向判决与060时钟测量；此分频/锁定/时间差能力留作系统配套或后续独立方向。	电压域行为级 PFD（相位频率检测器）UP/DN 逻辑核;benchmark/reference/v4/release/benchmarkv4-r53/tasks/011-pfd-up-dn-logic/evaluator/solution/pfd_updn.va	重写公开验收合同与独立checker，按实际工程动作改编，不原样承接旧三形态。;r53 将 neg_001 纳入 TB 负例并移除 neg_004 是否有意，缺决策记录	runs/v4-audit-20261010-r3/families/011/review.json	false	accepted_draft	c1a2b52376411642f18a0c184b4cb07ef8d8a087a11281786539deae040a068b
012	012-clock-divider	时钟与PLL	时钟PLL与相位检测	reserve_candidate	not_selected	spec-modeling	电压域行为级可编程整数时钟分频器（承担 PLL/ADPLL 反馈分频器角色）加分频器本地 lock 指示。先覆盖001方向判决与060时钟测量；此分频/锁定/时间差能力留作系统配套或后续独立方向。	电压域行为级可编程整数时钟分频器（承担 PLL/ADPLL 反馈分频器角色）加分频器本地 lock 指示;benchmark/reference/v4/release/benchmarkv4-r53/tasks/012-clock-divider/evaluator/solution/clk_divider_ref.va	重写公开验收合同与独立checker，按实际工程动作改编，不原样承接旧三形态。;F4 的“公开常比例激励可全灭五负例”为静态推断，需以私有 oracle 实测确认。	runs/v4-audit-20261010-r3/families/012/review.json	false	accepted_draft	a51416b396b6e9946057d418bf04f0613f970af4a0f4b74b267c3809692e29c3
013	013-resettable-integrator	放大、滤波与基带调理	放大滤波与精密前端	reserve_candidate	not_selected	spec-modeling	定时采样复位积分器。先覆盖038增益选择、082增益恢复和091失调抑制；此静态传输或离散滤波保留作前端配套或后续扩展。	定时采样复位积分器;benchmark/reference/v4/release/benchmarkv4-r53/tasks/013-resettable-integrator/evaluator/solution/resettable_integrator.va	重写公开验收合同与独立checker，按实际工程动作改编，不原样承接旧三形态。;部署政策：同一 release 内解题者是否可见兄弟任务(如 013)的公开 bundle，决定 F3 抄 deck 风险是否实际成立。	runs/v4-audit-20261010-r3/families/013/review.json	false	accepted_draft	66b80725da9ecab2f216f50cf05b513af04822b6a7cf52b777816d71ddac61f6
014	014-segmented-dac	转换器与采样	DAC与码电平重构	reserve_candidate	not_selected	spec-modeling	5位分段电压DAC。先用002等少量DAC代表串联SAR/流水线信号路径；该码权或接口变体留作可替换素材，功能相近不等于重复字节或坏题。	5位分段电压DAC;benchmark/reference/v4/release/benchmarkv4-r53/tasks/014-segmented-dac/evaluator/solution/segmented_dac.va	重写公开验收合同与独立checker，按实际工程动作改编，不原样承接旧三形态。;tr的工程含义（满摆幅步进时间还是固定压摆率）需原设计意图或电路专家确认。	runs/v4-audit-20261010-r3/families/014/review.json	false	accepted_draft	0402116a357938b6fa8a2d848f685e12755080e9e362691f1e4e1ab24e264561
015	015-binary-weighted-voltage-dac	转换器与采样	DAC与码电平重构	reserve_candidate	not_selected	spec-modeling	4位二进制加权电压DAC的行为级模型。先用002等少量DAC代表串联SAR/流水线信号路径；该码权或接口变体留作可替换素材，功能相近不等于重复字节或坏题。	4位二进制加权电压DAC的行为级模型;benchmark/reference/v4/release/benchmarkv4-r53/tasks/015-binary-weighted-voltage-dac/evaluator/solution/simple_binary_voltage_dac_4b.va	重写公开验收合同与独立checker，按实际工程动作改编，不原样承接旧三形态。;旧v3 manifest登记的neg_002哈希5d9ae0c1与现存两份文件均不符，原变体内容未知；v3任务016的原始出处/上游工程原文未见，电路来源记为未知。	runs/v4-audit-20261010-r3/families/015/review.json	false	accepted_draft	eb3ddaca50dd6e6acc8cc2d2d1cde2f2e7cdd747a74ce0129c1572174eb80cde
016	016-slew-rate-limiter	放大、滤波与基带调理	放大滤波与精密前端	reserve_candidate	not_selected	spec-modeling	离散时间电压域限摆率器。先覆盖038增益选择、082增益恢复和091失调抑制；此静态传输或离散滤波保留作前端配套或后续扩展。	离散时间电压域限摆率器;benchmark/reference/v4/release/benchmarkv4-r53/tasks/016-slew-rate-limiter/evaluator/solution/slew_rate_limiter.va	重写公开验收合同与独立checker，按实际工程动作改编，不原样承接旧三形态。;neg_003 在非负激励下与 neg_001 的轨迹级等价性、以及 transition() 在 t=0 的初值语义，需实际仿真确认（本审核仅静态推理）。	runs/v4-audit-20261010-r3/families/016/review.json	false	accepted_draft	fa7f23f8bec4a584ca8d7110927745fa1b022306e95dfbeb7c35c6b83f9e48a3
017	017-strongarm-style-latch-comparator	比较器与判决	比较器与判决	reserve_candidate	not_selected	spec-modeling	电压域时钟锁存比较器（StrongARM风格）的行为级Verilog-A模型。先覆盖111滞回表征与109失调实验；此判决或延时特性保留作DUT备选，不因简单VA抽象而排除。	电压域时钟锁存比较器（StrongARM风格）的行为级Verilog-A模型;benchmark/reference/v4/release/benchmarkv4-r53/tasks/017-strongarm-style-latch-comparator/evaluator/solution/cmp_strongarm.va	重写公开验收合同与独立checker，按实际工程动作改编，不原样承接旧三形态。;provenance快照的instruction.md与public_contract哈希和r53不同、源slug由018改为017，属历史版本差异还是r53有意改稿需查主源；原v3工程与原始作者意图未知。	runs/v4-audit-20261010-r3/families/017/review.json	false	accepted_draft	50ddca80bf7abdfcb0d256cd0a20c2af854cd51ea425ef0fab316268e39b6071
018	018-unit-element-thermometer-dac	转换器与采样	DAC与码电平重构	reserve_candidate	not_selected	spec-modeling	15段单位元（thermometer/unary）DAC 的理想电压域行为模型。先用002等少量DAC代表串联SAR/流水线信号路径；该码权或接口变体留作可替换素材，功能相近不等于重复字节或坏题。	15段单位元（thermometer/unary）DAC 的理想电压域行为模型;benchmark/reference/v4/release/benchmarkv4-r53/tasks/018-unit-element-thermometer-dac/evaluator/solution/thermometer_dac_15seg.va	重写公开验收合同与独立checker，按实际工程动作改编，不原样承接旧三形态。;r51 认证所用 feedback deck（哈希 0b1488f3…）与认证报告 evidence/r51/RUST_EVAS2_CERTIFICATION.json 均不在资产内，neg_001/neg_002 的历史 kill 证据是否逐字节迁移到 r53 deck 无法静态确认。	runs/v4-audit-20261010-r3/families/018/review.json	false	accepted_draft	eca297593c33cf3becbb39024dceb1f1e54c14bba1de7bd88d6d0a12266ffb3a
019	019-vco-phase-integrator	时钟与PLL	时钟PLL与相位检测	reserve_candidate	not_selected	spec-modeling	离散时间电压控制相位累积器，即行为级 NCO/VCO 构件。先覆盖001方向判决与060时钟测量；此分频/锁定/时间差能力留作系统配套或后续独立方向。	离散时间电压控制相位累积器，即行为级 NCO/VCO 构件;benchmark/reference/v4/release/benchmarkv4-r53/tasks/019-vco-phase-integrator/evaluator/solution/vco_phase_integrator.va	重写公开验收合同与独立checker，按实际工程动作改编，不原样承接旧三形态。;参考激励（0.2→0.7、170 ns、maxstep 500 p）是否已杀死全部 5 个入选 mutant，即 TB 任务的区分力，需仿真确认。	runs/v4-audit-20261010-r3/families/019/review.json	false	accepted_draft	2d3bed61b0d866edcf56be79792205312b858af56784a3308dcf398d6f262ad0
020	020-bandgap-reference-macro-model	电源、基准与保护	电源基准与复位资格	reserve_candidate	not_selected	spec-modeling	时钟采样电压域参考源行为宏。先覆盖005去抖和046供电资格链；此启动或参考响应保留作电源扩展，先不以宏模型命名承诺完整稳压性能。	时钟采样电压域参考源行为宏;benchmark/reference/v4/release/benchmarkv4-r53/tasks/020-bandgap-reference-macro-model/evaluator/solution/bandgap_reference_macro_model.va	重写公开验收合同与独立checker，按实际工程动作改编，不原样承接旧三形态。;v3_022 原始工程与原始题面原文未见，bandgap 命名的真实来源未知；mutation_catalog 的 gold_bundle_sha256（921e20bf…）与 solution_tree（a8f46934…）的对应关系未验证。	runs/v4-audit-20261010-r3/families/020/review.json	false	accepted_draft	41c992effef34e3649e1377fe46357edd9333902ee00c72f4ac202dd95d8a612
021	021-calibration-deadband-controller	校准与修调	校准与修调	reserve_candidate	not_selected	spec-modeling	时钟上升沿采样的死区步进式校准修调控制器。先用109真实响应搜索和183逐位控制作代表；该修调状态律保留为替代或补模块，先不把PWL判决当校准闭环。	时钟上升沿采样的死区步进式校准修调控制器;benchmark/reference/v4/release/benchmarkv4-r53/tasks/021-calibration-deadband-controller/evaluator/solution/calibration_deadband_controller.va	重写公开验收合同与独立checker，按实际工程动作改编，不原样承接旧三形态。;原电路来源未知：provenance 仅指向 v3 源 slug 023-calibration-deadband-controller，无原始工程文本，trim 所服务的被校准电路与环路归属需主源或电路专家确认。	runs/v4-audit-20261010-r3/families/021/review.json	false	accepted_draft	2c4a171a1b746c06bb963453e55d5e7a88db51c0e8e0667edbbdff11eb297042
022	022-charge-pump-abstraction	时钟与PLL	时钟PLL与相位检测	reserve_candidate	not_selected	spec-modeling	时钟采样的电荷泵/环路滤波抽象。先覆盖001方向判决与060时钟测量；此分频/锁定/时间差能力留作系统配套或后续独立方向。	时钟采样的电荷泵/环路滤波抽象;benchmark/reference/v4/release/benchmarkv4-r53/tasks/022-charge-pump-abstraction/evaluator/solution/charge_pump_abstraction.va	重写公开验收合同与独立checker，按实际工程动作改编，不原样承接旧三形态。;r53 mutation_catalog 与 v3 五负例集合（manifest 标 needs_v3_recertification_before_formal_release）的关系：是有意替换还是退化残留；derivation_manifest 将 neg_002 标为 public feedback，但 r53 score_policy 将全部五个计入最终杀死集，历史分	runs/v4-audit-20261010-r3/families/022/review.json	false	accepted_draft	599184bf63cc0e5dc8f1862f2cfa82783ea637dc64fb9d7dd32a27fdd2defb9a
023	023-clocked-adc-quantizer	转换器与采样	ADC量化与转换流程	reserve_candidate	not_selected	spec-modeling	3位闪速ADC量化器的行为模型。已有186控制和003残差优先代表；此量化/译码结构先保留，待系统边界及新增转换架构工作单元确定。	3位闪速ADC量化器的行为模型;benchmark/reference/v4/release/benchmarkv4-r53/tasks/023-clocked-adc-quantizer/evaluator/solution/flash_adc_3b.va	重写公开验收合同与独立checker，按实际工程动作改编，不原样承接旧三形态。;旧manifest（clocked_adc_quantizer__dut/manifest.json）所引sha（09af4a0c…等）对应的历史字节不在本包，需早期快照确认历史负例集合与当前集合的关系。	runs/v4-audit-20261010-r3/families/023/review.json	false	accepted_draft	dc6f7300bf812d2473499ecf72dfae822bc67582c8fba9b4e8a647b00bb12386
024	024-clocked-sample-and-hold	转换器与采样	采样保持	priority_seed	first	spec-modeling	单沿捕获和沿间保持是已认可基础方向，保留理想S/H代表；真实采样级数据另建。	时钟控制采样保持（S/H）单元的行为级 Verilog-A 模型;benchmark/reference/v4/release/benchmarkv4-r53/tasks/024-clocked-sample-and-hold/evaluator/solution/sample_hold.va	重写公开验收合同与独立checker，按实际工程动作改编，不原样承接旧三形态。;provenance 快照与 r53 在 bugfix seed/mutation 分区上的差异是否有意变更，需查 r51→r53 变更记录。	runs/v4-audit-20261010-r3/families/024/review.json;benchmark/reference/v4/release/benchmarkv4-r53/tasks/024-clocked-sample-and-hold/evaluator/solution/sample_hold.va	true	accepted_draft	e487a27a8752e3442b655f97ac526b606a37f39e9ad6975289c82319bddf955d
025	025-dac-mismatch-unit-weighting-model	转换器与采样	DAC与码电平重构	reserve_candidate	not_selected	spec-modeling	4位电压型DAC行为模型。先用002等少量DAC代表串联SAR/流水线信号路径；该码权或接口变体留作可替换素材，功能相近不等于重复字节或坏题。	4位电压型DAC行为模型;benchmark/reference/v4/release/benchmarkv4-r53/tasks/025-dac-mismatch-unit-weighting-model/evaluator/solution/dac_mismatch_unit_weighting_model.va	重写公开验收合同与独立checker，按实际工程动作改编，不原样承接旧三形态。;legacy v3 manifest与同级neg_00X.va哈希全部不符的成因（有意重生成还是遗留错配）需查主源确认。	runs/v4-audit-20261010-r3/families/025/review.json	false	accepted_draft	68e2ac525aff3e10a1e856df8d77c101a15764f24877e68c316192563510a085
026	026-digital-phase-accumulator-with-modulo-wrap	时钟与PLL	时钟PLL与相位检测	reserve_candidate	not_selected	spec-modeling	自由运行数字相位累加器（NCO/DDFS 核心原语）。先覆盖001方向判决与060时钟测量；此分频/锁定/时间差能力留作系统配套或后续独立方向。	自由运行数字相位累加器（NCO/DDFS 核心原语）;benchmark/reference/v4/release/benchmarkv4-r53/tasks/026-digital-phase-accumulator-with-modulo-wrap/evaluator/solution/phase_accumulator_timer_wrap_ref.va	重写公开验收合同与独立checker，按实际工程动作改编，不原样承接旧三形态。;双精度浮点下 0.2 累加五次是否精确达到 1.0，影响回绕边界的逐点比对与 0.95 阈值可分辨性。	runs/v4-audit-20261010-r3/families/026/review.json	false	accepted_draft	a3aa55e0c526342f3d9aa1936df962cab9c6079357ad14d8df67810ff561c90c
027	027-dwa-dem-encoder	校准与修调	DAC与码电平重构	reserve_candidate	not_selected	spec-modeling	16 单元 DEM DAC 的 DWA 数字选择级加电压-二进制辅助级。先用002等少量DAC代表串联SAR/流水线信号路径；该码权或接口变体留作可替换素材，功能相近不等于重复字节或坏题。	16 单元 DEM DAC 的 DWA 数字选择级加电压-二进制辅助级;benchmark/reference/v4/release/benchmarkv4-r53/tasks/027-dwa-dem-encoder/evaluator/solution/dwa_ptr_gen.va;benchmark/reference/v4/release/benchmarkv4-r53/tasks/027-dwa-dem-encoder/evaluator/solution/v2b_4b.va	重写公开验收合同与独立checker，按实际工程动作改编，不原样承接旧三形态。;顶部 provenance_seed_matches_actual=false 与 starter_matches_tb_mutant_bundles=[] 的比较定义无法由所示字节复现，需查生成脚本与早期快照。	runs/v4-audit-20261010-r3/families/027/review.json	false	accepted_draft	678e07d969dd99ba9a9ebc0ae593198655dbcd765291efab953705e4d955aaa9
028	028-higher-order-filter	放大、滤波与基带调理	放大滤波与精密前端	reserve_candidate	not_selected	spec-modeling	时钟上升沿采样的基带信号调理通道。先覆盖038增益选择、082增益恢复和091失调抑制；此静态传输或离散滤波保留作前端配套或后续扩展。	时钟上升沿采样的基带信号调理通道;benchmark/reference/v4/release/benchmarkv4-r53/tasks/028-higher-order-filter/evaluator/solution/higher_order_filter.va	重写公开验收合同与独立checker，按实际工程动作改编，不原样承接旧三形态。;r51认证报告（evidence/r51/RUST_EVAS2_CERTIFICATION.json）不在资产内，其'all_killed_behaviorally'与v3 manifest'needs_v3_recertification'的关系需查证后统一。	runs/v4-audit-20261010-r3/families/028/review.json	false	accepted_draft	f89848e6ac08e5647d681a42dd22bc630a77bfe72a4b67f4171f4f79b9a8dce2
029	029-hysteresis-comparator	比较器与判决	比较器与判决	reserve_candidate	not_selected	spec-modeling	带滞回的差分电压比较器（施密特式）行为宏模型。先覆盖111滞回表征与109失调实验；此判决或延时特性保留作DUT备选，不因简单VA抽象而排除。	带滞回的差分电压比较器（施密特式）行为宏模型;benchmark/reference/v4/release/benchmarkv4-r53/tasks/029-hysteresis-comparator/evaluator/solution/cmp_hysteresis.va	重写公开验收合同与独立checker，按实际工程动作改编，不原样承接旧三形态。;r53 将 bugfix seed 由 neg_005 换为 neg_001 是否有意（policy_reviewed 的决策原文未见），需发布记录或人工确认。	runs/v4-audit-20261010-r3/families/029/review.json	false	accepted_draft	dce697c95bd67d88aa96f231a4869f0b2cbace59d00c8305ad53ee83a3b9298c
030	030-ldo-regulator-macro-model	电源、基准与保护	电源基准与复位资格	reserve_candidate	not_selected	spec-modeling	时钟采样的负载调整型调节器行为宏模型。先覆盖005去抖和046供电资格链；此启动或参考响应保留作电源扩展，先不以宏模型命名承诺完整稳压性能。	时钟采样的负载调整型调节器行为宏模型;benchmark/reference/v4/release/benchmarkv4-r53/tasks/030-ldo-regulator-macro-model/evaluator/solution/ldo_regulator_macro_model.va	重写公开验收合同与独立checker，按实际工程动作改编，不原样承接旧三形态。;r51 gate2_pass 认证与 530 manifest 的 needs_v3_recertification_before_formal_release 之间的先后与适用范围，需任务 AUDIT.md 与 evidence 报告原文核对。	runs/v4-audit-20261010-r3/families/030/review.json	false	accepted_draft	3db35d62953dd4cd068cbe9bd1822bb0366ed351da89388b613a0b96658c2e5e
031	031-limiting-amplifier-frontend	RF与I/Q	放大滤波与精密前端	reserve_candidate	not_selected	spec-modeling	时钟采样限幅放大器前端宏模型。先覆盖038增益选择、082增益恢复和091失调抑制；此静态传输或离散滤波保留作前端配套或后续扩展。	时钟采样限幅放大器前端宏模型;benchmark/reference/v4/release/benchmarkv4-r53/tasks/031-limiting-amplifier-frontend/evaluator/solution/limiting_amplifier_frontend.va	重写公开验收合同与独立checker，按实际工程动作改编，不原样承接旧三形态。;±0.09V 边界 127mV 跳变是否为原设计意图未知：provenance 仅到 v3 快照（source_slug 033），更早原文缺失。	runs/v4-audit-20261010-r3/families/031/review.json	false	accepted_draft	29193fab1d357c9dfd5f9b49977e082ecf2928357c447e6e996f3d7b2d8df439
032	032-lna-gain-compression-macro	RF与I/Q	RF与I/Q	reserve_candidate	not_selected	spec-modeling	五端口事件驱动行为宏。本批先补精密前端与转换功能；此频率转换/幅值调理保留RF候选，领域抽象和验收需另行细化，合法VA不因后端限制被淘汰。	五端口事件驱动行为宏;benchmark/reference/v4/release/benchmarkv4-r53/tasks/032-lna-gain-compression-macro/evaluator/solution/lna_gain_compression_macro.va	重写公开验收合同与独立checker，按实际工程动作改编，不原样承接旧三形态。;r53 将 neg_001/neg_002 纳入 TB 评分集与 v3 派生分箱不同：是有意更换还是迁移失误，需 AUDIT.md/发布说明（不在资产内）确认。	runs/v4-audit-20261010-r3/families/032/review.json	false	accepted_draft	13f77adc321f1a04fe47dd7b4751edc98f7838648cd7af4ec5bdfe36c1bdf7b0
033	033-log-rssi-power-detector	RF与I/Q	RF与I/Q	reserve_candidate	not_selected	spec-modeling	时钟上升沿采样 |vin−0.45V|，按 0.035/0.11/0.22V 三个阈值把幅值量化为 0.12/0.30/0.54/0.72V 四级 RSSI 电平并保持，同时输出 metric=3×幅值（限幅 。本批先补精密前端与转换功能；此频率转换/幅值调理保留RF候选，领域抽象和验收需另行细化，合法VA不因后端限制被淘汰。	时钟上升沿采样 |vin−0.45V|，按 0.035/0.11/0.22V 三个阈值把幅值量化为 0.12/0.30/0.54/0.72V 四级 RSSI 电平并保持，同时输出 metric=3×幅值（限幅 ;benchmark/reference/v4/release/benchmarkv4-r53/tasks/033-log-rssi-power-detector/evaluator/solution/log_rssi_power_detector.va	重写公开验收合同与独立checker，按实际工程动作改编，不原样承接旧三形态。;分箱阈值与输出电平是否源自某真实 RSSI 器件的 dB 刻度（原 v3-035 出处）未知，需主源或电路专家确认后再决定 'Log' 文案去留。	runs/v4-audit-20261010-r3/families/033/review.json	false	accepted_draft	1ccec25326411f766c4b39f01e11b1839ec6bdbe5b4bf1a850f8a25416a94d54
034	034-loop-filter-abstraction	时钟与PLL	时钟PLL与相位检测	reserve_candidate	not_selected	spec-modeling	按误差符号减半步进、叠加0.04倍误差积分的离散控制律可作理想规格建模；它未给出通常PLL滤波器的固定比例/积分增益与极点等频率响应合同，先留控制器备选，相较已选相位/测量方向不优先。需要PLL滤波功能题时另定更新律与响应合同；不以缺执行器闭环否定部件。	资产能证明的电路是一个开环采样状态机;benchmark/reference/v4/release/benchmarkv4-r53/tasks/034-loop-filter-abstraction/evaluator/solution/loop_filter_abstraction.va	重写公开验收合同与独立checker，按实际工程动作改编，不原样承接旧三形态。;若出PLL滤波器题，先定义固定增益/状态递推与目标响应；现步长逐次减半不能直接冒称既定PI滤波传递。	runs/v4-audit-20261010-r3/families/034/review.json;benchmark/reference/v4/release/benchmarkv4-r53/tasks/034-loop-filter-abstraction/evaluator/solution/loop_filter_abstraction.va;benchmark/reference/v4/release/benchmarkv4-r53/tasks/034-loop-filter-abstraction/evaluator/score_tb.scs	true	accepted_draft	b540df45544c2b0c358e99ccd4618b247c0527e2d64881189471934d4e92aba6
035	035-pa-compression-macro	RF与I/Q	RF与I/Q	reserve_candidate	not_selected	spec-modeling	时钟采样保持的 PA 增益压缩（AM-AM 软限幅）行为宏模型。本批先补精密前端与转换功能；此频率转换/幅值调理保留RF候选，领域抽象和验收需另行细化，合法VA不因后端限制被淘汰。	时钟采样保持的 PA 增益压缩（AM-AM 软限幅）行为宏模型;benchmark/reference/v4/release/benchmarkv4-r53/tasks/035-pa-compression-macro/evaluator/solution/pa_compression_macro.va	重写公开验收合同与独立checker，按实际工程动作改编，不原样承接旧三形态。;5 个隐藏 mutant 的 killed_behaviorally 判定细节（何种轨迹差异计数为 kill）仅见 r51 认证汇总，逐 case 证据文件（negative_variants/*/certification.json）未在本次材料中展开。	runs/v4-audit-20261010-r3/families/035/review.json	false	accepted_draft	6f53df83b2e08d4b9f17a7e88daf0476f7987d3395389722b66adaaf5f939159
036	036-power-on-reset-detector	电源、基准与保护	电源基准与复位资格	reserve_candidate	not_selected	spec-modeling	上电复位/电压监视器行为模型。先覆盖005去抖和046供电资格链；此启动或参考响应保留作电源扩展，先不以宏模型命名承诺完整稳压性能。	上电复位/电压监视器行为模型;benchmark/reference/v4/release/benchmarkv4-r53/tasks/036-power-on-reset-detector/evaluator/solution/power_on_reset_detector.va	重写公开验收合同与独立checker，按实际工程动作改编，不原样承接旧三形态。;legacy feedback deck 哈希差异（harness_spec 记 f110559f、provenance 记 9dd854fb）需查主源确认是否为有意 seed 变更。	runs/v4-audit-20261010-r3/families/036/review.json	false	accepted_draft	80d1d64dae321ae738c89644a2eb6af0c42fedf97dd3af2d8fbd3877f1f8f5c1
037	037-precision-rectifier-envelope-detector	放大、滤波与基带调理	RF与I/Q	reserve_candidate	not_selected	spec-modeling	行为级采样包络检测器。本批先补精密前端与转换功能；此频率转换/幅值调理保留RF候选，领域抽象和验收需另行细化，合法VA不因后端限制被淘汰。	行为级采样包络检测器;benchmark/reference/v4/release/benchmarkv4-r53/tasks/037-precision-rectifier-envelope-detector/evaluator/solution/precision_rectifier_envelope_detector.va	重写公开验收合同与独立checker，按实际工程动作改编，不原样承接旧三形态。;遗留 v3 manifest 所指哈希的原始负例文件与 AUDIT.md 是否存在于 provenance 树，需查完整快照。	runs/v4-audit-20261010-r3/families/037/review.json	false	accepted_draft	b6b2a55cc00847e7e2a2019f62485f77dbbcc66ae10e60b1f7f267ccf81624f6
038	038-programmable-gain-amplifier	放大、滤波与基带调理	放大滤波与精密前端	priority_seed	first	spec-modeling	增益选择锁存与连续信号限幅明确，作为PGA代表补充放大器功能。	行为级可编程增益放大器（PGA）宏模型;benchmark/reference/v4/release/benchmarkv4-r53/tasks/038-programmable-gain-amplifier/evaluator/solution/programmable_gain_amplifier.va	重写公开验收合同与独立checker，按实际工程动作改编，不原样承接旧三形态。;v3 源任务（source_slug 040-programmable-gain-amplifier）原始规格文本不在资产内，metric 电平与 out 平滑在 v3 是否有定义未知。;当前提议是按规格建立或补缺部件；若另出扩展题，须先建立健康工程，明确新增能力并同时验收原行为。	runs/v4-audit-20261010-r3/families/038/review.json;benchmark/reference/v4/release/benchmarkv4-r53/tasks/038-programmable-gain-amplifier/evaluator/solution/programmable_gain_amplifier.va	true	accepted_draft	e048c8f5272e796faddef0d5487b9c21cb5f4506f299366429fe826cab967dea
039	039-propagation-delay-comparator	比较器与判决	比较器与判决	reserve_candidate	not_selected	spec-modeling	时钟控制比较器加对数再生传播延迟模型。先覆盖111滞回表征与109失调实验；此判决或延时特性保留作DUT备选，不因简单VA抽象而排除。	时钟控制比较器加对数再生传播延迟模型;benchmark/reference/v4/release/benchmarkv4-r53/tasks/039-propagation-delay-comparator/evaluator/solution/cmp_delay.va;benchmark/reference/v4/release/benchmarkv4-r53/tasks/039-propagation-delay-comparator/evaluator/solution/edge_interval_timer.va	重写公开验收合同与独立checker，按实际工程动作改编，不原样承接旧三形态。;r51 认证报告（evidence 路径）未提供：catalog 故障类与当前字节矛盾的成因（生成时描述错误 vs 后续换文件未更新类）无法静态判定。	runs/v4-audit-20261010-r3/families/039/review.json	false	accepted_draft	f0d386725a16ee550b9b5eb6b236f52c8de4d1e100c5143b1fb1565e5a39c06e
040	040-ptat-ctat-reference-generator	电源、基准与保护	电源基准与复位资格	reserve_candidate	not_selected	spec-modeling	时钟采样的带隙基准行为宏模型。先覆盖005去抖和046供电资格链；此启动或参考响应保留作电源扩展，先不以宏模型命名承诺完整稳压性能。	时钟采样的带隙基准行为宏模型;benchmark/reference/v4/release/benchmarkv4-r53/tasks/040-ptat-ctat-reference-generator/evaluator/solution/ptat_ctat_reference_generator.va	重写公开验收合同与独立checker，按实际工程动作改编，不原样承接旧三形态。;harness_spec.json:41-43 记录的 legacy deck 哈希（d928876…/1502562…）与 provenance 快照 certification.json:15,19 的 feedback/score deck 哈希（0c3c177…/f0246c…）不同：属跨版本历史差异还是有意替换，需查主源，不据此判 r53 错误。	runs/v4-audit-20261010-r3/families/040/review.json	false	accepted_draft	aec7fba46ce134cb0dd82ae131d1e1cfb48cfcc1fa388142eb3cfe2406cda45a
041	041-rf-mixer-downconverter-macro	RF与I/Q	RF与I/Q	reserve_candidate	not_selected	spec-modeling	连续LO极性换接确有符号调制路径，题名的下变频性能未经证实；相较094显式I/Q相位与低通链先作RF备选，后续确认滤波/频率含义，合法VA抽象仍保留。	电压域行为宏模块;benchmark/reference/v4/release/benchmarkv4-r53/tasks/041-rf-mixer-downconverter-macro/evaluator/solution/rf_mixer_downconverter_macro.va	重写公开验收合同与独立checker，按实际工程动作改编，不原样承接旧三形态。;原始电路来源未知：资产无对应工程或文献主源，‘RF AFE macromodel’的真实出处与是否需要真下变频语义需电路专家裁定。	runs/v4-audit-20261010-r3/families/041/review.json	false	accepted_draft	4eb44712ad7d3581f490a174b26fd3457ec222fcbc2c23ef6802aed352e05cf9
042	042-sample-and-hold-with-droop-leakage	转换器与采样	采样保持	reserve_candidate	not_selected	spec-modeling	电压域行为级采样保持器（带保持相垂降）。已有024基础代表；有限建立、下垂或多通道可在采样方向细化后扩展，先不批量增加同方向题量。	电压域行为级采样保持器（带保持相垂降）;benchmark/reference/v4/release/benchmarkv4-r53/tasks/042-sample-and-hold-with-droop-leakage/evaluator/solution/leaky_hold.va	重写公开验收合同与独立checker，按实际工程动作改编，不原样承接旧三形态。;原电路出处/原作者无外部原文可查，来源未知；v3 与 r53 的 neg_001 字节差异原因未知（可能是刻意的注释剥离或换 seed）。	runs/v4-audit-20261010-r3/families/042/review.json	false	accepted_draft	b683de0e0e902268f3f4b2326bf4f9329afa81a4571ad98f436bc35f53240a5d
043	043-soft-hysteretic-limiter	放大、滤波与基带调理	放大滤波与精密前端	reserve_candidate	not_selected	spec-modeling	电压域采样限幅调理模块。先覆盖038增益选择、082增益恢复和091失调抑制；此静态传输或离散滤波保留作前端配套或后续扩展。	电压域采样限幅调理模块;benchmark/reference/v4/release/benchmarkv4-r53/tasks/043-soft-hysteretic-limiter/evaluator/solution/soft_hysteretic_limiter.va	重写公开验收合同与独立checker，按实际工程动作改编，不原样承接旧三形态。;家族编号 043 与早期快照 source_slug 045 的重编号历史及原始电路来源（是否有真实 baseband 调理架构对应，如切片器偏置记忆/简化 bang-bang 环）需主源与电路专家确认。	runs/v4-audit-20261010-r3/families/043/review.json	false	accepted_draft	2d54a94f76cb4bedcc07864d387cf5798bcb73f02bcdfc7ae354c3a91ef94bf3
044	044-successive-approximation-calibration-search-fsm	校准与修调	校准与修调	reserve_candidate	not_selected	spec-modeling	时钟域逐次逼近校准搜索控制器。先用109真实响应搜索和183逐位控制作代表；该修调状态律保留为替代或补模块，先不把PWL判决当校准闭环。	时钟域逐次逼近校准搜索控制器;benchmark/reference/v4/release/benchmarkv4-r53/tasks/044-successive-approximation-calibration-search-fsm/evaluator/solution/successive_approximation_calibration_search_fsm.va	重写公开验收合同与独立checker，按实际工程动作改编，不原样承接旧三形态。;提交的 testbench.scs 是否允许在 XDUT 实例行覆盖 DUT 参数（binding 示例未含参数，直接决定 P_TRIM_CLAMP 可测性）。	runs/v4-audit-20261010-r3/families/044/review.json	false	accepted_draft	5f669bb3d59bb852a4088254b25eb16344c57eb9db6fa319f8cf1d9b85a26ee7
045	045-threshold-comparator	比较器与判决	比较器与判决	reserve_candidate	not_selected	spec-modeling	理想连续时间电压比较器的行为级Verilog-A模型。先覆盖111滞回表征与109失调实验；此判决或延时特性保留作DUT备选，不因简单VA抽象而排除。	理想连续时间电压比较器的行为级Verilog-A模型;benchmark/reference/v4/release/benchmarkv4-r53/tasks/045-threshold-comparator/evaluator/solution/comparator.va	重写公开验收合同与独立checker，按实际工程动作改编，不原样承接旧三形态。;五个bundle为何退化为同一有效代码（生成管线缺陷还是错包发布）需查上游negative_variants证据（catalog evidence_path指向的certification.json未随资产提供）。	runs/v4-audit-20261010-r3/families/045/review.json	false	accepted_draft	bf1fcde12035ff487161bf7780b9c46779d1d7e2b68ea731f665d2d125b1b371
046	046-uvlo-brownout-detector	电源、基准与保护	电源基准与复位资格	priority_seed	first	diagnosis-repair	有记忆的0.65/0.55V资格门限提供掉电恢复场景，可支撑UVLO工程模块与链路修复。	时钟采样型欠压锁定/掉电（UVLO/brownout）power-good 检测器;benchmark/reference/v4/release/benchmarkv4-r53/tasks/046-uvlo-brownout-detector/evaluator/solution/uvlo_brownout_detector.va	重写公开验收合同与独立checker，按实际工程动作改编，不原样承接旧三形态。;EVAS v2 r51 认证与 v3 重认证的实际状态：manifest 指向的 task AUDIT.md 未提供，五 mutant 的 killed_behaviorally 声明无法在本轮复核。;当前提议是按规格建立或补缺部件；若另出扩展题，须先建立健康工程，明确新增能力并同时验收原行为。	runs/v4-audit-20261010-r3/families/046/review.json;benchmark/reference/v4/release/benchmarkv4-r53/tasks/046-uvlo-brownout-detector/evaluator/solution/uvlo_brownout_detector.va	true	accepted_draft	a8dca1efbc5bbc6be11f2651ff0ef6143be9f8e25bbe4ce90f2636596d5473ef
047	047-window-comparator-detector	比较器与判决	比较器与判决	reserve_candidate	not_selected	spec-modeling	电压窗比较检测器的行为级宏模型。先覆盖111滞回表征与109失调实验；此判决或延时特性保留作DUT备选，不因简单VA抽象而排除。	电压窗比较检测器的行为级宏模型;benchmark/reference/v4/release/benchmarkv4-r53/tasks/047-window-comparator-detector/evaluator/solution/window_comparator_ref.va	重写公开验收合同与独立checker，按实际工程动作改编，不原样承接旧三形态。;legacy window_comparator_detector__dut五负例bundle是否仍被任何r53流程引用（score_policy未引用，需全库检索确认其为纯遗留）。	runs/v4-audit-20261010-r3/families/047/review.json	false	accepted_draft	bf2f3612eb3018ac2190602dd4e7e906b34b1dfbc141d5f8934c9db6b88c3958
048	048-bin-to-thermometer-decoder-8b	测量与测试激励	ADC量化与转换流程	support_component	not_selected	spec-modeling	8位二进制转温度计译码器。已有186控制和003残差优先代表；此量化/译码结构先保留，待系统边界及新增转换架构工作单元确定。本轮先用作工程配套部件，该归属不否定其独立功能。	8位二进制转温度计译码器;benchmark/reference/v4/release/benchmarkv4-r53/tasks/048-bin-to-thermometer-decoder-8b/evaluator/solution/bin_to_therm_8b.va	重写公开验收合同与独立checker，按实际工程动作改编，不原样承接旧三形态。;P_ENDPOINT_CODES 的 255 子句是否被私有侧其他激励覆盖：资产显示 final replay 与公开 deck 字节相同、score profile 无 deck 覆盖与 corners，倾向无，但需向主源确认。;当前提议是按规格建立或补缺部件；若另出扩展题，须先建立健康工程，明确新增能力并同时验收原行为。	runs/v4-audit-20261010-r3/families/048/review.json	false	accepted_draft	65132b5522e152d4a8e5512bfd69e6aa3516789a94dfac34d69ce9d7de5e9085
049	049-thermometer-to-binary-encoder-8b	测量与测试激励	ADC量化与转换流程	support_component	not_selected	spec-modeling	256线电压域温度计码转8位无符号二进制码+valid标志的组合编码器。已有186控制和003残差优先代表；此量化/译码结构先保留，待系统边界及新增转换架构工作单元确定。本轮先用作工程配套部件，该归属不否定其独立功能。	256线电压域温度计码转8位无符号二进制码+valid标志的组合编码器;benchmark/reference/v4/release/benchmarkv4-r53/tasks/049-thermometer-to-binary-encoder-8b/evaluator/solution/therm_to_bin_8b.va	重写公开验收合同与独立checker，按实际工程动作改编，不原样承接旧三形态。;r53是否有意将bugfix seed由neg_001改为neg_003并把neg_003并入549私有负例集合，需版本发布记录或维护者确认。;当前提议是按规格建立或补缺部件；若另出扩展题，须先建立健康工程，明确新增能力并同时验收原行为。	runs/v4-audit-20261010-r3/families/049/review.json	false	accepted_draft	85c831cea5b69ed1d006b7e4dca468be679cdfc36c4fa729f4f97eb3f7223ddb
050	050-dc-aware-adc3bit	转换器与采样	ADC量化与转换流程	reserve_candidate	not_selected	spec-modeling	无时钟的静态3-bit ADC行为模型（理想flash式量化器的直流传输特性）。已有186控制和003残差优先代表；此量化/译码结构先保留，待系统边界及新增转换架构工作单元确定。	无时钟的静态3-bit ADC行为模型（理想flash式量化器的直流传输特性）;benchmark/reference/v4/release/benchmarkv4-r53/tasks/050-dc-aware-adc3bit/evaluator/solution/dc_aware_adc3bit.va	重写公开验收合同与独立checker，按实际工程动作改编，不原样承接旧三形态。;r51认证报告（RUST_EVAS2_CERTIFICATION.json，trace_row_count=1336）未在资产中提供，gold通过与5-mutant全杀声明无法静态复核。	runs/v4-audit-20261010-r3/families/050/review.json	false	accepted_draft	91a4bd3b51d0ef2a43d2e68d2825433a71bef6b1d70afc780e613e388f8506da
051	051-latched-bus-dac8	转换器与采样	DAC与码电平重构	reserve_candidate	not_selected	spec-modeling	8位并行总线输入、时钟上升沿锁存的电压输出DAC行为级Verilog-A模型。先用002等少量DAC代表串联SAR/流水线信号路径；该码权或接口变体留作可替换素材，功能相近不等于重复字节或坏题。	8位并行总线输入、时钟上升沿锁存的电压输出DAC行为级Verilog-A模型;benchmark/reference/v4/release/benchmarkv4-r53/tasks/051-latched-bus-dac8/evaluator/solution/latched_bus_dac8.va	重写公开验收合同与独立checker，按实际工程动作改编，不原样承接旧三形态。;参考TB单deck是否实际5/5判死无直接认证（neg_003–005认证基于score deck），需一次回放确认。	runs/v4-audit-20261010-r3/families/051/review.json	false	accepted_draft	c0e3c07441c44e6ebcc2ad2d6d6ae2ea77b9d186ce0df6b913f5a11c9d5bd8a9
052	052-thermometer-bus-encoder	转换器与采样	ADC量化与转换流程	support_component	not_selected	spec-modeling	电压域16段温度计总线编码器。已有186控制和003残差优先代表；此量化/译码结构先保留，待系统边界及新增转换架构工作单元确定。本轮先用作工程配套部件，该归属不否定其独立功能。	电压域16段温度计总线编码器;benchmark/reference/v4/release/benchmarkv4-r53/tasks/052-thermometer-bus-encoder/evaluator/solution/thermometer_bus_encoder.va	重写公开验收合同与独立checker，按实际工程动作改编，不原样承接旧三形态。;neg_005名round_to_nearest所指的旧变体字节是否存在于更早快照需查主源；r53现字节为vh=0.3。;当前提议是按规格建立或补缺部件；若另出扩展题，须先建立健康工程，明确新增能力并同时验收原行为。	runs/v4-audit-20261010-r3/families/052/review.json	false	accepted_draft	714226072d03b42f1c866ad1b615c2ec4e06aa850fdf789ffcb421f01ec149e4
053	053-slew-rate-dac4	转换器与采样	DAC与码电平重构	reserve_candidate	not_selected	spec-modeling	4位电压域二进制加权DAC行为模型加对称压摆受限输出级。先用002等少量DAC代表串联SAR/流水线信号路径；该码权或接口变体留作可替换素材，功能相近不等于重复字节或坏题。	4位电压域二进制加权DAC行为模型加对称压摆受限输出级;benchmark/reference/v4/release/benchmarkv4-r53/tasks/053-slew-rate-dac4/evaluator/solution/slew_rate_dac4.va	重写公开验收合同与独立checker，按实际工程动作改编，不原样承接旧三形态。;r53改选bugfix seed为neg_005是否经有意决策（policy_reviewed）还是provenance快照未同步，需策展方确认。	runs/v4-audit-20261010-r3/families/053/review.json	false	accepted_draft	9b5bcf8b2aeed85a4e93fb26e73ef3ff76e17bcfa1a35a87e69ac1beacf65957
054	054-correlated-double-sampler	转换器与采样	采样保持	reserve_candidate	not_selected	spec-modeling	两相相关双采样（CDS）行为模型。已有024基础代表；有限建立、下垂或多通道可在采样方向细化后扩展，先不批量增加同方向题量。	两相相关双采样（CDS）行为模型;benchmark/reference/v4/release/benchmarkv4-r53/tasks/054-correlated-double-sampler/evaluator/solution/correlated_double_sampler.va	重写公开验收合同与独立checker，按实际工程动作改编，不原样承接旧三形态。;r51 认证（trace 1219 行、5/5 killed_behaviorally）本轮未复跑，历史通过不能证明新验收可靠。	runs/v4-audit-20261010-r3/families/054/review.json	false	accepted_draft	f2ac0689c587e28dc1ef0ff3bf897ec5e136002282503ea39c32df19832c79ef
055	055-first-order-sigma-delta-modulator	转换器与采样	ADC量化与转换流程	priority_seed	first	spec-modeling	单模块内确有acc累加、1bit量化与上一判决负反馈，优先作为先做的基础ΣΔ架构；350先留系统拓展素材，不机械派生旧三形态。	一阶 sigma-delta 调制器核（离散积分器 + 1bit 量化 + 单位反馈）的事件驱动行为级 Verilog-A;benchmark/reference/v4/release/benchmarkv4-r53/tasks/055-first-order-sigma-delta-modulator/evaluator/solution/first_order_sigma_delta_modulator.va	重写公开验收合同与独立checker，按实际工程动作改编，不原样承接旧三形态。;明确acc和bit初态、输入有效范围与过载行为；用公开递推和有限窗口密度验收替代定性有界/密度排序。;重标故障的真实语义，先只做规格建模；系统集成和噪声整形性能另建合同，350作为拓展素材。	runs/v4-audit-20261010-r3/families/055/review.json;benchmark/reference/v4/release/benchmarkv4-r53/tasks/055-first-order-sigma-delta-modulator/evaluator/solution/first_order_sigma_delta_modulator.va;benchmark/reference/v4/release/benchmarkv4-r53/tasks/055-first-order-sigma-delta-modulator/evaluator/score_tb.scs	true	accepted_draft	877e446d577b76c8c81764a3449485a20f5d67b636a82d4a92a0753aaaf5888c
056	056-config-latch-32b-clocked	测量与测试激励	数据通路与配置辅助	support_component	not_selected	spec-modeling	资产支撑的电路是32位电压域组合使能门阵列。先服务SAR/流水线/前端工程集成；该选择、配置或重定时原语不优先独立成题，仍可考VA接口与状态协作。本轮先用作工程配套部件，该归属不否定其独立功能。	资产支撑的电路是32位电压域组合使能门阵列;benchmark/reference/v4/release/benchmarkv4-r53/tasks/056-config-latch-32b-clocked/evaluator/solution/config_latch_32b.va	重写公开验收合同与独立checker，按实际工程动作改编，不原样承接旧三形态。;r53 将全部5个 mutant 纳入 556 私有评分，与 provenance 快照（3 私有+1 公开反馈）不同：是有意换集还是渲染差异，需查 r45/r51 中间记录。;当前提议是按规格建立或补缺部件；若另出扩展题，须先建立健康工程，明确新增能力并同时验收原行为。	runs/v4-audit-20261010-r3/families/056/review.json	false	accepted_draft	7462bac05646d4fbff208f5db5d527ec2a7a78d237a7e780c11852b2ed88c0d2
057	057-config-shift-register-64b	测量与测试激励	数据通路与配置辅助	support_component	not_selected	spec-modeling	64 位串入并出（SIPO）移位寄存器的行为级 Verilog-A 模型。先服务SAR/流水线/前端工程集成；该选择、配置或重定时原语不优先独立成题，仍可考VA接口与状态协作。本轮先用作工程配套部件，该归属不否定其独立功能。	64 位串入并出（SIPO）移位寄存器的行为级 Verilog-A 模型;benchmark/reference/v4/release/benchmarkv4-r53/tasks/057-config-shift-register-64b/evaluator/solution/config_shift_reg_64b.va	重写公开验收合同与独立checker，按实际工程动作改编，不原样承接旧三形态。;r51 认证（五负例 killed_behaviorally、trace_row_count=1251、gate2_pass）本轮未复核，迁移时需按新验收标准重跑。;当前提议是按规格建立或补缺部件；若另出扩展题，须先建立健康工程，明确新增能力并同时验收原行为。	runs/v4-audit-20261010-r3/families/057/review.json	false	accepted_draft	7a6570fe054f7487aa3a734ec72b64679e3f67ae62de1e06469fefce23e9363c
058	058-masked-config-update-32b	测量与测试激励	数据通路与配置辅助	support_component	not_selected	spec-modeling	32位电压编码组合掩码选择器（逐位2:1 mux）。先服务SAR/流水线/前端工程集成；该选择、配置或重定时原语不优先独立成题，仍可考VA接口与状态协作。本轮先用作工程配套部件，该归属不否定其独立功能。	32位电压编码组合掩码选择器（逐位2:1 mux）;benchmark/reference/v4/release/benchmarkv4-r53/tasks/058-masked-config-update-32b/evaluator/solution/masked_config_update_32b.va	重写公开验收合同与独立checker，按实际工程动作改编，不原样承接旧三形态。;私有oracle对各属性的具体实现（P_ZERO_MASK_IDENTITY按位还是整词判定、采样窗选取、数值容差）不可见，F3的归因结论需以oracle实现或独立仿真复核。;当前提议是按规格建立或补缺部件；若另出扩展题，须先建立健康工程，明确新增能力并同时验收原行为。	runs/v4-audit-20261010-r3/families/058/review.json	false	accepted_draft	934655faf0e01cb43f68d6e1b3275a8cf6d703e33c5fcd2ece1e3c2e856f3602
059	059-edge-interval-tdc-8b	测量与测试激励	时钟PLL与相位检测	reserve_candidate	not_selected	testing-characterization	起止沿间隔测量模块（行为级 start-stop TDC / 测试台测量效用）。先覆盖001方向判决与060时钟测量；此分频/锁定/时间差能力留作系统配套或后续独立方向。	起止沿间隔测量模块（行为级 start-stop TDC / 测试台测量效用）;benchmark/reference/v4/release/benchmarkv4-r53/tasks/059-edge-interval-tdc-8b/evaluator/solution/edge_interval_tdc_8b.va	重写公开验收合同与独立checker，按实际工程动作改编，不原样承接旧三形态。;cross() 插值时刻在 0.1ns 边沿、maxstep=100p 下是否数值上精确落在 +0.05n，影响整 ns 间隔与平局判定的实际取值。	runs/v4-audit-20261010-r3/families/059/review.json	false	accepted_draft	1e52dee6324eed23e571c6a3645d40c50d345c4c3c49fae3b57d71f6f1ee2823
060	060-duty-cycle-meter-8b	测量与测试激励	时钟PLL与相位检测	priority_seed	first	testing-characterization	直接在仿真内捕获升降沿并计算占空比，保留时钟测量代表，离线可算不影响其价值。	电压域事件驱动占空比测量表头;benchmark/reference/v4/release/benchmarkv4-r53/tasks/060-duty-cycle-meter-8b/evaluator/solution/duty_cycle_meter_8b.va	重写公开验收合同与独立checker，按实际工程动作改编，不原样承接旧三形态。;r51 认证报告（evidence/r51/RUST_EVAS2_CERTIFICATION.json）不在本资产集内，1527 行 trace 的判定细节无法核对。	runs/v4-audit-20261010-r3/families/060/review.json;benchmark/reference/v4/release/benchmarkv4-r53/tasks/060-duty-cycle-meter-8b/evaluator/solution/duty_cycle_meter_8b.va	true	accepted_draft	da3c835fcc8ffae7b61c1519b62350e6d8101f2ceddc3bd312da0479956e9cf5
061	061-event-counter-windowed-16b	测量与测试激励	在线测量与表征	reserve_candidate	not_selected	testing-characterization	电压域行为级门控窗口事件计数器。先覆盖060、074、093、111的占空比/RMS/增益/滞回；此额外指标仍有仿真内测量价值，待测量定义与应用场景确定后扩展。	电压域行为级门控窗口事件计数器;benchmark/reference/v4/release/benchmarkv4-r53/tasks/061-event-counter-windowed-16b/evaluator/solution/event_counter_windowed_16b.va	重写公开验收合同与独立checker，按实际工程动作改编，不原样承接旧三形态。;r53 score deck 与公开 deck 'identical semantics' 仅有 harness_spec 注释与空 deck_overrides 支撑，最终 trusted replay 未独立复跑。	runs/v4-audit-20261010-r3/families/061/review.json	false	accepted_draft	85fa083043a469058754e40a8746f261a832dc94f97f5dd12675bdde40f26218
062	062-latency-counter-ready-valid-12b	测量与测试激励	在线测量与表征	reserve_candidate	not_selected	testing-characterization	时钟域握手延迟测量仪器。先覆盖060、074、093、111的占空比/RMS/增益/滞回；此额外指标仍有仿真内测量价值，待测量定义与应用场景确定后扩展。	时钟域握手延迟测量仪器;benchmark/reference/v4/release/benchmarkv4-r53/tasks/062-latency-counter-ready-valid-12b/evaluator/solution/ready_valid_latency_counter_12b.va	重写公开验收合同与独立checker，按实际工程动作改编，不原样承接旧三形态。;062 公开 visible_test.scs（仅 include 路径不同）能否在 562 评分器下直接拿满信用，需实际运行确认。	runs/v4-audit-20261010-r3/families/062/review.json	false	accepted_draft	7f9502bccba4f414d42cb6574971cc0a58734fad19cacc41991471e1776bb248
063	063-settling-window-detector	测量与测试激励	在线测量与表征	reserve_candidate	not_selected	testing-characterization	电压域建立窗口检测仪表模块。先覆盖060、074、093、111的占空比/RMS/增益/滞回；此额外指标仍有仿真内测量价值，待测量定义与应用场景确定后扩展。	电压域建立窗口检测仪表模块;benchmark/reference/v4/release/benchmarkv4-r53/tasks/063-settling-window-detector/evaluator/solution/settling_window_detector.va	重写公开验收合同与独立checker，按实际工程动作改编，不原样承接旧三形态。;evas2/Spectre 的 real→integer 转换语义（决定 F1 是否成立，需仿真在 55.1ns 入窗处看 code 为 55 还是 56）。	runs/v4-audit-20261010-r3/families/063/review.json	false	accepted_draft	c99c21d42589028c8b74bb7462311a991d3ecf45f531d90267ac6a35c10a083d
064	064-edge-delay-line-with-deglitch	时钟与PLL	数据通路与配置辅助	support_component	not_selected	spec-modeling	带毛刺过滤的边沿延迟线（deglitch + delay line）。先服务SAR/流水线/前端工程集成；该选择、配置或重定时原语不优先独立成题，仍可考VA接口与状态协作。本轮先用作工程配套部件，该归属不否定其独立功能。	带毛刺过滤的边沿延迟线（deglitch + delay line）;benchmark/reference/v4/release/benchmarkv4-r53/tasks/064-edge-delay-line-with-deglitch/evaluator/solution/edge_delay_line_deglitch.va	重写公开验收合同与独立checker，按实际工程动作改编，不原样承接旧三形态。;认证lane实际激励未公开（trace_row_count 1268与62n/50p=1240的对应关系只是推断），需主源确认。;当前提议是按规格建立或补缺部件；若另出扩展题，须先建立健康工程，明确新增能力并同时验收原行为。	runs/v4-audit-20261010-r3/families/064/review.json	false	accepted_draft	387e89c635e8481ce5b09c46f974b758a063039afbb37242a23ca3d8a98c4615
065	065-enable-gated-clock-pulse	测量与测试激励	数据通路与配置辅助	support_component	not_selected	spec-modeling	电压域行为级时钟使能门。先服务SAR/流水线/前端工程集成；该选择、配置或重定时原语不优先独立成题，仍可考VA接口与状态协作。本轮先用作工程配套部件，该归属不否定其独立功能。	电压域行为级时钟使能门;benchmark/reference/v4/release/benchmarkv4-r53/tasks/065-enable-gated-clock-pulse/evaluator/solution/enable_gated_clock_pulse.va	重写公开验收合同与独立checker，按实际工程动作改编，不原样承接旧三形态。;r53 的 565 可见反馈仅跑 reference DUT，与 provenance v3 分区（neg_002 作为 public feedback mutant）不一致，属历史与当前差异，意图需向库维护者确认。;当前提议是按规格建立或补缺部件；若另出扩展题，须先建立健康工程，明确新增能力并同时验收原行为。	runs/v4-audit-20261010-r3/families/065/review.json	false	accepted_draft	c052fc6d88013a7f3d5ebcd4aac200b220c2346d35d12b95dbf6aed3ba6e39b9
066	066-configurable-polarity-edge-detector	测量与测试激励	激励与测试源	support_component	not_selected	spec-modeling	电压域可选极性边沿鉴询单稳（one-shot）支持模块。先作为已选实验的激励部件；单独源的独立题量待真实协议需求与难度校准，不以旧资产数量决定题量。本轮先用作工程配套部件，该归属不否定其独立功能。	电压域可选极性边沿鉴询单稳（one-shot）支持模块;benchmark/reference/v4/release/benchmarkv4-r53/tasks/066-configurable-polarity-edge-detector/evaluator/solution/configurable_polarity_edge_detector.va	重写公开验收合同与独立checker，按实际工程动作改编，不原样承接旧三形态。;该电路是否源自某个公开 AMS 支持模块库：资产内无原文或出处材料，来源未知。;当前提议是按规格建立或补缺部件；若另出扩展题，须先建立健康工程，明确新增能力并同时验收原行为。	runs/v4-audit-20261010-r3/families/066/review.json	false	accepted_draft	0d1226fa431f211a66e9a68b123d28bf01199f70a5a606361211feacc6f35bef
067	067-adc-static-linearity-monitor	转换器与采样	ADC量化与转换流程	reserve_candidate	not_selected	spec-modeling	采样式3位ADC静态线性度监测模块（BIST式计量辅助）。已有186控制和003残差优先代表；此量化/译码结构先保留，待系统边界及新增转换架构工作单元确定。	采样式3位ADC静态线性度监测模块（BIST式计量辅助）;benchmark/reference/v4/release/benchmarkv4-r53/tasks/067-adc-static-linearity-monitor/evaluator/solution/adc_static_linearity_monitor.va	重写公开验收合同与独立checker，按实际工程动作改编，不原样承接旧三形态。;r53将bugfix种子由neg_001改为neg_002是否有意，需维护方确认（当前按'历史与当前不同'处理）。	runs/v4-audit-20261010-r3/families/067/review.json	false	accepted_draft	866a9cd47c644882d5e00473df646a306ed66997309267f98a8ff682cb42e83b
068	068-multiphase-clock-generator-4ph	测量与测试激励	时钟PLL与相位检测	reserve_candidate	not_selected	spec-modeling	自由运行的四相时钟发生器。先覆盖001方向判决与060时钟测量；此分频/锁定/时间差能力留作系统配套或后续独立方向。	自由运行的四相时钟发生器;benchmark/reference/v4/release/benchmarkv4-r53/tasks/068-multiphase-clock-generator-4ph/evaluator/solution/multiphase_clock_generator_4ph.va	重写公开验收合同与独立checker，按实际工程动作改编，不原样承接旧三形态。;历史 gold（mutation_catalog 的 cf5dbecd…，$abstime 风格）与 r53 参考解（timer 事件风格）仅为手工推演等价，未经本轮仿真比对。	runs/v4-audit-20261010-r3/families/068/review.json	false	accepted_draft	bdf0dc4fc4ff66604ad4fc79bda982335496bf024bf317530d491c20100e75ea
069	069-configurable-pulse-train-generator	测量与测试激励	激励与测试源	support_component	not_selected	spec-modeling	时钟域可编程脉冲序列发生器。先作为已选实验的激励部件；单独源的独立题量待真实协议需求与难度校准，不以旧资产数量决定题量。本轮先用作工程配套部件，该归属不否定其独立功能。	时钟域可编程脉冲序列发生器;benchmark/reference/v4/release/benchmarkv4-r53/tasks/069-configurable-pulse-train-generator/evaluator/solution/configurable_pulse_train.va	重写公开验收合同与独立checker，按实际工程动作改编，不原样承接旧三形态。;该模块在 v3 快照之前的设计来源未知，provenance 仅能追溯到早期快照，不推断原始出处。;当前提议是按规格建立或补缺部件；若另出扩展题，须先建立健康工程，明确新增能力并同时验收原行为。	runs/v4-audit-20261010-r3/families/069/review.json	false	accepted_draft	660b626fb8871b692e1357f220f632ff053d3655214dbe63dbaf3030ad1322c5
070	070-jittered-clock-source-deterministic	测量与测试激励	激励与测试源	support_component	not_selected	spec-modeling	确定性抖动时钟激励源。先作为已选实验的激励部件；单独源的独立题量待真实协议需求与难度校准，不以旧资产数量决定题量。本轮先用作工程配套部件，该归属不否定其独立功能。	确定性抖动时钟激励源;benchmark/reference/v4/release/benchmarkv4-r53/tasks/070-jittered-clock-source-deterministic/evaluator/solution/deterministic_jittered_clock.va	重写公开验收合同与独立checker，按实际工程动作改编，不原样承接旧三形态。;r51 认证（5/5 killed_behaviorally、5614 迹线行、gate2_pass）在新验收口径下的可复现性未证。;当前提议是按规格建立或补缺部件；若另出扩展题，须先建立健康工程，明确新增能力并同时验收原行为。	runs/v4-audit-20261010-r3/families/070/review.json	false	accepted_draft	f9c416a872d666cb5149313e78cf46995633ee4442f6cb412e86b500b67e9805
071	071-acquisition-limited-sample-and-hold	转换器与采样	采样保持	reserve_candidate	not_selected	spec-modeling	有限采集带宽的采样保持（track-and-hold）行为模型。已有024基础代表；有限建立、下垂或多通道可在采样方向细化后扩展，先不批量增加同方向题量。	有限采集带宽的采样保持（track-and-hold）行为模型;benchmark/reference/v4/release/benchmarkv4-r53/tasks/071-acquisition-limited-sample-and-hold/evaluator/solution/acquisition_limited_sample_hold.va	重写公开验收合同与独立checker，按实际工程动作改编，不原样承接旧三形态。;P_ACQUISITION_CONVERGENCE 在移动 vin 段如何条件化（是否仅取恒定 vin 段判定）未知。	runs/v4-audit-20261010-r3/families/071/review.json	false	accepted_draft	53b1247eb27f600b34fda976c2210c7125346b3ab8b1728460b7ab46a931a2cf
072	072-aperture-delay-track-and-hold	转换器与采样	采样保持	reserve_candidate	not_selected	spec-modeling	电压域行为级'带孔径延迟的采样保持'模型。已有024基础代表；有限建立、下垂或多通道可在采样方向细化后扩展，先不批量增加同方向题量。	电压域行为级'带孔径延迟的采样保持'模型;benchmark/reference/v4/release/benchmarkv4-r53/tasks/072-aperture-delay-track-and-hold/evaluator/solution/sample_hold_aperture_ref.va	重写公开验收合同与独立checker，按实际工程动作改编，不原样承接旧三形态。;原电路出处与作者意图仅有哈希级 provenance，无外部原文，来源未知。	runs/v4-audit-20261010-r3/families/072/review.json	false	accepted_draft	941cc39432fda723987b996871133d06ea4fdbade44c0a7c1c91d3a509e83670
073	073-bias-voltage-generator-with-enable-trim	电源、基准与保护	电源基准与复位资格	reserve_candidate	not_selected	spec-modeling	钟控行为级偏置基准。先覆盖005去抖和046供电资格链；此启动或参考响应保留作电源扩展，先不以宏模型命名承诺完整稳压性能。	钟控行为级偏置基准;benchmark/reference/v4/release/benchmarkv4-r53/tasks/073-bias-voltage-generator-with-enable-trim/evaluator/solution/bias_voltage_generator_with_enable_trim.va	重写公开验收合同与独立checker，按实际工程动作改编，不原样承接旧三形态。;私有 oracle 的判定窗与容差不可见：少沿数激励或不同 tr 下 neg_003 的击杀裕度无法静态确认。	runs/v4-audit-20261010-r3/families/073/review.json	false	accepted_draft	500bc34b10a256f873f7149e63f5e4ab7f69049442380ab50d9236b3c2fdfe6b
074	074-sampled-true-rms-to-dc-converter	放大、滤波与基带调理	在线测量与表征	priority_seed	first	testing-characterization	四次有效差分采样平方累积再开方，优先作RMS测量代表；必须明示离散四点窗口而非任意波形连续真RMS。	采样型真 RMS-DC 变换核心;benchmark/reference/v4/release/benchmarkv4-r53/tasks/074-sampled-true-rms-to-dc-converter/evaluator/solution/sampled_true_rms_to_dc.va	重写公开验收合同与独立checker，按实际工程动作改编，不原样承接旧三形态。;原电路来源未知：被替换的旧功能 Crossing Metric Writer 及任何原工程原文均未提供，无法核对接换理由之外的历史。;按应用定义测量窗口、使能暂停和无结果状态；不把四离散样本泛化为连续积分RMS。	runs/v4-audit-20261010-r3/families/074/review.json;benchmark/reference/v4/release/benchmarkv4-r53/tasks/074-sampled-true-rms-to-dc-converter/evaluator/solution/sampled_true_rms_to_dc.va	true	accepted_draft	7b6794a678660e1de9816f67a054b7ada8f48b703ff6e047238ca62c1dcfab04
075	075-peak-detector	测量与测试激励	在线测量与表征	reserve_candidate	not_selected	testing-characterization	采样式可复位峰值保持（max-hold）测量模块。先覆盖060、074、093、111的占空比/RMS/增益/滞回；此额外指标仍有仿真内测量价值，待测量定义与应用场景确定后扩展。	采样式可复位峰值保持（max-hold）测量模块;benchmark/reference/v4/release/benchmarkv4-r53/tasks/075-peak-detector/evaluator/solution/peak_detector.va	重写公开验收合同与独立checker，按实际工程动作改编，不原样承接旧三形态。;TB oracle 从 trace 到 kill 结论的具体规则（比较对象、容差、窗口）不可见，无法静态评估各负例的杀掉稳定性。	runs/v4-audit-20261010-r3/families/075/review.json	false	accepted_draft	6e18bf314053b07d85bfc120c3b0d125f6fc02b9e3637be35463609a47a22cc0
076	076-burst-clock-source	测量与测试激励	时钟PLL与相位检测	support_component	not_selected	spec-modeling	带同步复位的突发时钟门控源。先覆盖完整Alexander新方向与060时钟测量；此分频/锁定/时间差能力留作系统配套或后续独立方向。本轮先用作工程配套部件，该归属不否定其独立功能。	带同步复位的突发时钟门控源;benchmark/reference/v4/release/benchmarkv4-r53/tasks/076-burst-clock-source/evaluator/solution/clk_burst_gen.va	重写公开验收合同与独立checker，按实际工程动作改编，不原样承接旧三形态。;score_tb.scs 注释指标 hi_frac/rising_edges 的阈值定义未知，静态上无法判定其能否区分 neg_005（若 hi_frac 以低阈值计则区分不了）。;当前提议是按规格建立或补缺部件；若另出扩展题，须先建立健康工程，明确新增能力并同时验收原行为。	runs/v4-audit-20261010-r3/families/076/review.json	false	accepted_draft	16d306d1086e2b47ebe95ffd601a7d9a65da8134deb520953d9deeea59b21f43
077	077-dither-noise-like-deterministic-source	测量与测试激励	激励与测试源	support_component	not_selected	spec-modeling	电压域行为级 dither 激励源。先作为已选实验的激励部件；单独源的独立题量待真实协议需求与难度校准，不以旧资产数量决定题量。本轮先用作工程配套部件，该归属不否定其独立功能。	电压域行为级 dither 激励源;benchmark/reference/v4/release/benchmarkv4-r53/tasks/077-dither-noise-like-deterministic-source/evaluator/solution/noise_gen_ref.va	重写公开验收合同与独立checker，按实际工程动作改编，不原样承接旧三形态。;原电路出处与作者意图（dither 面向何种 bench）无原文可查，来源未知；r51 认证报告与 r53 换 seed 的决策记录不可得。;当前提议是按规格建立或补缺部件；若另出扩展题，须先建立健康工程，明确新增能力并同时验收原行为。	runs/v4-audit-20261010-r3/families/077/review.json	false	accepted_draft	1d0846608f6ff369da5adda4e34537f0253e2214a85292143a6264488bc32e15
078	078-lfsr-prbs-generator	测量与测试激励	激励与测试源	support_component	not_selected	spec-modeling	7位Fibonacci LFSR构成的PRBS-7码型发生器。先作为已选实验的激励部件；单独源的独立题量待真实协议需求与难度校准，不以旧资产数量决定题量。本轮先用作工程配套部件，该归属不否定其独立功能。	7位Fibonacci LFSR构成的PRBS-7码型发生器;benchmark/reference/v4/release/benchmarkv4-r53/tasks/078-lfsr-prbs-generator/evaluator/solution/prbs7_ref.va	重写公开验收合同与独立checker，按实际工程动作改编，不原样承接旧三形态。;mutation catalog中negative_variants/*/certification.json证据文件未提供，六条killed_behaviorally声明无法静态复核。;当前提议是按规格建立或补缺部件；若另出扩展题，须先建立健康工程，明确新增能力并同时验收原行为。	runs/v4-audit-20261010-r3/families/078/review.json	false	accepted_draft	e72a5134cba581247adbfc5614af84393939fba8878b1c8cf7d7ab19bbf2a144
079	079-ramp-step-source	测量与测试激励	激励与测试源	support_component	not_selected	spec-modeling	轨相对周期性激励源。先作为已选实验的激励部件；单独源的独立题量待真实协议需求与难度校准，不以旧资产数量决定题量。本轮先用作工程配套部件，该归属不否定其独立功能。	轨相对周期性激励源;benchmark/reference/v4/release/benchmarkv4-r53/tasks/079-ramp-step-source/evaluator/solution/bound_step_period_guard_ref.va	重写公开验收合同与独立checker，按实际工程动作改编，不原样承接旧三形态。;该 ramp+guard 激励源的原始工程出处（是否来自某 ADC 测试台或开关电容设计）缺原文，未知。;当前提议是按规格建立或补缺部件；若另出扩展题，须先建立健康工程，明确新增能力并同时验收原行为。	runs/v4-audit-20261010-r3/families/079/review.json	false	accepted_draft	03d6f285d95c185cd641d01c31a6d1878d9d9e705df9e37a613417128e86c00c
080	080-sine-periodic-voltage-source	测量与测试激励	激励与测试源	support_component	not_selected	spec-modeling	确定性三音正弦电压刺激源。先作为已选实验的激励部件；单独源的独立题量待真实协议需求与难度校准，不以旧资产数量决定题量。本轮先用作工程配套部件，该归属不否定其独立功能。	确定性三音正弦电压刺激源;benchmark/reference/v4/release/benchmarkv4-r53/tasks/080-sine-periodic-voltage-source/evaluator/solution/multitone.va	重写公开验收合同与独立checker，按实际工程动作改编，不原样承接旧三形态。;mutation catalog 中各 neg 的 killed_behaviorally 认证来自 r51 历史快照，r53 是否重跑、以及 r53 沿用该负例集是否有意，均未知。;当前提议是按规格建立或补缺部件；若另出扩展题，须先建立健康工程，明确新增能力并同时验收原行为。	runs/v4-audit-20261010-r3/families/080/review.json	false	accepted_draft	bc506eb90425b53b3bcc69335e0faca19c2b0419642d9ead0dfcf457173a9a6b
081	081-adpll-ratio-hop-timer	时钟与PLL	时钟PLL与相位检测	reserve_candidate	not_selected	spec-modeling	行为级 ADPLL/频率锁定时钟环。先覆盖001方向判决与060时钟测量；此分频/锁定/时间差能力留作系统配套或后续独立方向。	行为级 ADPLL/频率锁定时钟环;benchmark/reference/v4/release/benchmarkv4-r53/tasks/081-adpll-ratio-hop-timer/evaluator/solution/adpll_ratio_hop_ref.va	重写公开验收合同与独立checker，按实际工程动作改编，不原样承接旧三形态。;neg_004 目录声称 reset_semantics_error 但未见对应代码差异：需生成器源码或 r51 认证证据确认是否有意为之。	runs/v4-audit-20261010-r3/families/081/review.json	false	accepted_draft	8bfa94eff7c24c686a4d7fce304b59d0d102a3a8f500ee56c30b9ee01e316d49
082	082-agc-receiver-leveling-loop	RF与I/Q	放大滤波与精密前端	priority_seed	first	spec-modeling;testing-characterization	输出幅值实际更新下一拍增益，作为AGC信号与控制反馈代表；需先定清增益状态时序。	电压域钟控 AGC 电平环行为宏模型;benchmark/reference/v4/release/benchmarkv4-r53/tasks/082-agc-receiver-leveling-loop/evaluator/solution/agc_receiver_leveling_loop.va	重写公开验收合同与独立checker，按实际工程动作改编，不原样承接旧三形态。;provenance/dut-base-v3-exact-five-hash-bound-v2 目录在正式评测中是否对候选可见：若可见，TB 的五个“匿名”负例与 bugfix seed 提前泄露。	runs/v4-audit-20261010-r3/families/082/review.json;benchmark/reference/v4/release/benchmarkv4-r53/tasks/082-agc-receiver-leveling-loop/evaluator/solution/agc_receiver_leveling_loop.va	true	accepted_draft	cf91cc8b036f0dbe8098a29120f01414872c610f93679a127877cb3505fc9dc8
083	083-amplifier-filter-chain	放大、滤波与基带调理	放大滤波与精密前端	reserve_candidate	not_selected	spec-modeling	采样型基带调理链。先覆盖038增益选择、082增益恢复和091失调抑制；此静态传输或离散滤波保留作前端配套或后续扩展。	采样型基带调理链;benchmark/reference/v4/release/benchmarkv4-r53/tasks/083-amplifier-filter-chain/evaluator/solution/amplifier_filter_chain.va	重写公开验收合同与独立checker，按实际工程动作改编，不原样承接旧三形态。;manifest 引用的 negative_variants/*/certification.json 与 gold_bundle（836304f6…）字节不在资产内；负例生成器是否以含 0.42 的中间基线批量生成（导致共享定标）需查生成器源码或历史。	runs/v4-audit-20261010-r3/families/083/review.json	false	accepted_draft	6744163bae7476efefb275669b1ca5e781e83a0fd1e94b5aa8c87a787cb0093c
084	084-bbpd-data-edge-alignment	时钟与PLL	时钟PLL与相位检测	reserve_candidate	not_selected	spec-modeling	bang-bang 相位检测器（BBPD）前端，属时钟数据恢复/相位对齐电路的标准构件。先覆盖001方向判决与060时钟测量；此分频/锁定/时间差能力留作系统配套或后续独立方向。	bang-bang 相位检测器（BBPD）前端，属时钟数据恢复/相位对齐电路的标准构件;benchmark/reference/v4/release/benchmarkv4-r53/tasks/084-bbpd-data-edge-alignment/evaluator/solution/bbpd_data_edge_alignment_ref.va	重写公开验收合同与独立checker，按实际工程动作改编，不原样承接旧三形态。;vth 偏移在候选自设边界激励（过渡置于约 0.8n±10ps 处）下能否被击杀需仿真确认；本轮仅静态推算约 7ps 交点平移不改变分类。	runs/v4-audit-20261010-r3/families/084/review.json	false	accepted_draft	1404ab92ae954c330d8e21d9db22511ea7886107637228dc56e9a4111253b479
085	085-comparator-offset-search	比较器与判决	比较器与判决	reserve_candidate	not_selected	testing-characterization	比较器正交越时捕获输入与差分阈值有被动测量用途；相较111已有滞回表征和109响应搜索先留阈值捕获备选。只有改成主动未知失调搜索题才须补激励控制与DUT反馈，不因现无搜索流程淘汰被动测量。	差分电压比较器判定加单次采样测量伴侣;benchmark/reference/v4/release/benchmarkv4-r53/tasks/085-comparator-offset-search/evaluator/solution/comparator_offset_search_ref.va	重写公开验收合同与独立checker，按实际工程动作改编，不原样承接旧三形态。;定义首次锁存或每次重采的阈值捕获规则；主动搜索扩展另补激励和未知DUT。	runs/v4-audit-20261010-r3/families/085/review.json;benchmark/reference/v4/release/benchmarkv4-r53/tasks/085-comparator-offset-search/evaluator/solution/comparator_offset_search_ref.va	true	accepted_draft	354925f9e5a90f0309d8287ba4cfb720d3c93de771eb1e21a14d88c228d7d416
086	086-complete-calibration-loop	校准与修调	校准与修调	reserve_candidate	not_selected	spec-modeling	电压域、clk 上升沿采样的离散校准环。先用109真实响应搜索和183逐位控制作代表；该修调状态律保留为替代或补模块，先不把PWL判决当校准闭环。	电压域、clk 上升沿采样的离散校准环;benchmark/reference/v4/release/benchmarkv4-r53/tasks/086-complete-calibration-loop/evaluator/solution/complete_calibration_loop.va	重写公开验收合同与独立checker，按实际工程动作改编，不原样承接旧三形态。;F2 角落差异需参数/激励扫描定量验证（如 vin 在 0.05 与 0.78 间切换使 trim 触上界后残差夹紧生效）。	runs/v4-audit-20261010-r3/families/086/review.json	false	accepted_draft	c8039342ab16b808563e9cdc0dedc752a094815121dc7caea530cb9ed1574e56
087	087-converter-static-linearity-measurement	转换器与采样	ADC量化与转换流程	reserve_candidate	not_selected	spec-modeling	4-bit ADC 斜坡静态线性测试流的行为级模型。已有186控制和003残差优先代表；此量化/译码结构先保留，待系统边界及新增转换架构工作单元确定。	4-bit ADC 斜坡静态线性测试流的行为级模型;benchmark/reference/v4/release/benchmarkv4-r53/tasks/087-converter-static-linearity-measurement/evaluator/solution/converter_static_linearity_measurement_flow.va	重写公开验收合同与独立checker，按实际工程动作改编，不原样承接旧三形态。;mutant 共同的 0.42 缩放是否继承自旧版 gold 实现，需比对历史快照源码。	runs/v4-audit-20261010-r3/families/087/review.json	false	accepted_draft	fbe9152f0c5adce034550ce174ef772699342119e822b18a53d5e45995663e12
088	088-cppll-tracking-reacquire-timer	时钟与PLL	时钟PLL与相位检测	reserve_candidate	not_selected	spec-modeling	采样型行为锁相环。先覆盖001方向判决与060时钟测量；此分频/锁定/时间差能力留作系统配套或后续独立方向。	采样型行为锁相环;benchmark/reference/v4/release/benchmarkv4-r53/tasks/088-cppll-tracking-reacquire-timer/evaluator/solution/cppll_timer_ref.va;benchmark/reference/v4/release/benchmarkv4-r53/tasks/088-cppll-tracking-reacquire-timer/evaluator/solution/ref_step_clk.va	重写公开验收合同与独立checker，按实际工程动作改编，不原样承接旧三形态。;阶跃后积分需累积约 0.108V（ki=8e4、每周期约零点几 mV），再入锁是否落在 stop=6us 内、掉锁是否真实发生，需仿真确认（F5）。	runs/v4-audit-20261010-r3/families/088/review.json	false	accepted_draft	02d2bf16ac8b5cbe3fdae20a394db4f93cfd8a87bb697a74ba4338f528f6bafd
089	089-edge-crossing-interval-timer	测量与测试激励	时钟PLL与相位检测	reserve_candidate	not_selected	testing-characterization	行为级边沿间隔测量单元（start-stop 时间间隔计/TDC 读出行为）。先覆盖001方向判决与060时钟测量；此分频/锁定/时间差能力留作系统配套或后续独立方向。	行为级边沿间隔测量单元（start-stop 时间间隔计/TDC 读出行为）;benchmark/reference/v4/release/benchmarkv4-r53/tasks/089-edge-crossing-interval-timer/evaluator/solution/cross_interval_163p333_ref.va	重写公开验收合同与独立checker，按实际工程动作改编，不原样承接旧三形态。;neg_002 在本 deck 下是否真被约 13.3ps 的 seen_out 时移行为击杀（历史认证称 pass），需仿真复现；其 delay_out 终值与参考相同。	runs/v4-audit-20261010-r3/families/089/review.json	false	accepted_draft	9f68076104e3c233e1554690655dd6a4e04707747571079373d4c08299605fae
090	090-dither-adder	测量与测试激励	RF与I/Q	reserve_candidate	not_selected	spec-modeling	差分抖动注入行为块。本批先补精密前端与转换功能；此频率转换/幅值调理保留RF候选，领域抽象和验收需另行细化，合法VA不因后端限制被淘汰。	差分抖动注入行为块;benchmark/reference/v4/release/benchmarkv4-r53/tasks/090-dither-adder/evaluator/solution/dither_adder.va	重写公开验收合同与独立checker，按实际工程动作改编，不原样承接旧三形态。;原电路与 v3_099 上游工程原文缺失，DITHER_AMP 默认 0.014063V 的出处未知，需主源或电路专家确认	runs/v4-audit-20261010-r3/families/090/review.json	false	accepted_draft	615e0998b99af5e34dd7293c33cd4447d0be88ae37fa5e2f913ac9948f8edc72
091	091-chopper-stabilized-differential-amplifier	放大、滤波与基带调理	放大滤波与精密前端	priority_seed	first	spec-modeling;testing-characterization	调制、常量失调注入、同步解调及低通路径存在，作为精密前端多模块代表，不宣称1/f噪声抑制已有证据。	事件驱动行为级斩波稳零差分放大器;benchmark/reference/v4/release/benchmarkv4-r53/tasks/091-chopper-stabilized-differential-amplifier/evaluator/solution/chopper_stabilized_differential_amplifier.va;benchmark/reference/v4/release/benchmarkv4-r53/tasks/091-chopper-stabilized-differential-amplifier/evaluator/solution/chopper_gain_core.va;benchmark/reference/v4/release/benchmarkv4-r53/tasks/091-chopper-stabilized-differential-amplifier/evaluator/solution/synchronous_lp_state.va	重写公开验收合同与独立checker，按实际工程动作改编，不原样承接旧三形态。;cross() 事件时刻 V(chop_clk)>vth 的实际符号在 Spectre/evas2 下如何取值需仿真确认（F2 的实际影响面）;保留常量失调抑制合同；若增加噪声性能需另补噪声模型与依据。;当前提议是按规格建立或补缺部件；若另出扩展题，须先建立健康工程，明确新增能力并同时验收原行为。	runs/v4-audit-20261010-r3/families/091/review.json;benchmark/reference/v4/release/benchmarkv4-r53/tasks/091-chopper-stabilized-differential-amplifier/evaluator/solution/chopper_stabilized_differential_amplifier.va;benchmark/reference/v4/release/benchmarkv4-r53/tasks/091-chopper-stabilized-differential-amplifier/evaluator/solution/chopper_gain_core.va;benchmark/reference/v4/release/benchmarkv4-r53/tasks/091-chopper-stabilized-differential-amplifier/evaluator/solution/synchronous_lp_state.va	true	accepted_draft	bd69c225c2656f4b834e729bde4a7c14588f5ef5a935e748b2337d7dd7b16de7
092	092-fixed-gain-amplifier	测量与测试激励	放大滤波与精密前端	reserve_candidate	not_selected	spec-modeling	固定增益差分放大器的理想行为宏模型。先覆盖038增益选择、082增益恢复和091失调抑制；此静态传输或离散滤波保留作前端配套或后续扩展。	固定增益差分放大器的理想行为宏模型;benchmark/reference/v4/release/benchmarkv4-r53/tasks/092-fixed-gain-amplifier/evaluator/solution/gain_amp_fixed.va	重写公开验收合同与独立checker，按实际工程动作改编，不原样承接旧三形态。;neg_005换seed是否为r53有意决策：score_policy标policy_reviewed但资产内无变更记录。	runs/v4-audit-20261010-r3/families/092/review.json	false	accepted_draft	2367b88c395faf131177ec8e095a06d9a688c1d239aef05d3199d2b31b71c083
093	093-gain-estimator	测量与测试激励	在线测量与表征	priority_seed	first	testing-characterization	可交付随电路运行的峰峰值增益仪表，优先保留该测量功能；旧输入输出是独立源，接真实放大器需另补。	gain_estimator 是一个纯电压域差分增益测量辅助模块;benchmark/reference/v4/release/benchmarkv4-r53/tasks/093-gain-estimator/evaluator/solution/gain_estimator.va	重写公开验收合同与独立checker，按实际工程动作改编，不原样承接旧三形态。;harness_spec 记录的 family_spec_sha256（f4814c60…）与实际 family_spec（f37d5217…）不一致的原因：是规范序列化取哈希还是渲染陈旧，需查生成脚本。;用被测放大器替换独立输出源，公开峰峰值测量窗口及有效输入范围。	runs/v4-audit-20261010-r3/families/093/review.json;benchmark/reference/v4/release/benchmarkv4-r53/tasks/093-gain-estimator/evaluator/solution/gain_estimator.va	true	accepted_draft	898bfad1c0982306192475955b29cf28b7e0937cff8567a5359866f693d16418
094	094-iq-downconversion-chain	RF与I/Q	RF与I/Q	reserve_candidate	not_selected	spec-modeling	四态正交相位驱动采样I/Q混频与低通状态，具有频率转换信号路径；本批先补038/082/091前端，I/Q方向保留待领域抽象与频谱判据细化，不能据此宣称RF噪声性能。	时钟驱动的采样数据 I/Q 下变频链行为宏模型;benchmark/reference/v4/release/benchmarkv4-r53/tasks/094-iq-downconversion-chain/evaluator/solution/iq_downconversion_chain.va	重写公开验收合同与独立checker，按实际工程动作改编，不原样承接旧三形态。;vth=0.57 单独（无 0.42 缩放）在何种激励下可行为区分需仿真确认；本结论来自对固定 deck 判决点的静态推演。	runs/v4-audit-20261010-r3/families/094/review.json	false	accepted_draft	4768578c0cea1413c49400e39f60f9d14a793113cb0e7de020fd24e8ae4e32e5
095	095-ldo-load-step-recovery	电源、基准与保护	电源基准与复位资格	reserve_candidate	not_selected	spec-modeling	编码负载触发阶跃并一阶恢复是合法行为宏，理想规格建模可保留；恢复系数与跌落幅度当前是预设常量，缺真实器件表征和校准依据，相较已有真实LDO启动来源先作恢复方向备选。ctrl_mon未参与输出更新，不能直接用作已成立稳压控制回路。	事件驱动采样行为模型;benchmark/reference/v4/release/benchmarkv4-r53/tasks/095-ldo-load-step-recovery/evaluator/solution/ldo_load_step_recovery_flow.va	重写公开验收合同与独立checker，按实际工程动作改编，不原样承接旧三形态。;真实LDO恢复题需补器件或表征数据及参数校准；理想离散响应题明示有限宏模型合同。	runs/v4-audit-20261010-r3/families/095/review.json;benchmark/reference/v4/release/benchmarkv4-r53/tasks/095-ldo-load-step-recovery/evaluator/solution/ldo_load_step_recovery_flow.va;benchmark/reference/v4/release/benchmarkv4-r53/tasks/095-ldo-load-step-recovery/evaluator/score_tb.scs	true	accepted_draft	ebf9f2a9af2abd4d76950f917257c471fd37992e24ce17d272ea82eb5eb38a93
096	096-pipeline-adc-chain-4b	转换器与采样	ADC量化与转换流程	reserve_candidate	not_selected	spec-modeling	理想两级 2bit/级流水 ADC 残差链行为模型。已有186控制和003残差优先代表；此量化/译码结构先保留，待系统边界及新增转换架构工作单元确定。	理想两级 2bit/级流水 ADC 残差链行为模型;benchmark/reference/v4/release/benchmarkv4-r53/tasks/096-pipeline-adc-chain-4b/evaluator/solution/pipeline_adc_chain_4b.va	重写公开验收合同与独立checker，按实际工程动作改编，不原样承接旧三形态。;r51 认证中 neg_004 复位标签与字节矛盾的成因（生成器是否把 0.42 缩放叠加到全部派生负例）需查生成脚本与 evidence/r51 报告。	runs/v4-audit-20261010-r3/families/096/review.json	false	accepted_draft	5bf28c24abada15616d39bb00ae990cee0f01392dbfd4d5ba7a1b9fc15382748
097	097-programmable-stimulus-sequencer	测量与测试激励	激励与测试源	support_component	not_selected	spec-modeling	电压域可编程激励序列发生器（AWG/码型发生器类行为源）。先作为已选实验的激励部件；单独源的独立题量待真实协议需求与难度校准，不以旧资产数量决定题量。本轮先用作工程配套部件，该归属不否定其独立功能。	电压域可编程激励序列发生器（AWG/码型发生器类行为源）;benchmark/reference/v4/release/benchmarkv4-r53/tasks/097-programmable-stimulus-sequencer/evaluator/solution/programmable_stimulus_sequencer.va	重写公开验收合同与独立checker，按实际工程动作改编，不原样承接旧三形态。;v3 gold_bundle(94e5ad8b…) 原文未见，其与 r53 参考(e921949c…)的确切差异（推断为 out 是否包 transition）需比对确认。;当前提议是按规格建立或补缺部件；若另出扩展题，须先建立健康工程，明确新增能力并同时验收原行为。	runs/v4-audit-20261010-r3/families/097/review.json	false	accepted_draft	662dd58d657a1c6586b22c1a2f19101e9d39f08f1edd2a4ac4a72571dd18b2f0
098	098-reference-step-clock	时钟与PLL	时钟PLL与相位检测	reserve_candidate	not_selected	spec-modeling	参数化阶梯时钟源。先覆盖001方向判决与060时钟测量；此分频/锁定/时间差能力留作系统配套或后续独立方向。	参数化阶梯时钟源;benchmark/reference/v4/release/benchmarkv4-r53/tasks/098-reference-step-clock/evaluator/solution/ref_step_clk.va	重写公开验收合同与独立checker，按实际工程动作改编，不原样承接旧三形态。;r53 将 bugfix seed 从 neg_002 改为 neg_005 是否有意（policy_reviewed 暗示是），需 release 负责人确认并同步 provenance。	runs/v4-audit-20261010-r3/families/098/review.json	false	accepted_draft	1f10dafdd8003f36cc1888a11f7e16991c581f145e873a56c333bb8b6fad364b
099	099-reference-startup-enable-flow	电源、基准与保护	电源基准与复位资格	reserve_candidate	not_selected	spec-modeling	带使能与掉电检测的基准源启动时序FSM行为模型。先覆盖005去抖和046供电资格链；此启动或参考响应保留作电源扩展，先不以宏模型命名承诺完整稳压性能。	带使能与掉电检测的基准源启动时序FSM行为模型;benchmark/reference/v4/release/benchmarkv4-r53/tasks/099-reference-startup-enable-flow/evaluator/solution/reference_startup_enable_flow.va	重写公开验收合同与独立checker，按实际工程动作改编，不原样承接旧三形态。;provenance记bugfix_seed=neg_002而r53用neg_004的原因（有意换seed或早期快照过时）需查r53变更记录确认。	runs/v4-audit-20261010-r3/families/099/review.json	false	accepted_draft	063e4e94d09a167b1851181ce58fda380e6298fe3f9c34f273041b8fd52cc293
100	100-sample-hold-droop-front-end	转换器与采样	采样保持	reserve_candidate	not_selected	spec-modeling	行为级采样保持（S/H）前端宏模型。已有024基础代表；有限建立、下垂或多通道可在采样方向细化后扩展，先不批量增加同方向题量。	行为级采样保持（S/H）前端宏模型;benchmark/reference/v4/release/benchmarkv4-r53/tasks/100-sample-hold-droop-front-end/evaluator/solution/sample_hold_droop_ref.va	重写公开验收合同与独立checker，按实际工程动作改编，不原样承接旧三形态。;manifest 中各负例 killed_behaviorally 认证来自历史 r51 rust_evas2 campaign（certification 第35–41行），且 neg_002 用 feedback profile 认证——该 deck 是否含 vth 实例覆盖未知；若其认证绑定不覆盖 vth，则 F1 的“掩蔽”仅适用于当前 600 评测绑定。	runs/v4-audit-20261010-r3/families/100/review.json	false	accepted_draft	6f42b75bdcace7d3da409aaefc75ade2de7211f0d32ff6f297b4f5a3fb9b2ddd
101	101-settling-time-measurement	测量与测试激励	在线测量与表征	reserve_candidate	not_selected	testing-characterization	资产能支持的电路是一个事件驱动采样系统。先覆盖060、074、093、111的占空比/RMS/增益/滞回；此额外指标仍有仿真内测量价值，待测量定义与应用场景确定后扩展。	资产能支持的电路是一个事件驱动采样系统;benchmark/reference/v4/release/benchmarkv4-r53/tasks/101-settling-time-measurement/evaluator/solution/settling_time_measurement_tb.va	重写公开验收合同与独立checker，按实际工程动作改编，不原样承接旧三形态。;各负例的 negative_variants/*/certification.json 与 r51 RUST_EVAS2_CERTIFICATION.json 未提供，'按属性逐一杀死'的原始证据无法静态核验。	runs/v4-audit-20261010-r3/families/101/review.json	false	accepted_draft	7ed949a02963dc282aa9accd00b0586fed74e05738c33bf1d7c4a3c99463cf90
102	102-clocked-sine-source	测量与测试激励	激励与测试源	support_component	not_selected	spec-modeling	带时钟门控与复位的采样保持式差分正弦激励源。先作为已选实验的激励部件；单独源的独立题量待真实协议需求与难度校准，不以旧资产数量决定题量。本轮先用作工程配套部件，该归属不否定其独立功能。	带时钟门控与复位的采样保持式差分正弦激励源;benchmark/reference/v4/release/benchmarkv4-r53/tasks/102-clocked-sine-source/evaluator/solution/vin_src.va;benchmark/reference/v4/release/benchmarkv4-r53/tasks/102-clocked-sine-source/evaluator/solution/support/dither_adder.va;benchmark/reference/v4/release/benchmarkv4-r53/tasks/102-clocked-sine-source/evaluator/solution/support/lfsr.va;benchmark/reference/v4/release/benchmarkv4-r53/tasks/102-clocked-sine-source/evaluator/solution/support/gain_amp_fixed.va	重写公开验收合同与独立checker，按实际工程动作改编，不原样承接旧三形态。;复位再断言（采样后 RST_N 再拉低）是否有意不纳入合同，需库主/电路专家裁定。;当前提议是按规格建立或补缺部件；若另出扩展题，须先建立健康工程，明确新增能力并同时验收原行为。	runs/v4-audit-20261010-r3/families/102/review.json	false	accepted_draft	74bf1dd580027e3d5e4b38c562e984351b3e6d106ac55fb804ac67bdf44fb683
103	103-clocked-sar-comparator	转换器与采样	比较器与判决	reserve_candidate	not_selected	spec-modeling	时钟控制比较器（SAR ADC 前端判决元件）的事件级行为模型。先覆盖111滞回表征与109失调实验；此判决或延时特性保留作DUT备选，不因简单VA抽象而排除。	时钟控制比较器（SAR ADC 前端判决元件）的事件级行为模型;benchmark/reference/v4/release/benchmarkv4-r53/tasks/103-clocked-sar-comparator/evaluator/solution/clocked_sar_comparator.va	重写公开验收合同与独立checker，按实际工程动作改编，不原样承接旧三形态。;等输入双低约定与真实动态比较器亚稳态/失调行为的关系，需电路专家确认是否作为公开合同保留。	runs/v4-audit-20261010-r3/families/103/review.json	false	accepted_draft	8f948818c10dc9a4a48d28513436f896c4168785c2e93e11ac7fcb723cb8441a
104	104-sample-and-hold-ideal	转换器与采样	采样保持	reserve_candidate	not_selected	spec-modeling	理想电压域采样保持（S/H）原语。已有024基础代表；有限建立、下垂或多通道可在采样方向细化后扩展，先不批量增加同方向题量。	理想电压域采样保持（S/H）原语;benchmark/reference/v4/release/benchmarkv4-r53/tasks/104-sample-and-hold-ideal/evaluator/solution/source_sample_hold.va	重写公开验收合同与独立checker，按实际工程动作改编，不原样承接旧三形态。;v3 家族 114 的原始出处/原文未提供，本电路的具体工程来源未知（S/H 本身是教科书标准构件，但该资产 lineage 只有哈希链）。	runs/v4-audit-20261010-r3/families/104/review.json	false	accepted_draft	cb986386f145997ef9919080d7d97416d8c6051e4c961fdbef569887582026f9
105	105-single-shot-pulse	时钟与PLL	激励与测试源	support_component	not_selected	spec-modeling	电压域边沿触发单稳态（one-shot）脉冲发生器。先作为已选实验的激励部件；单独源的独立题量待真实协议需求与难度校准，不以旧资产数量决定题量。本轮先用作工程配套部件，该归属不否定其独立功能。	电压域边沿触发单稳态（one-shot）脉冲发生器;benchmark/reference/v4/release/benchmarkv4-r53/tasks/105-single-shot-pulse/evaluator/solution/source_single_shot.va	重写公开验收合同与独立checker，按实际工程动作改编，不原样承接旧三形态。;mutation catalog 标签错位（F2）是渲染/映射错误还是负例与认证证据整体错位，需核对 negative_variants/*/certification.json 原始证据。;当前提议是按规格建立或补缺部件；若另出扩展题，须先建立健康工程，明确新增能力并同时验收原行为。	runs/v4-audit-20261010-r3/families/105/review.json	false	accepted_draft	0dd24e75a7b9744789b9dcc1273525ff5cb1e1996a8cd959f02ff60e9c869744
106	106-clocked-comparator-reset-low	转换器与采样	比较器与判决	reserve_candidate	not_selected	spec-modeling	带复位低的钟控差分比较器行为级 Verilog-A 模型。先覆盖111滞回表征与109失调实验；此判决或延时特性保留作DUT备选，不因简单VA抽象而排除。	带复位低的钟控差分比较器行为级 Verilog-A 模型;benchmark/reference/v4/release/benchmarkv4-r53/tasks/106-clocked-comparator-reset-low/evaluator/solution/clocked_comparator_reset_low.va	重写公开验收合同与独立checker，按实际工程动作改编，不原样承接旧三形态。;v3_116（source_slug 116-clocked-comparator-reset-low）的原始出处、作者与原始工程背景在资产内无原文，来源未知。	runs/v4-audit-20261010-r3/families/106/review.json	false	accepted_draft	f28aa4fe7cc79a0922ab5c404f89da4714219980d5c6697f1e524657c9090176
107	107-bipolar-dac-4b-continuous	转换器与采样	DAC与码电平重构	reserve_candidate	not_selected	spec-modeling	电压域行为级 4 位双极性 DAC。先用002等少量DAC代表串联SAR/流水线信号路径；该码权或接口变体留作可替换素材，功能相近不等于重复字节或坏题。	电压域行为级 4 位双极性 DAC;benchmark/reference/v4/release/benchmarkv4-r53/tasks/107-bipolar-dac-4b-continuous/evaluator/solution/bipolar_dac_4b_continuous.va	重写公开验收合同与独立checker，按实际工程动作改编，不原样承接旧三形态。;neg_006 未列入 mutation catalog 与 trusted_replay_suite 的原因未知（有意弃用或遗漏），影响其作为修复 seed 的合规性。	runs/v4-audit-20261010-r3/families/107/review.json	false	accepted_draft	ef11301e9d5ca72cbd57b40c9aa5ef3b9b525b85f84de2a14349da43eb9b101c
108	108-crossing-pulse-detector	时钟与PLL	激励与测试源	support_component	not_selected	spec-modeling	双向阈值穿越触发的单稳态单发脉冲发生器（both-edge one-shot，可重触发）。先作为已选实验的激励部件；单独源的独立题量待真实协议需求与难度校准，不以旧资产数量决定题量。本轮先用作工程配套部件，该归属不否定其独立功能。	双向阈值穿越触发的单稳态单发脉冲发生器（both-edge one-shot，可重触发）;benchmark/reference/v4/release/benchmarkv4-r53/tasks/108-crossing-pulse-detector/evaluator/solution/source_crossing_pulse_detector.va	重写公开验收合同与独立checker，按实际工程动作改编，不原样承接旧三形态。;r53 将 bugfix seed 由 neg_001 改为 neg_006 是否有意（bugfix_seed_selection_status=policy_reviewed）需人查决策记录。;当前提议是按规格建立或补缺部件；若另出扩展题，须先建立健康工程，明确新增能力并同时验收原行为。	runs/v4-audit-20261010-r3/families/108/review.json	false	accepted_draft	f515f75b1622889d654f29977656d2517e81638b14c7ecf0ef10acd155af8eb8
109	109-comparator-offset-calibration-loop	比较器与判决	校准与修调	priority_seed	first	testing-characterization	比较器判决改变下一次差分激励，网表真实回接，优先保留响应驱动失调实验。	逐次逼近（SAR）式比较器失调测量/校准环;benchmark/reference/v4/release/benchmarkv4-r53/tasks/109-comparator-offset-calibration-loop/evaluator/solution/comparator_offset_calibration_loop.va;benchmark/reference/v4/release/benchmarkv4-r53/tasks/109-comparator-offset-calibration-loop/evaluator/solution/support/support_offset_comparator.va	重写公开验收合同与独立checker，按实际工程动作改编，不原样承接旧三形态。;手算 SAR 轨迹（参考 7 次更新终值 23m、neg_002 发散至约 -127.5m、各负例区分力）需仿真确认。	runs/v4-audit-20261010-r3/families/109/review.json;benchmark/reference/v4/release/benchmarkv4-r53/tasks/109-comparator-offset-calibration-loop/evaluator/solution/comparator_offset_calibration_loop.va;benchmark/reference/v4/release/benchmarkv4-r53/tasks/109-comparator-offset-calibration-loop/evaluator/solution/support/support_offset_comparator.va;benchmark/reference/v4/release/benchmarkv4-r53/tasks/109-comparator-offset-calibration-loop/evaluator/score_tb.scs	true	accepted_draft	70c5609b13615d5b28f0f78d84c735e9c1cd418dbeb840d28484f274f1eedae9
110	110-start-gated-offset-search	转换器与采样	校准与修调	reserve_candidate	not_selected	spec-modeling	逐次逼近式比较器失调校正搜索驱动器。先用109真实响应搜索和183逐位控制作代表；该修调状态律保留为替代或补模块，先不把PWL判决当校准闭环。	逐次逼近式比较器失调校正搜索驱动器;benchmark/reference/v4/release/benchmarkv4-r53/tasks/110-start-gated-offset-search/evaluator/solution/start_gated_offset_search.va	重写公开验收合同与独立checker，按实际工程动作改编，不原样承接旧三形态。;原始 v3 任务（source_slug 123）与真实设计来源未提供，data_converter 归类与原工程语境无法核实。	runs/v4-audit-20261010-r3/families/110/review.json	false	accepted_draft	6e091b9a842786d94b65ad10f88cba5df9b6a52adb4be1732883e75d028b8e4c
111	111-hysteresis-trip-characterizer	比较器与判决	在线测量与表征	priority_seed	first	testing-characterization	在比较器输出翻转时记录输入并给出滞回宽度，已有方向继续保留，需区分动态行程点与去延迟后的静态阈值。	资产支持一个滞回行程点在线表征电路;benchmark/reference/v4/release/benchmarkv4-r53/tasks/111-hysteresis-trip-characterizer/evaluator/solution/hysteresis_trip_characterizer.va;benchmark/reference/v4/release/benchmarkv4-r53/tasks/111-hysteresis-trip-characterizer/evaluator/solution/support/support_hysteretic_comparator.va	重写公开验收合同与独立checker，按实际工程动作改编，不原样承接旧三形态。;neg_006 未入目录/套件是有意弃用还是遗漏，需查生成脚本与主源。	runs/v4-audit-20261010-r3/families/111/review.json;benchmark/reference/v4/release/benchmarkv4-r53/tasks/111-hysteresis-trip-characterizer/evaluator/solution/hysteresis_trip_characterizer.va;benchmark/reference/v4/release/benchmarkv4-r53/tasks/111-hysteresis-trip-characterizer/evaluator/solution/support/support_hysteretic_comparator.va;benchmark/reference/v4/release/benchmarkv4-r53/tasks/111-hysteresis-trip-characterizer/evaluator/score_tb.scs	true	accepted_draft	eeeb79d40b5949dd36c5eade83aecd16a0cedcee65059dcd551f43fdb983f544
112	112-latched-comparator-delay	转换器与采样	比较器与判决	reserve_candidate	not_selected	spec-modeling	时钟锁存比较器行为模型。先覆盖111滞回表征与109失调实验；此判决或延时特性保留作DUT备选，不因简单VA抽象而排除。	时钟锁存比较器行为模型;benchmark/reference/v4/release/benchmarkv4-r53/tasks/112-latched-comparator-delay/evaluator/solution/latched_comparator_delay.va	重写公开验收合同与独立checker，按实际工程动作改编，不原样承接旧三形态。;neg_006 未列入 mutation catalog 五项的原因未知（有意排除还是遗漏）。	runs/v4-audit-20261010-r3/families/112/review.json	false	accepted_draft	c92fd0d0365e125610f7cb7de092d7660e002854a0b0e4bc2db4dc5f9410494c
113	113-sar-weighted-sum	转换器与采样	DAC与码电平重构	reserve_candidate	not_selected	spec-modeling	11 输入电压域加权求和解码器（DAC 类）。先用002等少量DAC代表串联SAR/流水线信号路径；该码权或接口变体留作可替换素材，功能相近不等于重复字节或坏题。	11 输入电压域加权求和解码器（DAC 类）;benchmark/reference/v4/release/benchmarkv4-r53/tasks/113-sar-weighted-sum/evaluator/solution/sar_weighted_sum.va	重写公开验收合同与独立checker，按实际工程动作改编，不原样承接旧三形态。;448/256/128/80/48 非二进制权表是否源自真实冗余 SAR DAC 工程（需原始出处或电路专家确认；本资产无环路佐证）。;当前提议是按规格建立或补缺部件；若另出扩展题，须先建立健康工程，明确新增能力并同时验收原行为。	runs/v4-audit-20261010-r3/families/113/review.json	false	accepted_draft	ff2590da96c3fbb83850da1899b0358fbf2fd08aebc3ea0f5b2ae690525ad9df
114	114-analog-mux-threshold	混合信号基础辅助	数据通路与配置辅助	support_component	not_selected	spec-modeling	理想行为级2:1电压复用器。先服务SAR/流水线/前端工程集成；该选择、配置或重定时原语不优先独立成题，仍可考VA接口与状态协作。本轮先用作工程配套部件，该归属不否定其独立功能。	理想行为级2:1电压复用器;benchmark/reference/v4/release/benchmarkv4-r53/tasks/114-analog-mux-threshold/evaluator/solution/analog_mux_threshold.va	重写公开验收合同与独立checker，按实际工程动作改编，不原样承接旧三形态。;r53把bugfix种子由neg_001_zero改为neg_005是否为有意决策（score_policy标注policy_reviewed但无决策记录）。;当前提议是按规格建立或补缺部件；若另出扩展题，须先建立健康工程，明确新增能力并同时验收原行为。	runs/v4-audit-20261010-r3/families/114/review.json	false	accepted_draft	8154adf2af2973ca33e552c9ce23320ced5f10745b393b02ea5b9f850c43fdc8
115	115-two-bit-counter-marker	混合信号基础辅助	数据通路与配置辅助	support_component	not_selected	spec-modeling	行为级模4边沿计数标记发生器。先服务SAR/流水线/前端工程集成；该选择、配置或重定时原语不优先独立成题，仍可考VA接口与状态协作。本轮先用作工程配套部件，该归属不否定其独立功能。	行为级模4边沿计数标记发生器;benchmark/reference/v4/release/benchmarkv4-r53/tasks/115-two-bit-counter-marker/evaluator/solution/two_bit_counter_marker.va	重写公开验收合同与独立checker，按实际工程动作改编，不原样承接旧三形态。;r53 将 bugfix seed 从 neg_001 改为 neg_002 的『policy_reviewed』决策原文不可查，是否刻意为避免最平凡 seed 或因 neg_002 在 v3 已公开，需查主源。;当前提议是按规格建立或补缺部件；若另出扩展题，须先建立健康工程，明确新增能力并同时验收原行为。	runs/v4-audit-20261010-r3/families/115/review.json	false	accepted_draft	88ce60de19df534c95e848bf84382363115aad886de1e3fe748efc78dc2f23e8
116	116-max-detector-hold	混合信号基础辅助	在线测量与表征	reserve_candidate	not_selected	testing-characterization	理想峰值保持/最大值保持检测器的行为级 Verilog-A 模型。先覆盖060、074、093、111的占空比/RMS/增益/滞回；此额外指标仍有仿真内测量价值，待测量定义与应用场景确定后扩展。	理想峰值保持/最大值保持检测器的行为级 Verilog-A 模型;benchmark/reference/v4/release/benchmarkv4-r53/tasks/116-max-detector-hold/evaluator/solution/max_detector_hold.va	重写公开验收合同与独立checker，按实际工程动作改编，不原样承接旧三形态。;r53 将 616 负例集从早期划分（3 私有+1 公开反馈+1 bugfix seed）扩为全部 5 个是否有意，需比对渲染器版本与变更记录。	runs/v4-audit-20261010-r3/families/116/review.json	false	accepted_draft	8648589fcd2d236a1c82ea87ac12446d13cd5c8a9de36140c67379d2abb881be
117	117-time-diff-detector	混合信号基础辅助	时钟PLL与相位检测	reserve_candidate	not_selected	testing-characterization	时钟窗口化时间差检测器。先覆盖001方向判决与060时钟测量；此分频/锁定/时间差能力留作系统配套或后续独立方向。	时钟窗口化时间差检测器;benchmark/reference/v4/release/benchmarkv4-r53/tasks/117-time-diff-detector/evaluator/solution/time_diff_detector.va	重写公开验收合同与独立checker，按实际工程动作改编，不原样承接旧三形态。;neg_006 为何不在 r53 五例集合（有意更换还是遗留）缺早期 negative_variants certification.json 佐证。	runs/v4-audit-20261010-r3/families/117/review.json	false	accepted_draft	d7fef643a702219cac872cc9f9a08c1f7c2d7fc8990fa0950b48b71da0b72e46
118	118-differential-buffer	混合信号基础辅助	放大滤波与精密前端	support_component	not_selected	spec-modeling	差分单位增益直通缓冲的行为宏模型。先覆盖038增益选择、082增益恢复和091失调抑制；此静态传输或离散滤波保留作前端配套或后续扩展。本轮先用作工程配套部件，该归属不否定其独立功能。	差分单位增益直通缓冲的行为宏模型;benchmark/reference/v4/release/benchmarkv4-r53/tasks/118-differential-buffer/evaluator/solution/differential_buffer.va	重写公开验收合同与独立checker，按实际工程动作改编，不原样承接旧三形态。;tran stop=22n 与 60n 波形的关系需查 render_v4_harness.py 或更早 deck，判断是有意截断还是渲染遗留（F1）。;当前提议是按规格建立或补缺部件；若另出扩展题，须先建立健康工程，明确新增能力并同时验收原行为。	runs/v4-audit-20261010-r3/families/118/review.json	false	accepted_draft	066fd37ab0c052ab308af4053d3e1604fe0a6c72a85bb654dce4366747d089a4
119	119-sar-cdac-residue	混合信号基础辅助	DAC与码电平重构	reserve_candidate	not_selected	spec-modeling	6位二进制加权CDAC残差行为模型。先用002等少量DAC代表串联SAR/流水线信号路径；该码权或接口变体留作可替换素材，功能相近不等于重复字节或坏题。	6位二进制加权CDAC残差行为模型;benchmark/reference/v4/release/benchmarkv4-r53/tasks/119-sar-cdac-residue/evaluator/solution/sar_cdac_residue.va	重写公开验收合同与独立checker，按实际工程动作改编，不原样承接旧三形态。;S6下降沿加½跨度的符号约定对应哪种真实SAR CDAC拓扑（需电路专家或原始工程文件确认）。	runs/v4-audit-20261010-r3/families/119/review.json	false	accepted_draft	4000375f1bfc853c974dd53722e3e1399a418a925f5b3d81d9139d7a0cac92f3
120	120-attenuator-gain	混合信号基础辅助	放大滤波与精密前端	support_component	not_selected	spec-modeling	理想dB可编程电压衰减器。先覆盖038增益选择、082增益恢复和091失调抑制；此静态传输或离散滤波保留作前端配套或后续扩展。本轮先用作工程配套部件，该归属不否定其独立功能。	理想dB可编程电压衰减器;benchmark/reference/v4/release/benchmarkv4-r53/tasks/120-attenuator-gain/evaluator/solution/attenuator_gain.va	重写公开验收合同与独立checker，按实际工程动作改编，不原样承接旧三形态。;620 instruction的固定binding是否禁止额外不同参数DUT实例，措辞语义需题主澄清。;当前提议是按规格建立或补缺部件；若另出扩展题，须先建立健康工程，明确新增能力并同时验收原行为。	runs/v4-audit-20261010-r3/families/120/review.json	false	accepted_draft	5d7ea7a3caae33ae7ee46519584f31dc1e0d0447cefe32c7c74fafe351a29b88
121	121-deadband-window	混合信号基础辅助	放大滤波与精密前端	support_component	not_selected	spec-modeling	死区（dead-band/dead-zone）非线性传递模块。先覆盖038增益选择、082增益恢复和091失调抑制；此静态传输或离散滤波保留作前端配套或后续扩展。本轮先用作工程配套部件，该归属不否定其独立功能。	死区（dead-band/dead-zone）非线性传递模块;benchmark/reference/v4/release/benchmarkv4-r53/tasks/121-deadband-window/evaluator/solution/deadband_window.va	重写公开验收合同与独立checker，按实际工程动作改编，不原样承接旧三形态。;r53 将 bugfix seed 从 neg_002 换为 neg_003 是否有意（score_policy 标 policy_reviewed，但需发布负责人确认）。;当前提议是按规格建立或补缺部件；若另出扩展题，须先建立健康工程，明确新增能力并同时验收原行为。	runs/v4-audit-20261010-r3/families/121/review.json	false	accepted_draft	3565ff90ac001e37d26ecdeed320d01e9e2fbb675f4486e0918afb860a777565
122	122-differential-deadband	混合信号基础辅助	放大滤波与精密前端	support_component	not_selected	spec-modeling	差分死区传输单元。先覆盖038增益选择、082增益恢复和091失调抑制；此静态传输或离散滤波保留作前端配套或后续扩展。本轮先用作工程配套部件，该归属不否定其独立功能。	差分死区传输单元;benchmark/reference/v4/release/benchmarkv4-r53/tasks/122-differential-deadband/evaluator/solution/differential_deadband.va	重写公开验收合同与独立checker，按实际工程动作改编，不原样承接旧三形态。;gold_bundle_sha256(17aa167e…)、solution_tree(2f8fb2bf…/4b426690…) 等树哈希与实际目录的对应关系无法静态核对。;当前提议是按规格建立或补缺部件；若另出扩展题，须先建立健康工程，明确新增能力并同时验收原行为。	runs/v4-audit-20261010-r3/families/122/review.json	false	accepted_draft	758e2a96e851ed6628f27738bb5c713820d8c59265b60acc597dd188260a90c6
123	123-hard-voltage-clamp	混合信号基础辅助	放大滤波与精密前端	support_component	not_selected	spec-modeling	理想硬限幅器（无状态分段线性电压钳位）。先覆盖038增益选择、082增益恢复和091失调抑制；此静态传输或离散滤波保留作前端配套或后续扩展。本轮先用作工程配套部件，该归属不否定其独立功能。	理想硬限幅器（无状态分段线性电压钳位）;benchmark/reference/v4/release/benchmarkv4-r53/tasks/123-hard-voltage-clamp/evaluator/solution/hard_voltage_clamp_behavior.va	重写公开验收合同与独立checker，按实际工程动作改编，不原样承接旧三形态。;mutation_catalog 的 gold_bundle_sha256 与 solution 文件哈希属不同层级（bundle 与单文件），静态无法核对同一性。;当前提议是按规格建立或补缺部件；若另出扩展题，须先建立健康工程，明确新增能力并同时验收原行为。	runs/v4-audit-20261010-r3/families/123/review.json	false	accepted_draft	29eb73270df83e30d96823ace1072d03bb5909cc822f07f3eedfacceba49d1df
124	124-smooth-comparator-tanh	比较器与判决	比较器与判决	reserve_candidate	not_selected	spec-modeling	差分输入的 tanh 软比较器/限幅放大器行为级原语。先覆盖111滞回表征与109失调实验；此判决或延时特性保留作DUT备选，不因简单VA抽象而排除。	差分输入的 tanh 软比较器/限幅放大器行为级原语;benchmark/reference/v4/release/benchmarkv4-r53/tasks/124-smooth-comparator-tanh/evaluator/solution/smooth_comparator_tanh.va	重写公开验收合同与独立checker，按实际工程动作改编，不原样承接旧三形态。;score_policy.buggy_bundle_sha256（03c9d6…）的语义（单文件 vs 目录树哈希）无法在给定资产内验证。	runs/v4-audit-20261010-r3/families/124/review.json	false	accepted_draft	bf6517092916f0792749560c3657fd0a66904b536c8e8d7b3301123c989eecb8
125	125-limiter-rails	混合信号基础辅助	放大滤波与精密前端	support_component	not_selected	spec-modeling	电源基准电压限幅器（behavioral clamp）。先覆盖038增益选择、082增益恢复和091失调抑制；此静态传输或离散滤波保留作前端配套或后续扩展。本轮先用作工程配套部件，该归属不否定其独立功能。	电源基准电压限幅器（behavioral clamp）;benchmark/reference/v4/release/benchmarkv4-r53/tasks/125-limiter-rails/evaluator/solution/limiter_rails.va	重写公开验收合同与独立checker，按实际工程动作改编，不原样承接旧三形态。;r53 harness_spec 记录的 legacy feedback deck sha（6820a9…）与 provenance certification 的 feedback_deck_sha256（a49e60…）不同：是历史快照与当前正常差异还是 deck 被更换，需查主源。;当前提议是按规格建立或补缺部件；若另出扩展题，须先建立健康工程，明确新增能力并同时验收原行为。	runs/v4-audit-20261010-r3/families/125/review.json	false	accepted_draft	d93a33204d0b2b0421eb0689777b505213988521014fdbe3d78ed6a84f7f2e83
126	126-absolute-value	混合信号基础辅助	放大滤波与精密前端	support_component	not_selected	spec-modeling	资产定义并演示一个理想无记忆电压绝对值块。先覆盖038增益选择、082增益恢复和091失调抑制；此静态传输或离散滤波保留作前端配套或后续扩展。本轮先用作工程配套部件，该归属不否定其独立功能。	资产定义并演示一个理想无记忆电压绝对值块;benchmark/reference/v4/release/benchmarkv4-r53/tasks/126-absolute-value/evaluator/solution/absolute_value_behavior.va	重写公开验收合同与独立checker，按实际工程动作改编，不原样承接旧三形态。;r53 更换 bugfix seed（neg_002→neg_004，标注 policy_reviewed）是否有意为之，需维护方确认并写入迁移记录。;当前提议是按规格建立或补缺部件；若另出扩展题，须先建立健康工程，明确新增能力并同时验收原行为。	runs/v4-audit-20261010-r3/families/126/review.json	false	accepted_draft	591bfcd588e7874b3d651c33c490641849dec68766517f811904c7c25d506533
127	127-offset-gain-amplifier	混合信号基础辅助	放大滤波与精密前端	support_component	not_selected	spec-modeling	理想无记忆单端电压增益级。先覆盖038增益选择、082增益恢复和091失调抑制；此静态传输或离散滤波保留作前端配套或后续扩展。本轮先用作工程配套部件，该归属不否定其独立功能。	理想无记忆单端电压增益级;benchmark/reference/v4/release/benchmarkv4-r53/tasks/127-offset-gain-amplifier/evaluator/solution/offset_gain_amplifier.va	重写公开验收合同与独立checker，按实际工程动作改编，不原样承接旧三形态。;v3_149 原工程与原题面缺失，该电路是否源自真实失调校正放大器设计未知；provenance 认证中的 feedback deck 哈希（45a77d…）与 r53 harness_spec 记录的 legacy deck 哈希（22e8ee…）不同，属跨版本历史差异，未判定何者对应现行语义。;当前提议是按规格建立或补缺部件；若另出扩展题，须先建立健康工程，明确新增能力并同时验收原行为。	runs/v4-audit-20261010-r3/families/127/review.json	false	accepted_draft	07814f1a6dc0190da8b6d1090cb90982c9e3cfa9241ca22ca993ba1f1f67602c
128	128-safe-voltage-divider	混合信号基础辅助	放大滤波与精密前端	support_component	not_selected	spec-modeling	单模块连续行为模型。先覆盖038增益选择、082增益恢复和091失调抑制；此静态传输或离散滤波保留作前端配套或后续扩展。本轮先用作工程配套部件，该归属不否定其独立功能。	单模块连续行为模型;benchmark/reference/v4/release/benchmarkv4-r53/tasks/128-safe-voltage-divider/evaluator/solution/safe_voltage_divider.va	重写公开验收合同与独立checker，按实际工程动作改编，不原样承接旧三形态。;原始出处未知：v3_150 之前的设计原文或工程缺失，该除法器块的真实来源与既有用途不可考。;当前提议是按规格建立或补缺部件；若另出扩展题，须先建立健康工程，明确新增能力并同时验收原行为。	runs/v4-audit-20261010-r3/families/128/review.json	false	accepted_draft	32a549b1e351044186c024efaa2051618b2bee813fd5a8c2166366bed6cc49ad
129	129-polynomial-differential-vcvs	混合信号基础辅助	放大滤波与精密前端	support_component	not_selected	spec-modeling	无记忆差分非线性压控电压源宏模型。先覆盖038增益选择、082增益恢复和091失调抑制；此静态传输或离散滤波保留作前端配套或后续扩展。本轮先用作工程配套部件，该归属不否定其独立功能。	无记忆差分非线性压控电压源宏模型;benchmark/reference/v4/release/benchmarkv4-r53/tasks/129-polynomial-differential-vcvs/evaluator/solution/polynomial_differential_vcvs.va	重写公开验收合同与独立checker，按实际工程动作改编，不原样承接旧三形态。;r53 bugfix 的 buggy_bundle_sha256(4ccc…) 疑为目录树哈希，无法由所给单文件字节复核；neg_002→neg_003 换种是否有意（score_policy 标 policy_reviewed 倾向有意）无过程记录可证。;当前提议是按规格建立或补缺部件；若另出扩展题，须先建立健康工程，明确新增能力并同时验收原行为。	runs/v4-audit-20261010-r3/families/129/review.json	false	accepted_draft	9476420b5ff1ddf055337f2ebecfc05f7cb9a4dab6692e08b4dfef8beba033fd
130	130-differential-gain-driver	混合信号基础辅助	放大滤波与精密前端	support_component	not_selected	spec-modeling	理想行为级差分增益驱动器。先覆盖038增益选择、082增益恢复和091失调抑制；此静态传输或离散滤波保留作前端配套或后续扩展。本轮先用作工程配套部件，该归属不否定其独立功能。	理想行为级差分增益驱动器;benchmark/reference/v4/release/benchmarkv4-r53/tasks/130-differential-gain-driver/evaluator/solution/differential_gain_driver.va	重写公开验收合同与独立checker，按实际工程动作改编，不原样承接旧三形态。;4b588f…（gold_bundle）、f1d082…（gold_solution_tree/reference_dut_tree）、62d198…（provenance solution_tree）三个哈希的口径关系未知，需文件树核对是否指向同一解。;当前提议是按规格建立或补缺部件；若另出扩展题，须先建立健康工程，明确新增能力并同时验收原行为。	runs/v4-audit-20261010-r3/families/130/review.json	false	accepted_draft	1fb592be296da036219e0834854deaeab5d50d17c35f757335e4906835e47abe
131	131-limiting-differential-amplifier	混合信号基础辅助	放大滤波与精密前端	reserve_candidate	not_selected	spec-modeling	限幅差分放大器的静态行为宏模型。先覆盖038增益选择、082增益恢复和091失调抑制；此静态传输或离散滤波保留作前端配套或后续扩展。	限幅差分放大器的静态行为宏模型;benchmark/reference/v4/release/benchmarkv4-r53/tasks/131-limiting-differential-amplifier/evaluator/solution/limiting_differential_amplifier.va	重写公开验收合同与独立checker，按实际工程动作改编，不原样承接旧三形态。;harness_spec.migration 引用的 legacy deck 哈希（34bfe69e…/f43a8ee6…）与 provenance 认证中的 feedback/score deck 哈希（87558c48…/f2d8a9a5…）不一致，可能指向不同历史快照，需查主源核对，暂记为历史与当前不同。	runs/v4-audit-20261010-r3/families/131/review.json	false	accepted_draft	56bc2ba732c1873071f3ce3dfade110aaccaf6d3084597cef373d8cc4e829ebb
132	132-analog-multiplier	混合信号基础辅助	放大滤波与精密前端	support_component	not_selected	spec-modeling	理想四象限电压乘法器的行为级模型。先覆盖038增益选择、082增益恢复和091失调抑制；此静态传输或离散滤波保留作前端配套或后续扩展。本轮先用作工程配套部件，该归属不否定其独立功能。	理想四象限电压乘法器的行为级模型;benchmark/reference/v4/release/benchmarkv4-r53/tasks/132-analog-multiplier/evaluator/solution/analog_multiplier_gain.va	重写公开验收合同与独立checker，按实际工程动作改编，不原样承接旧三形态。;r53 与 v3/r51 的资产差异（harness_spec 记录的 legacy deck SHA 与现行 deck 不同、provenance 的 feedback_tb.scs e1dc… 未出现在 r53 public）需对主源确认是否为 r53 有意更换；migration.notes 仅自述 seed 用途，不能替代确认。;当前提议是按规格建立或补缺部件；若另出扩展题，须先建立健康工程，明确新增能力并同时验收原行为。	runs/v4-audit-20261010-r3/families/132/review.json	false	accepted_draft	af622e8181ea02870268335cd326f2bb254b95c55f8228d768d06a0f49d11c62
133	133-three-way-threshold-mux	混合信号基础辅助	数据通路与配置辅助	support_component	not_selected	spec-modeling	三选一阈值窗模拟选择器（mux）。先服务SAR/流水线/前端工程集成；该选择、配置或重定时原语不优先独立成题，仍可考VA接口与状态协作。本轮先用作工程配套部件，该归属不否定其独立功能。	三选一阈值窗模拟选择器（mux）;benchmark/reference/v4/release/benchmarkv4-r53/tasks/133-three-way-threshold-mux/evaluator/solution/three_way_threshold_mux.va	重写公开验收合同与独立checker，按实际工程动作改编，不原样承接旧三形态。;v3 源家族 155-three-way-threshold-mux 的原始出处、原作者与是否有真实电路背景未知，仅 provenance 快照可证其存在。;当前提议是按规格建立或补缺部件；若另出扩展题，须先建立健康工程，明确新增能力并同时验收原行为。	runs/v4-audit-20261010-r3/families/133/review.json	false	accepted_draft	99be3b1816e4b6c138a2a3e840230d83cf4d0d7fcdcb772215f3fa1aa9994409
134	134-differential-amplifier-core	混合信号基础辅助	放大滤波与精密前端	support_component	not_selected	spec-modeling	差分放大器核的纯行为级模型。先覆盖038增益选择、082增益恢复和091失调抑制；此静态传输或离散滤波保留作前端配套或后续扩展。本轮先用作工程配套部件，该归属不否定其独立功能。	差分放大器核的纯行为级模型;benchmark/reference/v4/release/benchmarkv4-r53/tasks/134-differential-amplifier-core/evaluator/solution/differential_amplifier_core.va	重写公开验收合同与独立checker，按实际工程动作改编，不原样承接旧三形态。;mutation catalog 引用的 negative_variants/*/certification.json 证据文件未提供，5 个 kill 结论与各负例的 profile 归属（feedback/score 混用）只能按元数据采信，无法本轮复核。;当前提议是按规格建立或补缺部件；若另出扩展题，须先建立健康工程，明确新增能力并同时验收原行为。	runs/v4-audit-20261010-r3/families/134/review.json	false	accepted_draft	8d8a613ae1f3c83816c6835f5901fed0f34c484061dbf4eb96d28dc2728bf0d9
135	135-logarithmic-amplifier	混合信号基础辅助	放大滤波与精密前端	reserve_candidate	not_selected	spec-modeling	现资产是ln(max(abs(vin-0.2),0.1))静态映射，保留幅值压缩原语；相较038/082可配置增益与反馈，先作配套候选，真实对数放大器适用域及量纲需核实。	资产只支撑一个电压域无记忆行为映射;benchmark/reference/v4/release/benchmarkv4-r53/tasks/135-logarithmic-amplifier/evaluator/solution/logarithmic_amplifier.va	重写公开验收合同与独立checker，按实际工程动作改编，不原样承接旧三形态。;v3_157 原始任务文本与原工程未提供，电路出处与 0.2 V/0.1 V 常数的物理来源未知，需查主源或电路专家确认。	runs/v4-audit-20261010-r3/families/135/review.json	false	accepted_draft	97f2f2d827abb77298e32826fec22733bf9fcf9fefb438cbacf7362a78af2f5e
136	136-soft-voltage-clamp	混合信号基础辅助	放大滤波与精密前端	support_component	not_selected	spec-modeling	行为级软限幅器（soft limiter）宏模型。先覆盖038增益选择、082增益恢复和091失调抑制；此静态传输或离散滤波保留作前端配套或后续扩展。本轮先用作工程配套部件，该归属不否定其独立功能。	行为级软限幅器（soft limiter）宏模型;benchmark/reference/v4/release/benchmarkv4-r53/tasks/136-soft-voltage-clamp/evaluator/solution/soft_voltage_clamp_behavior.va	重写公开验收合同与独立checker，按实际工程动作改编，不原样承接旧三形态。;10n→10.1n 快斜坡在实际求解器中的采样密度未知，中区线性验证是否充分需仿真确认。;当前提议是按规格建立或补缺部件；若另出扩展题，须先建立健康工程，明确新增能力并同时验收原行为。	runs/v4-audit-20261010-r3/families/136/review.json	false	accepted_draft	88863ddb8f4abf4f10959f6a7be2b6c18628ccda5a970c9a90c69f75814fd484
137	137-variable-gain-differential-amplifier	混合信号基础辅助	放大滤波与精密前端	reserve_candidate	not_selected	spec-modeling	行为级可变增益差分放大器（两象限模拟乘法器）宏模型。先覆盖038增益选择、082增益恢复和091失调抑制；此静态传输或离散滤波保留作前端配套或后续扩展。	行为级可变增益差分放大器（两象限模拟乘法器）宏模型;benchmark/reference/v4/release/benchmarkv4-r53/tasks/137-variable-gain-differential-amplifier/evaluator/solution/variable_gain_differential_amplifier.va	重写公开验收合同与独立checker，按实际工程动作改编，不原样承接旧三形态。;原电路出处：资产仅溯源到 v3_159/159-variable-gain-differential-amplifier 快照，无更早原文或工程来源，来源未知。	runs/v4-audit-20261010-r3/families/137/review.json	false	accepted_draft	854fe16981bf95d79e45d6e8b4da995e06433c71e07edc5cb80a6cd0145f71b7
138	138-voltage-controlled-gain-amplifier	混合信号基础辅助	放大滤波与精密前端	reserve_candidate	not_selected	spec-modeling	静态无记忆的差分输入压控增益放大器（VGA）行为模型。先覆盖038增益选择、082增益恢复和091失调抑制；此静态传输或离散滤波保留作前端配套或后续扩展。	静态无记忆的差分输入压控增益放大器（VGA）行为模型;benchmark/reference/v4/release/benchmarkv4-r53/tasks/138-voltage-controlled-gain-amplifier/evaluator/solution/voltage_controlled_gain_amplifier.va	重写公开验收合同与独立checker，按实际工程动作改编，不原样承接旧三形态。;r51 认证（rust_evas2，1601 行轨迹，gate2_pass）未复跑，其 5/5 kill 与 trace 结论对新库不构成证据。	runs/v4-audit-20261010-r3/families/138/review.json	false	accepted_draft	4cb2e381e5371880964093e0036b918c6a928a5da5c92914e1de3bc4b5b362f5
139	139-ideal-differential-opamp	混合信号基础辅助	放大滤波与精密前端	support_component	not_selected	spec-modeling	理想全差分输出级的行为级 Verilog-A 模型。先覆盖038增益选择、082增益恢复和091失调抑制；此静态传输或离散滤波保留作前端配套或后续扩展。本轮先用作工程配套部件，该归属不否定其独立功能。	理想全差分输出级的行为级 Verilog-A 模型;benchmark/reference/v4/release/benchmarkv4-r53/tasks/139-ideal-differential-opamp/evaluator/solution/ideal_differential_opamp.va	重写公开验收合同与独立checker，按实际工程动作改编，不原样承接旧三形态。;旧 feedback deck test_feedback/public_tb.scs 内容未见（仅有 sha256），与 canonical deck 的实际差异未知。;当前提议是按规格建立或补缺部件；若另出扩展题，须先建立健康工程，明确新增能力并同时验收原行为。	runs/v4-audit-20261010-r3/families/139/review.json	false	accepted_draft	66b02aea0926df7d423122b1f7a111e6cfcd111344dfb7f5a0d80c151d1e8dfb
140	140-rs-latch-voltage	混合信号基础辅助	数据通路与配置辅助	support_component	not_selected	spec-modeling	理想化电压域 SR 锁存器（双稳态存储）行为支持单元。先服务SAR/流水线/前端工程集成；该选择、配置或重定时原语不优先独立成题，仍可考VA接口与状态协作。本轮先用作工程配套部件，该归属不否定其独立功能。	理想化电压域 SR 锁存器（双稳态存储）行为支持单元;benchmark/reference/v4/release/benchmarkv4-r53/tasks/140-rs-latch-voltage/evaluator/solution/rs_latch_voltage.va	重写公开验收合同与独立checker，按实际工程动作改编，不原样承接旧三形态。;r53 将 bugfix seed 由 neg_002_no_hold 改为 neg_003_swapped_set_reset 的决策记录需查主源或变更日志确认是否有意（score_policy 标 policy_reviewed 但无留档）。;当前提议是按规格建立或补缺部件；若另出扩展题，须先建立健康工程，明确新增能力并同时验收原行为。	runs/v4-audit-20261010-r3/families/140/review.json	false	accepted_draft	e24d422738e55815a887e32163f3e9ae411ed5d2f9c3b830e3e4ceeba16e1534
141	141-ideal-adc-4bit-quantizer	转换器与采样	ADC量化与转换流程	reserve_candidate	not_selected	spec-modeling	时钟上升沿触发的理想差分输入 4 位 ADC 量化器行为宏模型。已有186控制和003残差优先代表；此量化/译码结构先保留，待系统边界及新增转换架构工作单元确定。	时钟上升沿触发的理想差分输入 4 位 ADC 量化器行为宏模型;benchmark/reference/v4/release/benchmarkv4-r53/tasks/141-ideal-adc-4bit-quantizer/evaluator/solution/ideal_adc_4bit_quantizer.va	重写公开验收合同与独立checker，按实际工程动作改编，不原样承接旧三形态。;对 neg_001（未声明任何 parameter）在测试题中带参数 override 实例化是否导致编译失败→invalid_run 而非 behavioral kill，需仿真确认；这决定 TB 合同是否应禁止 override。	runs/v4-audit-20261010-r3/families/141/review.json	false	accepted_draft	0569f09efdb23942e66ee67c0d9e857d20503ac9dd390318faa5862146248b47
142	142-ideal-dac-4bit-differential	转换器与采样	DAC与码电平重构	reserve_candidate	not_selected	spec-modeling	行为级 4 位理想差分 DAC。先用002等少量DAC代表串联SAR/流水线信号路径；该码权或接口变体留作可替换素材，功能相近不等于重复字节或坏题。	行为级 4 位理想差分 DAC;benchmark/reference/v4/release/benchmarkv4-r53/tasks/142-ideal-dac-4bit-differential/evaluator/solution/ideal_dac_4bit_differential.va	重写公开验收合同与独立checker，按实际工程动作改编，不原样承接旧三形态。;原电路出处未知：v3 源任务 168（source_slug 168-ideal-dac-4bit-differential）的原始作者或工程来源资产内无原文可证。	runs/v4-audit-20261010-r3/families/142/review.json	false	accepted_draft	2c831299c62ecb7173006de4895ed9f388ea11e076de4e4e70efd06712563ba5
143	143-two-period-sample-delay	混合信号基础辅助	采样保持	reserve_candidate	not_selected	spec-modeling	边沿触发采样-保持延迟单元（采样数据延迟线的一级，行为级建模）。已有024基础代表；有限建立、下垂或多通道可在采样方向细化后扩展，先不批量增加同方向题量。	边沿触发采样-保持延迟单元（采样数据延迟线的一级，行为级建模）;benchmark/reference/v4/release/benchmarkv4-r53/tasks/143-two-period-sample-delay/evaluator/solution/two_period_sample_delay.va	重写公开验收合同与独立checker，按实际工程动作改编，不原样承接旧三形态。;原始 v3/169 的题面与 Two Period 命名本意无原文可查，无法判定 z^-2 是否曾为原始意图。;当前提议是按规格建立或补缺部件；若另出扩展题，须先建立健康工程，明确新增能力并同时验收原行为。	runs/v4-audit-20261010-r3/families/143/review.json	false	accepted_draft	1887ed805b0df878f3df900e80e493368f1033da704cfb77869464e82ffc5d9e
144	144-clocked-four-input-mux	混合信号基础辅助	数据通路与配置辅助	support_component	not_selected	spec-modeling	带采样保持的 4:1 时钟控制模拟多路选择器。先服务SAR/流水线/前端工程集成；该选择、配置或重定时原语不优先独立成题，仍可考VA接口与状态协作。本轮先用作工程配套部件，该归属不否定其独立功能。	带采样保持的 4:1 时钟控制模拟多路选择器;benchmark/reference/v4/release/benchmarkv4-r53/tasks/144-clocked-four-input-mux/evaluator/solution/clocked_four_input_mux.va	重写公开验收合同与独立checker，按实际工程动作改编，不原样承接旧三形态。;neg_002 在 mutation_catalog 中的 killed_behaviorally 认证所用 legacy feedback deck（sha256 2f8f8944…）字节不在本次资产内，无法静态复核其激励与判据。;当前提议是按规格建立或补缺部件；若另出扩展题，须先建立健康工程，明确新增能力并同时验收原行为。	runs/v4-audit-20261010-r3/families/144/review.json	false	accepted_draft	5e90c1426ed77b09bccfb6252ab78c6d9a2fe4113bc40e5cdcee4c3a5ee7b214
145	145-divide-by-eight-clock	混合信号基础辅助	时钟PLL与相位检测	reserve_candidate	not_selected	spec-modeling	带高有效复位与使能门控的÷8时钟分频器行为模型。先覆盖001方向判决与060时钟测量；此分频/锁定/时间差能力留作系统配套或后续独立方向。	带高有效复位与使能门控的÷8时钟分频器行为模型;benchmark/reference/v4/release/benchmarkv4-r53/tasks/145-divide-by-eight-clock/evaluator/solution/divide_by_eight_clock.va	重写公开验收合同与独立checker，按实际工程动作改编，不原样承接旧三形态。;@(cross(V(rst)-vth,+1))在rst初值即高于阈值时（t=0为0.9V>vth=0.45V）是否触发，属仿真器相关语义，需实际仿真确认F1中'复位块窗内为死代码'的推断。	runs/v4-audit-20261010-r3/families/145/review.json	false	accepted_draft	5a3c0c4e176bac4d8b640afaff9bb3a8de731fef355923a794f4d72d1166e54e
146	146-flash-thermometer-centered-sum	转换器与采样	DAC与码电平重构	reserve_candidate	not_selected	spec-modeling	8输入电压域温度计求和/居中平均块。先用002等少量DAC代表串联SAR/流水线信号路径；该码权或接口变体留作可替换素材，功能相近不等于重复字节或坏题。	8输入电压域温度计求和/居中平均块;benchmark/reference/v4/release/benchmarkv4-r53/tasks/146-flash-thermometer-centered-sum/evaluator/solution/flash_thermometer_centered_sum.va	重写公开验收合同与独立checker，按实际工程动作改编，不原样承接旧三形态。;neg_005 与参考在 count=4 处输出同为 0：候选激励若只打中点会漏杀；certification 声称 insufficient_excitation 会被拒，但该机制私有不可见。;当前提议是按规格建立或补缺部件；若另出扩展题，须先建立健康工程，明确新增能力并同时验收原行为。	runs/v4-audit-20261010-r3/families/146/review.json	false	accepted_draft	207ceea252ecef4739d0d5b92154e93d17a68a5e40828b0e60a35f94ce780fbb
147	147-control-word-encoder-7b	混合信号基础辅助	激励与测试源	support_component	not_selected	spec-modeling	整数参数 ctrl（默认85）按 LSB-first 分解为7位，d0..d6 各自经 20p transition 输出 vhi(0.9)/vlo(0.0) 的静态电压轨。先作为已选实验的激励部件；单独源的独立题量待真实协议需求与难度校准，不以旧资产数量决定题量。本轮先用作工程配套部件，该归属不否定其独立功能。	整数参数 ctrl（默认85）按 LSB-first 分解为7位，d0..d6 各自经 20p transition 输出 vhi(0.9)/vlo(0.0) 的静态电压轨;benchmark/reference/v4/release/benchmarkv4-r53/tasks/147-control-word-encoder-7b/evaluator/solution/control_word_encoder_7b.va	重写公开验收合同与独立checker，按实际工程动作改编，不原样承接旧三形态。;r53 将 bugfix seed 从 neg_002 改为 neg_003 的 policy_reviewed 决策是否有留档，需版本历史确认。;当前提议是按规格建立或补缺部件；若另出扩展题，须先建立健康工程，明确新增能力并同时验收原行为。	runs/v4-audit-20261010-r3/families/147/review.json	false	accepted_draft	eb532c7c8468aacfa95c33fe96973553ef87505a9484246c4352174ba3bda80b
148	148-four-channel-edge-sampler	混合信号基础辅助	采样保持	reserve_candidate	not_selected	spec-modeling	行为级四通道同步采样保持（S/H）。已有024基础代表；有限建立、下垂或多通道可在采样方向细化后扩展，先不批量增加同方向题量。	行为级四通道同步采样保持（S/H）;benchmark/reference/v4/release/benchmarkv4-r53/tasks/148-four-channel-edge-sampler/evaluator/solution/four_channel_edge_sampler.va	重写公开验收合同与独立checker，按实际工程动作改编，不原样承接旧三形态。;r53 将 bugfix seed 由 v3 的 neg_002 换为 neg_005 是有意（policy_reviewed）还是漂移，缺说明文档。	runs/v4-audit-20261010-r3/families/148/review.json	false	accepted_draft	7243c5013f29b00471441a575a1ac8cc11bf24f69f0ebacf8e734094be08fe15
149	149-dual-modulus-divider-16-17	时钟与PLL	时钟PLL与相位检测	reserve_candidate	not_selected	spec-modeling	双模前置分频器（÷16/÷17）。先覆盖001方向判决与060时钟测量；此分频/锁定/时间差能力留作系统配套或后续独立方向。	双模前置分频器（÷16/÷17）;benchmark/reference/v4/release/benchmarkv4-r53/tasks/149-dual-modulus-divider-16-17/evaluator/solution/dual_modulus_divider_16_17.va	重写公开验收合同与独立checker，按实际工程动作改编，不原样承接旧三形态。;neg_005（0.42 倍幅度）被 kill 的电平容差判据未知。	runs/v4-audit-20261010-r3/families/149/review.json	false	accepted_draft	796cb30b855688b59e58e1113fc7810074c4fa1e2924542ce28794e112119f0d
150	150-cyclic-decoder-12bit	转换器与采样	ADC量化与转换流程	support_component	not_selected	spec-modeling	资产可支持的电路功能。已有186控制和003残差优先代表；此量化/译码结构先保留，待系统边界及新增转换架构工作单元确定。本轮先用作工程配套部件，该归属不否定其独立功能。	资产可支持的电路功能;benchmark/reference/v4/release/benchmarkv4-r53/tasks/150-cyclic-decoder-12bit/evaluator/solution/cyclic_decoder_12bit.va	重写公开验收合同与独立checker，按实际工程动作改编，不原样承接旧三形态。;原电路来源未知：v3_178 'cyclic decoder' 是否源自循环 ADC 的逐周期判决收集，缺主源/原工程，需电路专家或原文确认命名与架构语境。;当前提议是按规格建立或补缺部件；若另出扩展题，须先建立健康工程，明确新增能力并同时验收原行为。	runs/v4-audit-20261010-r3/families/150/review.json	false	accepted_draft	762389dbbcd223dd9739c31788c29f2e460a852e5a71536e0ee6bcf04f3510b0
151	151-flash-8level-sum-delay	转换器与采样	ADC量化与转换流程	reserve_candidate	not_selected	spec-modeling	差分输入 flash 量化器的行为级模型。已有186控制和003残差优先代表；此量化/译码结构先保留，待系统边界及新增转换架构工作单元确定。	差分输入 flash 量化器的行为级模型;benchmark/reference/v4/release/benchmarkv4-r53/tasks/151-flash-8level-sum-delay/evaluator/solution/flash_8level_sum_delay.va	重写公开验收合同与独立checker，按实际工程动作改编，不原样承接旧三形态。;neg_001 缺参数导致参数覆盖型 TB 失效是静态推断，未经仿真确认。	runs/v4-audit-20261010-r3/families/151/review.json	false	accepted_draft	3148b2caf4bed2452267f79fa1ae935c6fecf28920a712d2a4807efdcc821b67
152	152-two-channel-sample-demux	混合信号基础辅助	采样保持	support_component	not_selected	spec-modeling	双通道时钟采样选择器。已有024基础代表；有限建立、下垂或多通道可在采样方向细化后扩展，先不批量增加同方向题量。本轮先用作工程配套部件，该归属不否定其独立功能。	双通道时钟采样选择器;benchmark/reference/v4/release/benchmarkv4-r53/tasks/152-two-channel-sample-demux/evaluator/solution/two_channel_sample_demux.va	重写公开验收合同与独立checker，按实际工程动作改编，不原样承接旧三形态。;r53 将 neg_002 纳入 652 负例集及 feedback deck 哈希变化是有意变更还是迁移副产品，需查主源版本记录。;当前提议是按规格建立或补缺部件；若另出扩展题，须先建立健康工程，明确新增能力并同时验收原行为。	runs/v4-audit-20261010-r3/families/152/review.json	false	accepted_draft	daa5f4af4981dfcb0d01495c63cbc37ed5c0ddfed9e664c79bd6a4efe4b56167
153	153-differential-dac-calc-6b	转换器与采样	DAC与码电平重构	reserve_candidate	not_selected	spec-modeling	时钟采样的 6 位二进制加权差分 DAC 行为级计算模型。先用002等少量DAC代表串联SAR/流水线信号路径；该码权或接口变体留作可替换素材，功能相近不等于重复字节或坏题。	时钟采样的 6 位二进制加权差分 DAC 行为级计算模型;benchmark/reference/v4/release/benchmarkv4-r53/tasks/153-differential-dac-calc-6b/evaluator/solution/differential_dac_calc_6b.va	重写公开验收合同与独立checker，按实际工程动作改编，不原样承接旧三形态。;私有 oracle 的 pass/kill 判定算法（对 gold 波形比较还是性质函数）不可见，其对候选自定激励与不同初值实现的鲁棒性无法静态确认。	runs/v4-audit-20261010-r3/families/153/review.json	false	accepted_draft	42de4a6ad3d60f38e408db9c0ce8f71b744ef3fc8986183f91b065e3c4553a90
154	154-flash-adc-threshold-taps	转换器与采样	ADC量化与转换流程	reserve_candidate	not_selected	spec-modeling	理想行为级 flash ADC 抽头比较模型。已有186控制和003残差优先代表；此量化/译码结构先保留，待系统边界及新增转换架构工作单元确定。	理想行为级 flash ADC 抽头比较模型;benchmark/reference/v4/release/benchmarkv4-r53/tasks/154-flash-adc-threshold-taps/evaluator/solution/flash_adc_threshold_taps.va	重写公开验收合同与独立checker，按实际工程动作改编，不原样承接旧三形态。;tap 索引 1,5,10,15,20,25,30 的非均匀选取是否来自原始工程设计（v3_183 源）无从查证，需电路专家判断保留还是改等间距 7-tap。	runs/v4-audit-20261010-r3/families/154/review.json	false	accepted_draft	c6458c24376df8f3cf1e359bbd7d15c95c82551b07f35db19ed18b1478e0e4c2
155	155-divide-by-two-toggle	时钟与PLL	时钟PLL与相位检测	reserve_candidate	not_selected	spec-modeling	时钟二分频 toggle（T 触发器式分频器）。先覆盖001方向判决与060时钟测量；此分频/锁定/时间差能力留作系统配套或后续独立方向。	时钟二分频 toggle（T 触发器式分频器）;benchmark/reference/v4/release/benchmarkv4-r53/tasks/155-divide-by-two-toggle/evaluator/solution/divide_by_two_toggle.va	重写公开验收合同与独立checker，按实际工程动作改编，不原样承接旧三形态。;1155 score_policy 的 buggy_bundle_sha256(d523b19d…) 与 starter 文件哈希(b62468d3…) 不同，疑为树/打包哈希口径差异，需维护方确认。	runs/v4-audit-20261010-r3/families/155/review.json	false	accepted_draft	9a38d027a289bf5a4d68526c4a057c1e4c2bb61964f2e28c523d150648261f66
156	156-dac-5v-weighted-7b	转换器与采样	DAC与码电平重构	reserve_candidate	not_selected	spec-modeling	电压模7位二进制加权DAC（带接refn的固定终端项，等效R-2R梯型电压求和拓扑）。先用002等少量DAC代表串联SAR/流水线信号路径；该码权或接口变体留作可替换素材，功能相近不等于重复字节或坏题。	电压模7位二进制加权DAC（带接refn的固定终端项，等效R-2R梯型电压求和拓扑）;benchmark/reference/v4/release/benchmarkv4-r53/tasks/156-dac-5v-weighted-7b/evaluator/solution/dac_5v_weighted_7b.va	重写公开验收合同与独立checker，按实际工程动作改编，不原样承接旧三形态。;156公开包是否实际包含starter .va（指示第10行引用其范围声明），需查public_bundle实际内容。	runs/v4-audit-20261010-r3/families/156/review.json	false	accepted_draft	8fb154b793720919e517cc5d344369ff0dc56a17d3653863deef48f70080ccdd
157	157-folded-flash-dac-4b	转换器与采样	DAC与码电平重构	reserve_candidate	not_selected	spec-modeling	折叠MSB选择8±低三位子码，16码映射15级的功能可追踪；相较002CDAC和003MDAC先留特殊译码备选，不能仅由题名认定完整折叠flash架构。	电压编码4位折叠码解码DAC;benchmark/reference/v4/release/benchmarkv4-r53/tasks/157-folded-flash-dac-4b/evaluator/solution/folded_flash_dac_4b.va	重写公开验收合同与独立checker，按实际工程动作改编，不原样承接旧三形态。;'folded flash DAC'是否对应真实published电路架构（折叠常见于ADC预处理；DAC侧折叠的工程动机）需电路专家与主源确认。	runs/v4-audit-20261010-r3/families/157/review.json	false	accepted_draft	b3224ddacf6a4da04af6045056e1c391a894422ac0b70b2ce9cc2891436d6b51
158	158-ref-flash-8level-decoder	转换器与采样	DAC与码电平重构	reserve_candidate	not_selected	spec-modeling	时钟采样的闪速ADC子级行为模型。先用002等少量DAC代表串联SAR/流水线信号路径；该码权或接口变体留作可替换素材，功能相近不等于重复字节或坏题。	时钟采样的闪速ADC子级行为模型;benchmark/reference/v4/release/benchmarkv4-r53/tasks/158-ref-flash-8level-decoder/evaluator/solution/ref_flash_8level_decoder.va	重写公开验收合同与独立checker，按实际工程动作改编，不原样承接旧三形态。;v3_187 原始工程与作者意图（残差无级间增益是否有意、tap阈值语义）无原文可查，来源写未知。;当前提议是按规格建立或补缺部件；若另出扩展题，须先建立健康工程，明确新增能力并同时验收原行为。	runs/v4-audit-20261010-r3/families/158/review.json	false	accepted_draft	476f28309061fe5c2d472ca39a1f5d29682570fb03ae85490dff1b0542e85245
159	159-ref-flash-15level-decoder	转换器与采样	DAC与码电平重构	reserve_candidate	not_selected	spec-modeling	时钟采样的15抽头thermometer分数译码器。先用002等少量DAC代表串联SAR/流水线信号路径；该码权或接口变体留作可替换素材，功能相近不等于重复字节或坏题。	时钟采样的15抽头thermometer分数译码器;benchmark/reference/v4/release/benchmarkv4-r53/tasks/159-ref-flash-15level-decoder/evaluator/solution/ref_flash_15level_decoder.va	重写公开验收合同与独立checker，按实际工程动作改编，不原样承接旧三形态。;r51→r53将bugfix种子由neg_002换为neg_004是策略选择还是记录错误，需向维护方确认。;当前提议是按规格建立或补缺部件；若另出扩展题，须先建立健康工程，明确新增能力并同时验收原行为。	runs/v4-audit-20261010-r3/families/159/review.json	false	accepted_draft	bccafc693d2d818c367306090949f8aad935a06abf6f9e8450b9ae0b5be9114e
160	160-divide-by-8-9-switch	时钟与PLL	时钟PLL与相位检测	reserve_candidate	not_selected	spec-modeling	双模（divide-by-8/9）时钟分频器的行为级 Verilog-A 模型。先覆盖001方向判决与060时钟测量；此分频/锁定/时间差能力留作系统配套或后续独立方向。	双模（divide-by-8/9）时钟分频器的行为级 Verilog-A 模型;benchmark/reference/v4/release/benchmarkv4-r53/tasks/160-divide-by-8-9-switch/evaluator/solution/divide_by_8_9_switch.va	重写公开验收合同与独立checker，按实际工程动作改编，不原样承接旧三形态。;evas/Spectre 对同刻 cross 事件的排序行为（F2c）未验证；现有 deck 未触发该场景。	runs/v4-audit-20261010-r3/families/160/review.json	false	accepted_draft	333b4ee276cf42220e27025641de171209dc166ccb2db275fbab7570ced68050
161	161-dac-restore-10bit-offset	转换器与采样	DAC与码电平重构	reserve_candidate	not_selected	spec-modeling	时钟上升沿采样11个位输入D0–D10，按512…1加权求和（D6、D7同为64），减32码偏置后以 (code+0.5)·lsb−0.9 映射为双极性电平并用20ps transition平滑保持。先用002等少量DAC代表串联SAR/流水线信号路径；该码权或接口变体留作可替换素材，功能相近不等于重复字节或坏题。	时钟上升沿采样11个位输入D0–D10，按512…1加权求和（D6、D7同为64），减32码偏置后以 (code+0.5)·lsb−0.9 映射为双极性电平并用20ps transition平滑保持;benchmark/reference/v4/release/benchmarkv4-r53/tasks/161-dac-restore-10bit-offset/evaluator/solution/dac_restore_10bit_offset.va	重写公开验收合同与独立checker，按实际工程动作改编，不原样承接旧三形态。;原电路主源未知：v3任务190谱系之外无原文，冗余64权重与-32偏置的架构动机（如某种过范围冗余编码）需电路专家或原始工程确认。;当前提议是按规格建立或补缺部件；若另出扩展题，须先建立健康工程，明确新增能力并同时验收原行为。	runs/v4-audit-20261010-r3/families/161/review.json	false	accepted_draft	2e7d934d457f436d612adf81c4cfa3c04f08acce8ecd3b15b45ee521593fb43c
162	162-flash-data-align-pipeline	转换器与采样	ADC量化与转换流程	support_component	not_selected	spec-modeling	8位温度计输入计数并四级寄存延迟发布，是flash后端译码与对齐部件；先服务003流水线/186SAR相关工程，不优先单列题量。四级延迟的实际系统匹配动机尚缺依据，不能当成已验证ADC系统性能。本轮先用作工程配套部件，该归属不否定其独立功能。	行为级 flash ADC 数字后端：clk 上升沿过 vth 采样 8 位 thermometer 输入（V(din)>vth 计 1），得到 0–8 的计数，经 dreg1→dreg4 四级移位（采样沿之后第 4 个上升沿发布），以 4 位电压编码二进制输出（dout0=LSB、dout3=MSB，transition 延迟 1p、边沿 50p）;benchmark/reference/v4/release/benchmarkv4-r53/tasks/162-flash-data-align-pipeline/evaluator/solution/flash_data_align_pipeline.va	重写公开验收合同与独立checker，按实际工程动作改编，不原样承接旧三形态。;明确初态、输入阈值、输出逻辑轨与四级延迟的采样/发布索引；若用于对齐工程，补上相应延迟匹配合同。	runs/v4-audit-20261010-r3/families/162/review.json	false	accepted_draft	b5ad89dda91a1c3c18728a81656bcca5ac5568f40a89ad9a6d8f132746f3085b
163	163-cyclic-decoder-10b	转换器与采样	ADC量化与转换流程	support_component	not_selected	spec-modeling	五端口事件驱动行为模块，充当串行决策译码后端。已有186控制和003残差优先代表；此量化/译码结构先保留，待系统边界及新增转换架构工作单元确定。本轮先用作工程配套部件，该归属不否定其独立功能。	五端口事件驱动行为模块，充当串行决策译码后端;benchmark/reference/v4/release/benchmarkv4-r53/tasks/163-cyclic-decoder-10b/evaluator/solution/cyclic_decoder_10b.va	重写公开验收合同与独立checker，按实际工程动作改编，不原样承接旧三形态。;原电路出处未知：v3_193 及更早来源无原文/原工程，半权重三态编码（dp 低且 dn 高加半权重）对应何种真实比较器/循环 ADC 接口需电路专家确认。;当前提议是按规格建立或补缺部件；若另出扩展题，须先建立健康工程，明确新增能力并同时验收原行为。	runs/v4-audit-20261010-r3/families/163/review.json	false	accepted_draft	dbe59a07539964937825bdc46ebb4658317c2d118ab27b63af7587127396ab61
164	164-ideal-adc-out-7bits	转换器与采样	DAC与码电平重构	reserve_candidate	not_selected	spec-modeling	7 输入二进制加权求和的 DAC 型行为块。先用002等少量DAC代表串联SAR/流水线信号路径；该码权或接口变体留作可替换素材，功能相近不等于重复字节或坏题。	7 输入二进制加权求和的 DAC 型行为块;benchmark/reference/v4/release/benchmarkv4-r53/tasks/164-ideal-adc-out-7bits/evaluator/solution/ideal_adc_out_7bits_scalar.va	重写公开验收合同与独立checker，按实际工程动作改编，不原样承接旧三形态。;harness_spec.migration 记录的 legacy deck sha（49e931…/3db36e…）与 provenance task_record 中 feedback/score deck sha（73af92…/82f1d8…）不一致，需查原始 v3 快照判断是版本差异还是记录错误。;当前提议是按规格建立或补缺部件；若另出扩展题，须先建立健康工程，明确新增能力并同时验收原行为。	runs/v4-audit-20261010-r3/families/164/review.json	false	accepted_draft	9325a651dd2d82c0df2b9f4196352a6a0649a5b239b469728cf65bc6b79376fb
165	165-va-lx-dac-ideal-4b	转换器与采样	DAC与码电平重构	reserve_candidate	not_selected	spec-modeling	理想 4 位单极性电压 DAC 行为模型。先用002等少量DAC代表串联SAR/流水线信号路径；该码权或接口变体留作可替换素材，功能相近不等于重复字节或坏题。	理想 4 位单极性电压 DAC 行为模型;benchmark/reference/v4/release/benchmarkv4-r53/tasks/165-va-lx-dac-ideal-4b/evaluator/solution/va_lx_dac_ideal_4b.va	重写公开验收合同与独立checker，按实际工程动作改编，不原样承接旧三形态。;各树/束哈希（4c4e27f4、b31917f6、f81d8c44、fe74c134）的打包文件范围未知，需仓库口径说明后才能当文件级校验使用。	runs/v4-audit-20261010-r3/families/165/review.json	false	accepted_draft	a7fa65ce721a883a7c2828b2be2deec6983b4c5b2c161cf39726166e51a6b00b
166	166-l2-cdac-4b-residue	转换器与采样	DAC与码电平重构	reserve_candidate	not_selected	spec-modeling	下降沿捕获vin、三个控制上升沿按1/2、1/4、1/8参考跨度累加余差，功能有独立建模价值；先以002码电平DAC和003三区MDAC作代表，此加性CDAC余差保留备选，不直接将标题4b/L2当真实4位级架构。	行为级开关电容DAC残留更新模块：initial_step与clks下降沿（过vdd/2）把vin采样进保持电平vres_level并覆盖旧值；dctrl3/2/1上升沿分别叠加1/2、1/4、1/8倍参考跨度(vrefp-vrefn)；输出经20ps transition保持累加结果;benchmark/reference/v4/release/benchmarkv4-r53/tasks/166-l2-cdac-4b-residue/evaluator/solution/l2_cdac_4b_residue.va	重写公开验收合同与独立checker，按实际工程动作改编，不原样承接旧三形态。;公开同刻重采样与控制沿次序、权重和保持范围；真实4位MDAC方向需另定第4位、减法与级增益合同。	runs/v4-audit-20261010-r3/families/166/review.json	false	accepted_draft	613288f31b8e3bc46a8180affd6f65eac568cc59db9ee7ea52137b046e1fb780
167	167-ideal-clkmux-8channel	时钟与PLL	数据通路与配置辅助	support_component	not_selected	spec-modeling	时钟驱动的 8:1 模拟多路复用器。先服务SAR/流水线/前端工程集成；该选择、配置或重定时原语不优先独立成题，仍可考VA接口与状态协作。本轮先用作工程配套部件，该归属不否定其独立功能。	时钟驱动的 8:1 模拟多路复用器;benchmark/reference/v4/release/benchmarkv4-r53/tasks/167-ideal-clkmux-8channel/evaluator/solution/ideal_clkmux_8channel.va	重写公开验收合同与独立checker，按实际工程动作改编，不原样承接旧三形态。;1167 score_policy 的 buggy_bundle_sha256(3808…) 疑为 buggy_bundle 目录树哈希（同 gold_bundle 76cf… 的树哈希惯例），仅凭所给单文件字节无法核实。;当前提议是按规格建立或补缺部件；若另出扩展题，须先建立健康工程，明确新增能力并同时验收原行为。	runs/v4-audit-20261010-r3/families/167/review.json	false	accepted_draft	c918ef24af288cbc55a1f0733d463f88b28c0cdc2f5aec011f42d6513493a9ca
168	168-dac-ideal-4b-offset	转换器与采样	DAC与码电平重构	reserve_candidate	not_selected	spec-modeling	理想4位电压型offset/trim DAC行为模型。先用002等少量DAC代表串联SAR/流水线信号路径；该码权或接口变体留作可替换素材，功能相近不等于重复字节或坏题。	理想4位电压型offset/trim DAC行为模型;benchmark/reference/v4/release/benchmarkv4-r53/tasks/168-dac-ideal-4b-offset/evaluator/solution/dac_ideal_4b_offset.va	重写公开验收合同与独立checker，按实际工程动作改编，不原样承接旧三形态。;scaling=32*10/9(=16/vth)的原始设计出处与意图：缺原文/原工程，来源未知，不按命名推断。;当前提议是按规格建立或补缺部件；若另出扩展题，须先建立健康工程，明确新增能力并同时验收原行为。	runs/v4-audit-20261010-r3/families/168/review.json	false	accepted_draft	b0c805ba902a2e5ea2ce4dc905971036a5eb5f6fbeae602f1fd31efd1fda06ba
169	169-linear-pfd-gain	时钟与PLL	时钟PLL与相位检测	rebuild_topic	not_selected	spec-modeling	源码唯一贡献out=kphi*(in1-in2)，没有沿时间、相位状态或UP/DN，不能以现代码作为PFD代表；若保留PFD方向重建鉴相机制，该线性增益块可作配套。	三端口连续模拟宏;benchmark/reference/v4/release/benchmarkv4-r53/tasks/169-linear-pfd-gain/evaluator/solution/linear_pfd_gain.va	重写公开验收合同与独立checker，按实际工程动作改编，不原样承接旧三形态。;harness_spec 记录的 legacy deck 哈希（feedback 4346e7b4、score 9cfcf468）与 provenance/r53 现存字节（feedback e98b549e、score ec0bc1d7）均不一致，且对应文件未在资产内，需查主源判断是版本差异还是记录错误。;源码唯一贡献out=kphi*(in1-in2)，没有沿时间、相位状态或UP/DN，不能以现代码作为PFD代表；若保留PFD方向重建鉴相机制，该线性增益块可作配套。	runs/v4-audit-20261010-r3/families/169/review.json;benchmark/reference/v4/release/benchmarkv4-r53/tasks/169-linear-pfd-gain/evaluator/solution/linear_pfd_gain.va	true	accepted_draft	0fbf18ec6166cf725b786c17c41c45efb450fb5b0f86b96994453c0013f1df23
170	170-comparator-delay-overdrive-meter	比较器与判决	在线测量与表征	priority_seed	first	testing-characterization	测量模块与过驱动相关延时比较器真实连接，捕获发射时刻和实际判决沿，优先作为delay-vs-overdrive的VA仪表代表；单位与过驱动报告更新时机须重做统一。	比较器特性测量台;benchmark/reference/v4/release/benchmarkv4-r53/tasks/170-comparator-delay-overdrive-meter/evaluator/solution/comparator_delay_overdrive_meter.va;benchmark/reference/v4/release/benchmarkv4-r53/tasks/170-comparator-delay-overdrive-meter/evaluator/solution/support/support_overdrive_delay_comparator.va	重写公开验收合同与独立checker，按实际工程动作改编，不原样承接旧三形态。;参考delay_ps输出秒、overdrive_mv输出伏，旧starter却乘1e12/1e3；统一端口命名、输出尺度、说明和负例，避免单位偏差掩盖测量故障。;合同要求判决沿同时发布延时和过驱动，参考在clk发射沿即更新过驱动；统一采样、报告与valid时序。;测量终点为输出过电源中点，应验收实际clock-to-crossing而非直接把support参数td当结果；补丢失判决、重臂和同刻双输出的明确处理。	runs/v4-audit-20261010-r3/families/170/review.json;benchmark/reference/v4/release/benchmarkv4-r53/tasks/170-comparator-delay-overdrive-meter/evaluator/solution/comparator_delay_overdrive_meter.va;benchmark/reference/v4/release/benchmarkv4-r53/tasks/170-comparator-delay-overdrive-meter/evaluator/solution/support/support_overdrive_delay_comparator.va;benchmark/reference/v4/release/benchmarkv4-r53/tasks/170-comparator-delay-overdrive-meter/evaluator/score_tb.scs;benchmark/reference/v4/release/benchmarkv4-r53/tasks/170-comparator-delay-overdrive-meter/public/instruction.md;benchmark/reference/v4/release/benchmarkv4-r53/tasks/1170-comparator-delay-overdrive-meter-bugfix/public/buggy_bundle/comparator_delay_overdrive_meter.va	true	accepted_draft	be1278fbba71077bea1f0c6b1018355c459c673bf8ade7ab35ffb2a9484a9f1c
171	171-comparator-offset-driver	比较器与判决	校准与修调	reserve_candidate	not_selected	spec-modeling	时钟驱动的二分搜索差分激励驱动器。先用109真实响应搜索和183逐位控制作代表；该修调状态律保留为替代或补模块，先不把PWL判决当校准闭环。	时钟驱动的二分搜索差分激励驱动器;benchmark/reference/v4/release/benchmarkv4-r53/tasks/171-comparator-offset-driver/evaluator/solution/comparator_offset_binary_driver.va	重写公开验收合同与独立checker，按实际工程动作改编，不原样承接旧三形态。;原电路来源未知：仅知 v3 source_slug 203-comparator-offset-driver（provenance task_record 第 31 行），无原始设计或文献可查。	runs/v4-audit-20261010-r3/families/171/review.json	false	accepted_draft	920d6a3eff486fab5fc2528e1e3e36d4c33ed51fb1b011edf8393627706082f1
172	172-pipe-2lane-edge-align	转换器与采样	数据通路与配置辅助	support_component	not_selected	spec-modeling	电压域行为级双沿 2:1 数据通道选择/对齐原语。先服务SAR/流水线/前端工程集成；该选择、配置或重定时原语不优先独立成题，仍可考VA接口与状态协作。本轮先用作工程配套部件，该归属不否定其独立功能。	电压域行为级双沿 2:1 数据通道选择/对齐原语;benchmark/reference/v4/release/benchmarkv4-r53/tasks/172-pipe-2lane-edge-align/evaluator/solution/pipe_2lane_edge_align.va	重写公开验收合同与独立checker，按实际工程动作改编，不原样承接旧三形态。;原电路出处：资产仅给 benchmark 内部 lineage（source_slug 204-pipe-2lane-edge-align），无外部原文，来源未知。;当前提议是按规格建立或补缺部件；若另出扩展题，须先建立健康工程，明确新增能力并同时验收原行为。	runs/v4-audit-20261010-r3/families/172/review.json	false	accepted_draft	334994a4ff6327bf0ad11fd021a4df83dcb9be24459f658dfe1c7cee0525efac
173	173-dac-serial-accumulator	转换器与采样	DAC与码电平重构	reserve_candidate	not_selected	spec-modeling	MSB-first串行码按递减位权累加并映射双极电压，提供串行加载DAC功能；先选002并行差分DAC，此串行接口留作替代或SAR配套素材。没有比较器不否定DAC部件，但不能据此宣称完整SAR转换。	MSB-first 串行加权 DAC 累加器，可视为 SAR ADC 反馈 DAC 的行为级片段：clk_sample 下降沿复位累加器 state 与位计数器 counter；clk_sarready 下降沿在计数未达 bit_count 时按 1/2、1/4、1/8… 递减权重累加 data（以 vcm 为判决阈值）；out=2·vdd·state−vdd 双极输出并在事件间保持;benchmark/reference/v4/release/benchmarkv4-r53/tasks/173-dac-serial-accumulator/evaluator/solution/dac_serial_accumulator.va	重写公开验收合同与独立checker，按实际工程动作改编，不原样承接旧三形态。;明确双极映射、初态、复位沿与bit_count结束后的保持；若另建SAR工程须补真实判决与控制连接。	runs/v4-audit-20261010-r3/families/173/review.json	false	accepted_draft	ab30fc0aaf3a38c95897bff27284cf4a089d04a314e8781efc21849603973451
174	174-iterative-isar-dac	转换器与采样	ADC量化与转换流程	reserve_candidate	not_selected	spec-modeling	该模块是 SAR 式数据转换器中的比较器导向搜索 DAC 行为块（搜索控制+反馈 DAC）。已有186控制和003残差优先代表；此量化/译码结构先保留，待系统边界及新增转换架构工作单元确定。	该模块是 SAR 式数据转换器中的比较器导向搜索 DAC 行为块（搜索控制+反馈 DAC）;benchmark/reference/v4/release/benchmarkv4-r53/tasks/174-iterative-isar-dac/evaluator/solution/iterative_isar_dac.va	重写公开验收合同与独立checker，按实际工程动作改编，不原样承接旧三形态。;neg_004 元数据与代码不一致的成因（生成器缺陷或有意变更）需查 r45/r51 生成脚本与 v3 快照。	runs/v4-audit-20261010-r3/families/174/review.json	false	accepted_draft	9d62a13e7f518d4ca2f7b4a79e5291867794972d2d71b053aad852ec3259a863
175	175-offset-bisection-driver	比较器与判决	校准与修调	reserve_candidate	not_selected	spec-modeling	比较器失调校准/伺服搜索环里的二分（逐次逼近）差分激励驱动器。先用109真实响应搜索和183逐位控制作代表；该修调状态律保留为替代或补模块，先不把PWL判决当校准闭环。	比较器失调校准/伺服搜索环里的二分（逐次逼近）差分激励驱动器;benchmark/reference/v4/release/benchmarkv4-r53/tasks/175-offset-bisection-driver/evaluator/solution/offset_bisection_driver.va	重写公开验收合同与独立checker，按实际工程动作改编，不原样承接旧三形态。;675 候选人实际能否拿到兄弟任务 175/1175 的 public visible_test.scs 取决于发布打包方式，静态资产无法确认（F5 的泄漏前提）。	runs/v4-audit-20261010-r3/families/175/review.json	false	accepted_draft	fe3f04d1f9a35bebe56286a4a6331141eaa16f0c36fb00c1bb01274a5f5540e1
176	176-weighted-decoder-7b5	转换器与采样	DAC与码电平重构	reserve_candidate	not_selected	spec-modeling	组合逻辑解码块。先用002等少量DAC代表串联SAR/流水线信号路径；该码权或接口变体留作可替换素材，功能相近不等于重复字节或坏题。	组合逻辑解码块;benchmark/reference/v4/release/benchmarkv4-r53/tasks/176-weighted-decoder-7b5/evaluator/solution/weighted_decoder_7b5.va	重写公开验收合同与独立checker，按实际工程动作改编，不原样承接旧三形态。;272=2×136（隐含 0.5 固定参考基）与“冗余 SAR 解码”框架的原始工程出处未知（v3 source_slug 209-weighted-decoder-7b5 再往前无原文），需电路专家或主源确认架构叙事。;当前提议是按规格建立或补缺部件；若另出扩展题，须先建立健康工程，明确新增能力并同时验收原行为。	runs/v4-audit-20261010-r3/families/176/review.json	false	accepted_draft	f9f17cd44527608f8eb7009684b15cb0f68b47ae2fe0bf24ede0d9011c1ec2e9
177	177-sync-8b-dffs-v2	转换器与采样	数据通路与配置辅助	support_component	not_selected	spec-modeling	九相位电压域位对齐/重定时（deskew）链。先服务SAR/流水线/前端工程集成；该选择、配置或重定时原语不优先独立成题，仍可考VA接口与状态协作。本轮先用作工程配套部件，该归属不否定其独立功能。	九相位电压域位对齐/重定时（deskew）链;benchmark/reference/v4/release/benchmarkv4-r53/tasks/177-sync-8b-dffs-v2/evaluator/solution/sync_8b_dffs_v2.va	重写公开验收合同与独立checker，按实际工程动作改编，不原样承接旧三形态。;r51 历史认证（gold pass、5/5 killed，rust_evas2/EVAS 0.8.3）本轮未复跑，声明不能当作新验收证据。;当前提议是按规格建立或补缺部件；若另出扩展题，须先建立健康工程，明确新增能力并同时验收原行为。	runs/v4-audit-20261010-r3/families/177/review.json	false	accepted_draft	34c9c39ca28aaccb50841f6262dce91474663c3b35613ba98a132aabe26a743b
178	178-onehot-progress-encoder	混合信号基础辅助	数据通路与配置辅助	support_component	not_selected	spec-modeling	16 级顺序进度标记电路。先服务SAR/流水线/前端工程集成；该选择、配置或重定时原语不优先独立成题，仍可考VA接口与状态协作。本轮先用作工程配套部件，该归属不否定其独立功能。	16 级顺序进度标记电路;benchmark/reference/v4/release/benchmarkv4-r53/tasks/178-onehot-progress-encoder/evaluator/solution/onehot_progress_encoder.va	重写公开验收合同与独立checker，按实际工程动作改编，不原样承接旧三形态。;v3 slug 212 之前的原始电路出处未知，无原文可对照。;当前提议是按规格建立或补缺部件；若另出扩展题，须先建立健康工程，明确新增能力并同时验收原行为。	runs/v4-audit-20261010-r3/families/178/review.json	false	accepted_draft	ce169a4725c64a7ea30dcd21aafeae1fefb646df4f645b3767bedb927ef050f0
179	179-tdc-ideal-edge-delta	测量与测试激励	时钟PLL与相位检测	reserve_candidate	not_selected	testing-characterization	理想双通道边沿间隔 TDC 测量原语。先覆盖001方向判决与060时钟测量；此分频/锁定/时间差能力留作系统配套或后续独立方向。	理想双通道边沿间隔 TDC 测量原语;benchmark/reference/v4/release/benchmarkv4-r53/tasks/179-tdc-ideal-edge-delta/evaluator/solution/tdc_ideal_edge_delta.va	重写公开验收合同与独立checker，按实际工程动作改编，不原样承接旧三形态。;r53 将 bugfix seed 从 provenance 的 neg_003 换为 neg_004（score_policy 标 policy_reviewed）是否有变更记录，需库方确认；按历史与当前不同处理。	runs/v4-audit-20261010-r3/families/179/review.json	false	accepted_draft	a86e5515533c8c90a1b5ba4ceb6b7d9d875625fe8a85af61d37b0944f03c8789
180	180-track-hold-with-droop-and-aperture	转换器与采样	采样保持	reserve_candidate	not_selected	spec-modeling	电压域行为级采样保持器（track/hold）。已有024基础代表；有限建立、下垂或多通道可在采样方向细化后扩展，先不批量增加同方向题量。	电压域行为级采样保持器（track/hold）;benchmark/reference/v4/release/benchmarkv4-r53/tasks/180-track-hold-with-droop-and-aperture/evaluator/solution/track_hold_aperture.va	重写公开验收合同与独立checker，按实际工程动作改编，不原样承接旧三形态。;规范激励下 aperture_metric 仅数 mV，独立 oracle 的容差与波形分辨率需求需实际仿真确定。	runs/v4-audit-20261010-r3/families/180/review.json	false	accepted_draft	7113513d5eb24b2a981ebc52b02e0bcf8b28fc93bb7e8e274bf1c6595c4d4dae
181	181-pipe15-data-align	转换器与采样	数据通路与配置辅助	support_component	not_selected	spec-modeling	15位并行数据对齐器。先服务SAR/流水线/前端工程集成；该选择、配置或重定时原语不优先独立成题，仍可考VA接口与状态协作。本轮先用作工程配套部件，该归属不否定其独立功能。	15位并行数据对齐器;benchmark/reference/v4/release/benchmarkv4-r53/tasks/181-pipe15-data-align/evaluator/solution/pipe15_data_align.va	重写公开验收合同与独立checker，按实际工程动作改编，不原样承接旧三形态。;输出电平合同本意是透传采样电平还是恢复到声明rail（是否本应有vdd参数）：需查v3-215原始任务或电路专家确认。;当前提议是按规格建立或补缺部件；若另出扩展题，须先建立健康工程，明确新增能力并同时验收原行为。	runs/v4-audit-20261010-r3/families/181/review.json	false	accepted_draft	aaa07566f3685faa0c6456c94e4f78d994873767ed780593f9e37bd51bc6a66e
182	182-clocked-mux4-sampler	混合信号基础辅助	数据通路与配置辅助	reserve_candidate	not_selected	spec-modeling	下降沿且update有效时锁存两位选择码并捕获四路之一，带复位与保持，可作为多通道采样候选；先选024单通道采样基础，182保留多通道功能备选，待相应应用场景与更新协议确定，不把它视为仅有配套用途。	四选一模拟多路选择器加输出采保级（mux + S/H）：dsel0/dsel1 在 clks 下降沿且 update 高时被锁存并采样所选 din0..din3；update 低时保持上次选择与输出；rst 高时异步回到 din0；dout 经 tdel/tr/tf 过渡驱动;benchmark/reference/v4/release/benchmarkv4-r53/tasks/182-clocked-mux4-sampler/evaluator/solution/clocked_mux4_sampler.va	重写公开验收合同与独立checker，按实际工程动作改编，不原样承接旧三形态。;定义rst期间连续强制还是事件采样、初态和同刻优先级；公开tdel/tr/tf参数与合法输出保持。	runs/v4-audit-20261010-r3/families/182/review.json	false	accepted_draft	341973ed85d76fa96b9a654270bcdf9a9462fb4d81fea6652f317b2650de1aa0
183	183-foreground-rdac-calibrator	校准与修调	校准与修调	priority_seed	first	spec-modeling	逐位试码、判决与完成使能适合前景校准控制器代表；现判决来自PWL，闭环性能须补RDAC和比较器。	7 位 SAR 式前景校准控制器（数字行为级 Verilog-A）;benchmark/reference/v4/release/benchmarkv4-r53/tasks/183-foreground-rdac-calibrator/evaluator/solution/foreground_rdac_calibrator.va	重写公开验收合同与独立checker，按实际工程动作改编，不原样承接旧三形态。;家族在 v3_218 之前的原始出处（论文/工程原文）不可得，来源未知；provenance 仅到 r51 rust_evas2 认证快照，不能当作当前正确性证明。;新增RDAC传输与比较器判决回接后，才能给闭环校准误差或收敛题。;当前提议是按规格建立或补缺部件；若另出扩展题，须先建立健康工程，明确新增能力并同时验收原行为。	runs/v4-audit-20261010-r3/families/183/review.json;benchmark/reference/v4/release/benchmarkv4-r53/tasks/183-foreground-rdac-calibrator/evaluator/solution/foreground_rdac_calibrator.va;benchmark/reference/v4/release/benchmarkv4-r53/tasks/183-foreground-rdac-calibrator/evaluator/score_tb.scs	true	accepted_draft	034e01c41df6b7ee59f34aeb54177e94c5629a399fa9b44ad1f96eddbb22a27b
184	184-offset-rdac-search-flow	校准与修调	校准与修调	reserve_candidate	not_selected	spec-modeling	RDAC试位后串接八拍失调搜索与参考步进，现为复合激励序列；相较109真实反馈与183单一逐位控制先作校准流程备选，反馈工程和阶段边界需核实。	模块是前台校准序列发生器/激励发生器;benchmark/reference/v4/release/benchmarkv4-r53/tasks/184-offset-rdac-search-flow/evaluator/solution/offset_rdac_search_flow.va	重写公开验收合同与独立checker，按实际工程动作改编，不原样承接旧三形态。;原电路出处未知：资产内无可查的 v3 家族 219 之前原文或原工程，来源只能写未知。	runs/v4-audit-20261010-r3/families/184/review.json	false	accepted_draft	17c1e128b5bb8fded37e22857fdef3fe95e74fe55bbacb1060297b6723d34213
185	185-spi-shift-mux	混合信号基础辅助	数据通路与配置辅助	support_component	not_selected	spec-modeling	8 位 SPI 串行配置移位寄存器（SIPO＋串行回读）。先服务SAR/流水线/前端工程集成；该选择、配置或重定时原语不优先独立成题，仍可考VA接口与状态协作。本轮先用作工程配套部件，该归属不否定其独立功能。	8 位 SPI 串行配置移位寄存器（SIPO＋串行回读）;benchmark/reference/v4/release/benchmarkv4-r53/tasks/185-spi-shift-mux/evaluator/solution/spi_shift_mux.va	重写公开验收合同与独立checker，按实际工程动作改编，不原样承接旧三形态。;原始电路出处：仅知源自 v3-220-spi-shift-mux，再往上的文献或工程来源未知。;当前提议是按规格建立或补缺部件；若另出扩展题，须先建立健康工程，明确新增能力并同时验收原行为。	runs/v4-audit-20261010-r3/families/185/review.json	false	accepted_draft	68355cd89fa0bdaaad78494d8890fca8d867f454fe52e7f286ac85e1ea0fc094
186	186-sarfend-logic-4b	转换器与采样	ADC量化与转换流程	priority_seed	first	spec-modeling;testing-characterization	比较请求、判决接受、复位后重发及四位发布有真实SAR控制时序，继续保留既有转换协议方向。	4位SAR ADC前端数字控制逻辑（逐次逼近控制状态机）;benchmark/reference/v4/release/benchmarkv4-r53/tasks/186-sarfend-logic-4b/evaluator/solution/sarfend_logic_4b.va	重写公开验收合同与独立checker，按实际工程动作改编，不原样承接旧三形态。;manifest称neg_003杀死P_TEST_OVERRIDE_BEHAVIOR：是oracle真把clkc握手绑定到该property，还是目录归属错误，静态不可判。	runs/v4-audit-20261010-r3/families/186/review.json;benchmark/reference/v4/release/benchmarkv4-r53/tasks/186-sarfend-logic-4b/evaluator/solution/sarfend_logic_4b.va	true	accepted_draft	7f6872cdac4f9aefce843d899e7f4581fbc88b2fccc79583c62119943f045a67
187	187-adc-sample-clock-sequencer	时钟与PLL	激励与测试源	support_component	not_selected	spec-modeling	无输入、六输出的自由运行多相位 ADC 时序发生器。先作为已选实验的激励部件；单独源的独立题量待真实协议需求与难度校准，不以旧资产数量决定题量。本轮先用作工程配套部件，该归属不否定其独立功能。	无输入、六输出的自由运行多相位 ADC 时序发生器;benchmark/reference/v4/release/benchmarkv4-r53/tasks/187-adc-sample-clock-sequencer/evaluator/solution/adc_sample_clock_sequencer.va	重写公开验收合同与独立checker，按实际工程动作改编，不原样承接旧三形态。;该 18 ns 三相时序的工程出处（是否来自真实 ADC 设计或教材时序图）未知，需电路专家或主源确认。;当前提议是按规格建立或补缺部件；若另出扩展题，须先建立健康工程，明确新增能力并同时验收原行为。	runs/v4-audit-20261010-r3/families/187/review.json	false	accepted_draft	f48cc97ec0194de56d04fc6c10d7de0f625028e0e3bb573987561b678a308b6f
188	188-cdac-bidirect-residue	转换器与采样	DAC与码电平重构	reserve_candidate	not_selected	spec-modeling	重采vin后MSB下降加0.5V、六个低位上升逐级减权，形成单位增益CDAC余差；相较002DAC和003MDAC先保留双向切换备选。真实级拓扑出处及串联事件的武装语义未证实，需在细化时查证，不据未知武断淘汰。	采样保持型 CDAC 余差（residue）发生器的行为级模型：initial_step 与 clks 下降沿把 vin 采样进状态 r；dctrl7 下降加半刻度步进（+0.5 V，即 1 V 归一化参考跨度的一半），dctrl6..dctrl1 上升按二进制权重递减减去 0.25…1/128 V；vres 用 transition(20p) 连续保持当前 r;benchmark/reference/v4/release/benchmarkv4-r53/tasks/188-cdac-bidirect-residue/evaluator/solution/cdac_bidirect_residue.va	重写公开验收合同与独立checker，按实际工程动作改编，不原样承接旧三形态。;明确0.5V阈值、各沿方向和硬编码权重；按标准VA事件语义审查串联事件语句，并用改变事件先后顺序的场景校准。	runs/v4-audit-20261010-r3/families/188/review.json	false	accepted_draft	60c5b6c813561a93973913f4a3e29fad5d645c37e5d0ac28a2423139c53744a1
189	189-trim-ctrl-4bit	校准与修调	校准与修调	support_component	not_selected	spec-modeling	4位trim控制译码叶子块。先用109真实响应搜索和183逐位控制作代表；该修调状态律保留为替代或补模块，先不把PWL判决当校准闭环。本轮先用作工程配套部件，该归属不否定其独立功能。	4位trim控制译码叶子块;benchmark/reference/v4/release/benchmarkv4-r53/tasks/189-trim-ctrl-4bit/evaluator/solution/trim_ctrl_4bit.va	重写公开验收合同与独立checker，按实际工程动作改编，不原样承接旧三形态。;catalog称neg_002在feedback profile下因P_ANALOG_INPUT_ROUNDING被killed：推断oracle的该检查实际比较了全部位模式，需查实现验证。;当前提议是按规格建立或补缺部件；若另出扩展题，须先建立健康工程，明确新增能力并同时验收原行为。	runs/v4-audit-20261010-r3/families/189/review.json	false	accepted_draft	fc3de7582644c36cc9c3215d6a5ba13a75322a8ff77f40325a9e10cfe752c491
190	190-linearity-rdac-offset-sweep	校准与修调	校准与修调	reserve_candidate	not_selected	spec-modeling	该模块是一个时钟驱动的测量激励发生器。先用109真实响应搜索和183逐位控制作代表；该修调状态律保留为替代或补模块，先不把PWL判决当校准闭环。	该模块是一个时钟驱动的测量激励发生器;benchmark/reference/v4/release/benchmarkv4-r53/tasks/190-linearity-rdac-offset-sweep/evaluator/solution/linearity_rdac_offset_sweep.va	重写公开验收合同与独立checker，按实际工程动作改编，不原样承接旧三形态。;testbench 候选可否在实例行覆写 iter_num/nlvl 等参数未规定，直接影响 kill 策略与 wrap 覆盖可行性。	runs/v4-audit-20261010-r3/families/190/review.json	false	accepted_draft	5a3ffa3cd10d379d7aa59f48182e16ea76f42d2552210c8b1cfe26d1e134f515
191	191-sar-das-logic-6b	转换器与采样	ADC量化与转换流程	reserve_candidate	not_selected	spec-modeling	6位逐次逼近(SAR)ADC的差分DAC开关控制时序逻辑（纯事件驱动电压域行为模型）。已有186控制和003残差优先代表；此量化/译码结构先保留，待系统边界及新增转换架构工作单元确定。	6位逐次逼近(SAR)ADC的差分DAC开关控制时序逻辑（纯事件驱动电压域行为模型）;benchmark/reference/v4/release/benchmarkv4-r53/tasks/191-sar-das-logic-6b/evaluator/solution/sar_das_logic_6b.va	重写公开验收合同与独立checker，按实际工程动作改编，不原样承接旧三形态。;neg_001–neg_005的certification证据文件（negative_variants/*/certification.json）未在资产中展开，'killed_behaviorally'与性质映射（尤其neg_005）无法静态复核。	runs/v4-audit-20261010-r3/families/191/review.json	false	accepted_draft	b31502d63c85849a13d0515d64a00d558a248cca87a8be4be4c24ef7d2777eeb
192	192-sar-logic-4b-self-timed	转换器与采样	ADC量化与转换流程	reserve_candidate	not_selected	spec-modeling	比较器脉冲驱动四位自定时请求/步进和底极板控制，保留SAR控制器功能；先用186现有握手控制方向减少同功能首批题量，192作为不同控制约定的备选，功能相近不等于重复或坏题。	4位自定时SAR ADC控制器（纯电压域事件驱动VA）：clkc上升沿按t_logic_delay调度首拍比较器时钟cmpck为高；差分比较器输出dcmpp/dcmpn的脉冲上升沿按V(dcmpp)>V(dcmpn)锁存判决到dout{step}（MSB优先，step=4→1），step>1时正判清dbotp{step-1}、负判清dbotn{step-1}，与差分电荷再分配CDAC底极板开关约定一致；脉冲下降沿步进减一并再次使能cmpck，step=1判决后不再步进;benchmark/reference/v4/release/benchmarkv4-r53/tasks/192-sar-logic-4b-self-timed/evaluator/solution/sar_logic_4b_self_timed.va	重写公开验收合同与独立checker，按实际工程动作改编，不原样承接旧三形态。;公开启动到cmpck调度、复位与边界事件合同，确认底极板正负侧开关约定；补比较器/CDAC属于建立转换工程，不自动列扩展集成。	runs/v4-audit-20261010-r3/families/192/review.json	false	accepted_draft	73a7a8e8fc320e30819d9eb32356291c3674027f255d077e0fc61ef8cd32af28
193	193-pfd-tdomain-reset-window	时钟与PLL	时钟PLL与相位检测	reserve_candidate	not_selected	spec-modeling	带定时复位重叠窗的鉴频鉴相器（PFD）行为原语。先覆盖001方向判决与060时钟测量；此分频/锁定/时间差能力留作系统配套或后续独立方向。	带定时复位重叠窗的鉴频鉴相器（PFD）行为原语;benchmark/reference/v4/release/benchmarkv4-r53/tasks/193-pfd-tdomain-reset-window/evaluator/solution/pfd_tdomain_reset_window.va	重写公开验收合同与独立checker，按实际工程动作改编，不原样承接旧三形态。;neg_005 的 0.42 幅度缩放在 oracle 下实际触发哪条性质（catalog 归 P_RESET_OVERLAP_WINDOW，静态看更像 P_PFD_OUTPUT_LEVELS）需仿真确认。	runs/v4-audit-20261010-r3/families/193/review.json	false	accepted_draft	218c6e82f81bc4175a743228271359fa934b3a2e82da26e9dcef884c2723d3ae
194	194-pipe-adc-gain-control-loop	校准与修调	校准与修调	reserve_candidate	not_selected	spec-modeling	交替正负测试相采后端码，以差值偏离64更新并限幅增益码，是后台相关校准控制器；先选109真实失调实验和183前景逐位控制，194保留新增校准机制备选。din由预设源提供，仅不能宣称当前已有增益校准收敛。	流水线ADC后台校准的数字控制器（相关器+增益码积分器）：在clks上升沿把din20..din26采样为7位后端码，交替驱动测试DAC相位控制（负相1000/正相0111），在正相位样本时计算正负相位码差并与目标差64比较——差过大按|ddiff-64|减增益码、差过小则加，限幅0..127，输出7位增益码电平及ddiff/dop/dom/gctrlcode四个/100标量监控;benchmark/reference/v4/release/benchmarkv4-r53/tasks/194-pipe-adc-gain-control-loop/evaluator/solution/pipe_adc_gain_control_loop.va	重写公开验收合同与独立checker，按实际工程动作改编，不原样承接旧三形态。;明确位权、极性、ddiff等于64的保持及监控比例；收敛题需受增益码驱动的被控通路与校准证据，旧行为波形不代替真实采样级数据。	runs/v4-audit-20261010-r3/families/194/review.json	false	accepted_draft	571b9e9b7881e200450039a6fe4c482250b11eadd672e565d17d68ad6c5bb464
195	195-clock-sample-1600n-sequencer	时钟与PLL	激励与测试源	support_component	not_selected	spec-modeling	自由运行的16ns周期ADC时序发生器。先作为已选实验的激励部件；单独源的独立题量待真实协议需求与难度校准，不以旧资产数量决定题量。本轮先用作工程配套部件，该归属不否定其独立功能。	自由运行的16ns周期ADC时序发生器;benchmark/reference/v4/release/benchmarkv4-r53/tasks/195-clock-sample-1600n-sequencer/evaluator/solution/clock_sample_1600n_sequencer.va	重写公开验收合同与独立checker，按实际工程动作改编，不原样承接旧三形态。;名称1600n与16ns帧的关系及原始出处（v3 source_slug 233-clock-sample-1600n-sequencer）未知，需查主源；不据此判断当前错误。;当前提议是按规格建立或补缺部件；若另出扩展题，须先建立健康工程，明确新增能力并同时验收原行为。	runs/v4-audit-20261010-r3/families/195/review.json	false	accepted_draft	83eedddad2f5357ebae5d8bca85b1f73646890e6e88656518f071d355d700a06
196	196-phase-detector-chopper	放大、滤波与基带调理	RF与I/Q	reserve_candidate	not_selected	spec-modeling	LO极性控制的电压模符号斩波器。本批先补精密前端与转换功能；此频率转换/幅值调理保留RF候选，领域抽象和验收需另行细化，合法VA不因后端限制被淘汰。	LO极性控制的电压模符号斩波器;benchmark/reference/v4/release/benchmarkv4-r53/tasks/196-phase-detector-chopper/evaluator/solution/phase_detector_chopper.va;benchmark/reference/v4/release/benchmarkv4-r53/tasks/696-phase-detector-chopper-testbench/evaluator/solution/phase_detector_chopper.va	重写公开验收合同与独立checker，按实际工程动作改编，不原样承接旧三形态。;r45/r51渲染管线是否有意将bugfix seed由neg_003改为neg_004并重分区负例，需pipeline记录确认（历史与当前不同，暂不判错）。	runs/v4-audit-20261010-r3/families/196/review.json	false	accepted_draft	c985144fb38a23b1c678176bcc2cbcd0888e0f4beaa0362b3d86d3a4847d59e3
197	197-single-adc-7b-weighted	转换器与采样	DAC与码电平重构	reserve_candidate	not_selected	spec-modeling	7位二进制加权码-电压译码器（DAC方向的行为模型）。先用002等少量DAC代表串联SAR/流水线信号路径；该码权或接口变体留作可替换素材，功能相近不等于重复字节或坏题。	7位二进制加权码-电压译码器（DAC方向的行为模型）;benchmark/reference/v4/release/benchmarkv4-r53/tasks/197-single-adc-7b-weighted/evaluator/solution/single_adc_7b_weighted.va	重写公开验收合同与独立checker，按实际工程动作改编，不原样承接旧三形态。;家族原始出处未知：v3源slug为236-single-adc-7b-weighted，ADC命名是否源自某SAR反馈DAC语境无法从资产证实。;当前提议是按规格建立或补缺部件；若另出扩展题，须先建立健康工程，明确新增能力并同时验收原行为。	runs/v4-audit-20261010-r3/families/197/review.json	false	accepted_draft	bb039c15061872e891d60f7071f26d6363f644a4cb6c99c2688e8aac635a2ae0
198	198-qtz-differential-2level	转换器与采样	ADC量化与转换流程	reserve_candidate	not_selected	spec-modeling	时钟上升沿采样的差分 1-bit 有符号量化器（比较器型 ADC 判决基元）。已有186控制和003残差优先代表；此量化/译码结构先保留，待系统边界及新增转换架构工作单元确定。	时钟上升沿采样的差分 1-bit 有符号量化器（比较器型 ADC 判决基元）;benchmark/reference/v4/release/benchmarkv4-r53/tasks/198-qtz-differential-2level/evaluator/solution/qtz_differential_2level.va	重写公开验收合同与独立checker，按实际工程动作改编，不原样承接旧三形态。;neg_001_zero 缺参数与候选 TB 参数覆盖的 elaboration/invalid_run 交互，需按实际 kill 规则实测。;当前提议是按规格建立或补缺部件；若另出扩展题，须先建立健康工程，明确新增能力并同时验收原行为。	runs/v4-audit-20261010-r3/families/198/review.json	false	accepted_draft	881c60365fbef7faa6f1676581fc9d3f31f9bc077258280935b136184ca0304b
199	199-l2-7b-dac-ready	转换器与采样	DAC与码电平重构	reserve_candidate	not_selected	spec-modeling	ready 触发的 7 位二进制权开关电容（电荷再分配）DAC 行为模型。先用002等少量DAC代表串联SAR/流水线信号路径；该码权或接口变体留作可替换素材，功能相近不等于重复字节或坏题。	ready 触发的 7 位二进制权开关电容（电荷再分配）DAC 行为模型;benchmark/reference/v4/release/benchmarkv4-r53/tasks/199-l2-7b-dac-ready/evaluator/solution/l2_7b_dac_ready.va	重写公开验收合同与独立checker，按实际工程动作改编，不原样承接旧三形态。;visible_test.scs 的实际打包位置（public/ 与 public/task/ 两处记载不一致）需查 runtime 包布局确认。	runs/v4-audit-20261010-r3/families/199/review.json	false	accepted_draft	c40027284b0d8fc4e4f71d1bbe640d6cac7871a244065fb0a961fbe76f8cf7e6
200	200-l2-cdac-4b-switch	转换器与采样	DAC与码电平重构	reserve_candidate	not_selected	spec-modeling	4位ready触发电容DAC开关行为模型。先用002等少量DAC代表串联SAR/流水线信号路径；该码权或接口变体留作可替换素材，功能相近不等于重复字节或坏题。	4位ready触发电容DAC开关行为模型;benchmark/reference/v4/release/benchmarkv4-r53/tasks/200-l2-cdac-4b-switch/evaluator/solution/l2_cdac_4b_switch.va	重写公开验收合同与独立checker，按实际工程动作改编，不原样承接旧三形态。;mutation_catalog中gold_bundle_sha256（c035c771…）与所提供任何文件哈希均不一致，哈希域（文件/树/bundle）不明，静态无法对账；score_policy另记gold_solution_tree_sha256=b1f928f6…，两者关系需查生成脚本。	runs/v4-audit-20261010-r3/families/200/review.json	false	accepted_draft	922769a3a1eaf28adceeb667011df2a48f5bee6de11aa53931eb00196b172de9
201	201-cdac-6b-stage1-up	转换器与采样	DAC、量化与采样	reserve_candidate	not_selected	spec-modeling	报告所述功能为行为级6位二进制加权CDAC采样-累加级：初始化及每个clks下降沿把vin采样进残差状态，dctrl5..dctrl0各自上升沿依次累加1/2..1/64权重，vres在事件间连续保持当前残差。先以 343/350 和现有采样/SAR 组覆盖主要架构；本项留作码型、位宽或采样结构备选。	benchmark/reference/v4/release/benchmarkv4-r53/tasks/201-cdac-6b-stage1-up/evaluator/solution/cdac_6b_stage1_up.va;benchmark/reference/v4/release/benchmarkv4-r53/tasks/201-cdac-6b-stage1-up/evaluator/family_spec.json;benchmark/reference/v4/release/benchmarkv4-r53/tasks/201-cdac-6b-stage1-up/evaluator/score_tb.scs	正式题面、独立 checker、边界激励和负例需重新建设并实际校准；旧源码或审核标签均不是验证通过证据	runs/v4-audit-20261010-r3/families/201/review.json;runs/v4-audit-20261010-r3/families/201/status.json;benchmark/reference/v4/release/benchmarkv4-r53/tasks/201-cdac-6b-stage1-up/evaluator/family_spec.json	false	accepted_draft	5fa0f3d7b8686e9be8170203ccc57d627277712773266ca284ddadd560f4fd8c
202	202-adc-zoom-timing-sequencer	时钟与PLL	时钟、分频与时序	support_component	not_selected	spec-modeling	报告所述功能为无输入、纯输出的时序帧发生源。先以 249/362 和已有 BBPD/PFD 组覆盖状态与实际时钟测量；本项保留不同检测或延迟结构的备选。	benchmark/reference/v4/release/benchmarkv4-r53/tasks/202-adc-zoom-timing-sequencer/evaluator/solution/adc_zoom_timing_sequencer.va;benchmark/reference/v4/release/benchmarkv4-r53/tasks/202-adc-zoom-timing-sequencer/evaluator/family_spec.json;benchmark/reference/v4/release/benchmarkv4-r53/tasks/202-adc-zoom-timing-sequencer/evaluator/score_tb.scs	正式题面、独立 checker、边界激励和负例需重新建设并实际校准；旧源码或审核标签均不是验证通过证据	runs/v4-audit-20261010-r3/families/202/review.json;runs/v4-audit-20261010-r3/families/202/status.json;benchmark/reference/v4/release/benchmarkv4-r53/tasks/202-adc-zoom-timing-sequencer/evaluator/family_spec.json	false	accepted_draft	1ab638a808642bb8eb98f5dd4a7547b37644b755f07e3a54e7c73c7a7f3ae143
203	203-cdac-8b-monodown	转换器与采样	DAC、量化与采样	reserve_candidate	not_selected	spec-modeling	报告所述功能为8 位单调下切SAR 电容 DAC 残差子块的行为模型：initial_step 与 clks 下降沿把 vin 采入保持变量 vres_v；dctrl7..dctrl0 上升沿分别从残差减去 1/2..1/256 的归一化 1V 参考权重；事件间保持，vres 以电压形式输出。先以 343/350 和现有采样/SAR 组覆盖主要架构；本项留作码型、位宽或采样结构备选。	benchmark/reference/v4/release/benchmarkv4-r53/tasks/203-cdac-8b-monodown/evaluator/solution/cdac_8b_monodown.va;benchmark/reference/v4/release/benchmarkv4-r53/tasks/203-cdac-8b-monodown/evaluator/family_spec.json;benchmark/reference/v4/release/benchmarkv4-r53/tasks/203-cdac-8b-monodown/evaluator/score_tb.scs	正式题面、独立 checker、边界激励和负例需重新建设并实际校准；旧源码或审核标签均不是验证通过证据	runs/v4-audit-20261010-r3/families/203/review.json;runs/v4-audit-20261010-r3/families/203/status.json;benchmark/reference/v4/release/benchmarkv4-r53/tasks/203-cdac-8b-monodown/evaluator/family_spec.json	false	accepted_draft	4ab1dbd58be87e873019522066d3b83a44d2aaff957eaa44a08af9692bc5286b
204	204-va-dac-6b-se	转换器与采样	DAC、量化与采样	reserve_candidate	not_selected	spec-modeling	报告所述功能为电压域行为级6位单端加权DAC：din0..din5为电压编码位，权重0.5,1,2,4,8,16；rdy上升沿越过vth时采样并保持，按 aout=(weighted_code/47.5)*2*vdd-vdd 映射为双极性单端电压输出，经10ps transition驱动aout。先以 343/350 和现有采样/SAR 组覆盖主要架构；本项留作码型、位宽或采样结构备选。	benchmark/reference/v4/release/benchmarkv4-r53/tasks/204-va-dac-6b-se/evaluator/solution/va_dac_6b_se.va;benchmark/reference/v4/release/benchmarkv4-r53/tasks/204-va-dac-6b-se/evaluator/family_spec.json;benchmark/reference/v4/release/benchmarkv4-r53/tasks/204-va-dac-6b-se/evaluator/score_tb.scs	正式题面、独立 checker、边界激励和负例需重新建设并实际校准；旧源码或审核标签均不是验证通过证据	runs/v4-audit-20261010-r3/families/204/review.json;runs/v4-audit-20261010-r3/families/204/status.json;benchmark/reference/v4/release/benchmarkv4-r53/tasks/204-va-dac-6b-se/evaluator/family_spec.json	false	accepted_draft	75af0fd59de0d04dbc5fce39c04a6b6a539d782645d4de68bdc7940b94121f38
205	205-offset-halving-search	校准与修调	减半步长校准控制	reserve_candidate	not_selected	spec-modeling	下降沿根据判决加减有界残量并减半步长，提供不同于固定步长修调的搜索控制；先选既有响应驱动搜索代表，本项保留控制器备选，独立 PWL 判决不证明闭环收敛。	benchmark/reference/v4/release/benchmarkv4-r53/tasks/205-offset-halving-search/evaluator/solution/offset_halving_search.va;benchmark/reference/v4/release/benchmarkv4-r53/tasks/205-offset-halving-search/evaluator/family_spec.json;benchmark/reference/v4/release/benchmarkv4-r53/tasks/205-offset-halving-search/evaluator/score_tb.scs	明确步长下限锁定、差分/共模与输出范围；完整校准题需把比较器响应接回控制器;正式题面、独立 checker、边界激励和负例需重新建设并实际校准；旧源码或审核标签均不是验证通过证据	runs/v4-audit-20261010-r3/families/205/review.json;runs/v4-audit-20261010-r3/families/205/status.json;benchmark/reference/v4/release/benchmarkv4-r53/tasks/205-offset-halving-search/evaluator/family_spec.json	false	accepted_draft	b573e8f7745d52bb3cd8803209cfd7e354139af9e1476f0f257232822ef3f459
206	206-sar-comparator-reset-high	比较器与判决	比较器与判决	reserve_candidate	not_selected	spec-modeling	报告所述功能为时钟控制差分动态比较器行为级模型：cmpck 上升穿过 vdd/2 时采样 vinp/vinn 并锁存极性判决，下降穿过 vdd/2 时两输出预充复位为高并保持到下一时钟事件；td_cmp 加 10p 边沿抽象输出传播延迟。先以已有滞回/时钟判决组覆盖核心功能；本项留作复位电平、窗口或判决结构备选。	benchmark/reference/v4/release/benchmarkv4-r53/tasks/206-sar-comparator-reset-high/evaluator/solution/sar_comparator_reset_high.va;benchmark/reference/v4/release/benchmarkv4-r53/tasks/206-sar-comparator-reset-high/evaluator/family_spec.json;benchmark/reference/v4/release/benchmarkv4-r53/tasks/206-sar-comparator-reset-high/evaluator/score_tb.scs	正式题面、独立 checker、边界激励和负例需重新建设并实际校准；旧源码或审核标签均不是验证通过证据	runs/v4-audit-20261010-r3/families/206/review.json;runs/v4-audit-20261010-r3/families/206/status.json;benchmark/reference/v4/release/benchmarkv4-r53/tasks/206-sar-comparator-reset-high/evaluator/family_spec.json	false	accepted_draft	90cc58042ea66188a44dca77e2e4e60c1a0b1556f8913f3d25cccd5a0929d3d5
207	207-dac-restore-4bit-clocked	转换器与采样	DAC、量化与采样	reserve_candidate	not_selected	testing-characterization	报告所述功能为时钟采样 4 位电压域 DAC：clk 上升沿以 vth=0.45 判决 d3..d0，按 8/4/2/1 加权得码，映射为 ±0.9V 双极量程的码箱中心 (code+0.5)*1.8/16-0.9，沿间保持，输出经 10ps transition 近似建立。先以 343/350 和现有采样/SAR 组覆盖主要架构；本项留作码型、位宽或采样结构备选。	benchmark/reference/v4/release/benchmarkv4-r53/tasks/207-dac-restore-4bit-clocked/evaluator/solution/dac_restore_4bit_clocked.va;benchmark/reference/v4/release/benchmarkv4-r53/tasks/207-dac-restore-4bit-clocked/evaluator/family_spec.json;benchmark/reference/v4/release/benchmarkv4-r53/tasks/207-dac-restore-4bit-clocked/evaluator/score_tb.scs	正式题面、独立 checker、边界激励和负例需重新建设并实际校准；旧源码或审核标签均不是验证通过证据	runs/v4-audit-20261010-r3/families/207/review.json;runs/v4-audit-20261010-r3/families/207/status.json;benchmark/reference/v4/release/benchmarkv4-r53/tasks/207-dac-restore-4bit-clocked/evaluator/family_spec.json	false	accepted_draft	fddd0de630f009b0a580867d987f7846a741e4bc2849403a434509f90301637c
208	208-dac-restore-7bit-clocked	转换器与采样	DAC、量化与采样	reserve_candidate	not_selected	spec-modeling	报告所述功能为行为级 7 位电压型 DAC 输出级。先以 343/350 和现有采样/SAR 组覆盖主要架构；本项留作码型、位宽或采样结构备选。	benchmark/reference/v4/release/benchmarkv4-r53/tasks/208-dac-restore-7bit-clocked/evaluator/solution/dac_restore_7bit_clocked.va;benchmark/reference/v4/release/benchmarkv4-r53/tasks/208-dac-restore-7bit-clocked/evaluator/family_spec.json;benchmark/reference/v4/release/benchmarkv4-r53/tasks/208-dac-restore-7bit-clocked/evaluator/score_tb.scs	正式题面、独立 checker、边界激励和负例需重新建设并实际校准；旧源码或审核标签均不是验证通过证据	runs/v4-audit-20261010-r3/families/208/review.json;runs/v4-audit-20261010-r3/families/208/status.json;benchmark/reference/v4/release/benchmarkv4-r53/tasks/208-dac-restore-7bit-clocked/evaluator/family_spec.json	false	accepted_draft	5b00bb8248d11667f2808117a578a72ea392ec337f6871f82b0510bcf3844c23
209	209-dac-restore-6bit-1p8	转换器与采样	DAC、量化与采样	reserve_candidate	not_selected	spec-modeling	报告所述功能为时钟驱动的6位二进制加权电压DAC行为模型：在clk上升穿越vth时采样d1..d6，解码为无符号码并按中升双极映射 vout=(code+0.5)*3.6/64-1.8 输出并保持到下一时钟沿。先以 343/350 和现有采样/SAR 组覆盖主要架构；本项留作码型、位宽或采样结构备选。	benchmark/reference/v4/release/benchmarkv4-r53/tasks/209-dac-restore-6bit-1p8/evaluator/solution/dac_restore_6bit_1p8.va;benchmark/reference/v4/release/benchmarkv4-r53/tasks/209-dac-restore-6bit-1p8/evaluator/family_spec.json;benchmark/reference/v4/release/benchmarkv4-r53/tasks/209-dac-restore-6bit-1p8/evaluator/score_tb.scs	正式题面、独立 checker、边界激励和负例需重新建设并实际校准；旧源码或审核标签均不是验证通过证据	runs/v4-audit-20261010-r3/families/209/review.json;runs/v4-audit-20261010-r3/families/209/status.json;benchmark/reference/v4/release/benchmarkv4-r53/tasks/209-dac-restore-6bit-1p8/evaluator/family_spec.json	false	accepted_draft	8939929861f19e799847db03858f37885aaa5f94af7fe287335503a5f6f79c4a
210	210-sample-hold-5v-clock	时钟与PLL	时钟、分频与时序	reserve_candidate	not_selected	spec-modeling	报告所述功能为理想上升沿采样保持：vclk 上升穿过 vtrans_clk时瞬时采样 vin，并把该值保持在 vout 直到下一上升沿，下降沿不更新。先以 249/362 和已有 BBPD/PFD 组覆盖状态与实际时钟测量；本项保留不同检测或延迟结构的备选。	benchmark/reference/v4/release/benchmarkv4-r53/tasks/210-sample-hold-5v-clock/evaluator/solution/sample_hold_5v_clock.va;benchmark/reference/v4/release/benchmarkv4-r53/tasks/210-sample-hold-5v-clock/evaluator/family_spec.json;benchmark/reference/v4/release/benchmarkv4-r53/tasks/210-sample-hold-5v-clock/evaluator/score_tb.scs	正式题面、独立 checker、边界激励和负例需重新建设并实际校准；旧源码或审核标签均不是验证通过证据	runs/v4-audit-20261010-r3/families/210/review.json;runs/v4-audit-20261010-r3/families/210/status.json;benchmark/reference/v4/release/benchmarkv4-r53/tasks/210-sample-hold-5v-clock/evaluator/family_spec.json	false	accepted_draft	3f931e99e5ae52991329c24977b771d229148d3b443c0803c3b3108cc28058fc
211	211-sum5-signed-sar-weight	转换器与采样	DAC、量化与采样	reserve_candidate	not_selected	spec-modeling	报告所述功能为5位电压域符号判决加权求和器：d1..d5按vth=0.55V严格比较判为±1，以d5=1/2…d1=1/32二进制权重求和后映射 out=1.1*(2s-1)。先以 343/350 和现有采样/SAR 组覆盖主要架构；本项留作码型、位宽或采样结构备选。	benchmark/reference/v4/release/benchmarkv4-r53/tasks/211-sum5-signed-sar-weight/evaluator/solution/sum5_signed_sar_weight.va;benchmark/reference/v4/release/benchmarkv4-r53/tasks/211-sum5-signed-sar-weight/evaluator/family_spec.json;benchmark/reference/v4/release/benchmarkv4-r53/tasks/211-sum5-signed-sar-weight/evaluator/score_tb.scs	正式题面、独立 checker、边界激励和负例需重新建设并实际校准；旧源码或审核标签均不是验证通过证据	runs/v4-audit-20261010-r3/families/211/review.json;runs/v4-audit-20261010-r3/families/211/status.json;benchmark/reference/v4/release/benchmarkv4-r53/tasks/211-sum5-signed-sar-weight/evaluator/family_spec.json	false	accepted_draft	576b7d29a39e37ca3db8ecb10627d6ee463cfe97b2265ba9838dd669cdf87f63
212	212-lt-readout-sar4	转换器与采样	DAC、量化与采样	reserve_candidate	not_selected	spec-modeling	报告所述功能为模块是4位二进制加权电压DAC：d0..d3相对vth连续判读为无符号码，vout=code·vref/16，参考实现再用10ps transition平滑输出。先以 343/350 和现有采样/SAR 组覆盖主要架构；本项留作码型、位宽或采样结构备选。	benchmark/reference/v4/release/benchmarkv4-r53/tasks/212-lt-readout-sar4/evaluator/solution/lt_readout_sar4.va;benchmark/reference/v4/release/benchmarkv4-r53/tasks/212-lt-readout-sar4/evaluator/family_spec.json;benchmark/reference/v4/release/benchmarkv4-r53/tasks/212-lt-readout-sar4/evaluator/score_tb.scs	正式题面、独立 checker、边界激励和负例需重新建设并实际校准；旧源码或审核标签均不是验证通过证据	runs/v4-audit-20261010-r3/families/212/review.json;runs/v4-audit-20261010-r3/families/212/status.json;benchmark/reference/v4/release/benchmarkv4-r53/tasks/212-lt-readout-sar4/evaluator/family_spec.json	false	accepted_draft	318534b5c35dd182560b010d784db74089c2ea6aa89de914ea13afccc1e3d84f
213	213-tool-4bit-sar-signed-dac	转换器与采样	DAC、量化与采样	reserve_candidate	not_selected	spec-modeling	报告所述功能为电压型4位双极性DAC行为宏：sh 相对 vth(0.9V) 上升穿越时采样 d3..d0，高位贡献 +w、低位贡献 −w，加权和乘 gain(默认1.8/16)得 ±1.6875V 共16级输出，经 tr 过渡驱动 aout 并保持到下一采样触发，等效映射 aout=(2·code−15)·gain。先以 343/350 和现有采样/SAR 组覆盖主要架构；本项留作码型、位宽或采样结构备选。	benchmark/reference/v4/release/benchmarkv4-r53/tasks/213-tool-4bit-sar-signed-dac/evaluator/solution/tool_4bit_sar_signed_dac.va;benchmark/reference/v4/release/benchmarkv4-r53/tasks/213-tool-4bit-sar-signed-dac/evaluator/family_spec.json;benchmark/reference/v4/release/benchmarkv4-r53/tasks/213-tool-4bit-sar-signed-dac/evaluator/score_tb.scs	正式题面、独立 checker、边界激励和负例需重新建设并实际校准；旧源码或审核标签均不是验证通过证据	runs/v4-audit-20261010-r3/families/213/review.json;runs/v4-audit-20261010-r3/families/213/status.json;benchmark/reference/v4/release/benchmarkv4-r53/tasks/213-tool-4bit-sar-signed-dac/evaluator/family_spec.json	false	accepted_draft	c2fa2b32eccf871a474bd47171ee9a9b5b4856415fc2c73c114301a90f7768e1
214	214-comparator-reset-low-1p8	比较器与判决	比较器与判决	reserve_candidate	not_selected	spec-modeling	报告所述功能为1.8V 逻辑域的时钟控制差分比较器行为模型：以 cmpck 上升/下降过 vdd/2 为事件时刻，上升沿采样 vinp/vinn 并锁存差分判决，下降沿把双输出复位为低，状态保持到下一时钟事件；输出经 td_cmp 延迟的 transition 平滑驱动。先以已有滞回/时钟判决组覆盖核心功能；本项留作复位电平、窗口或判决结构备选。	benchmark/reference/v4/release/benchmarkv4-r53/tasks/214-comparator-reset-low-1p8/evaluator/solution/comparator_reset_low_1p8.va;benchmark/reference/v4/release/benchmarkv4-r53/tasks/214-comparator-reset-low-1p8/evaluator/family_spec.json;benchmark/reference/v4/release/benchmarkv4-r53/tasks/214-comparator-reset-low-1p8/evaluator/score_tb.scs	正式题面、独立 checker、边界激励和负例需重新建设并实际校准；旧源码或审核标签均不是验证通过证据	runs/v4-audit-20261010-r3/families/214/review.json;runs/v4-audit-20261010-r3/families/214/status.json;benchmark/reference/v4/release/benchmarkv4-r53/tasks/214-comparator-reset-low-1p8/evaluator/family_spec.json	false	accepted_draft	37fde9a890d2e7e2a9c9b9677ee06fb11c435d3a97e069ee21522b7ccf8f33ce
215	215-lt-read-sar7b-weighted	转换器与采样	DAC、量化与采样	reserve_candidate	not_selected	spec-modeling	报告所述功能为连续组合式8位二进制加权电压求和读出：d7..d0 经 vth 阈值量化为0/1，按 1/2^k 加权求和并加 -vref 偏置连续驱动 vout。先以 343/350 和现有采样/SAR 组覆盖主要架构；本项留作码型、位宽或采样结构备选。	benchmark/reference/v4/release/benchmarkv4-r53/tasks/215-lt-read-sar7b-weighted/evaluator/solution/lt_read_sar7b_weighted.va;benchmark/reference/v4/release/benchmarkv4-r53/tasks/215-lt-read-sar7b-weighted/evaluator/family_spec.json;benchmark/reference/v4/release/benchmarkv4-r53/tasks/215-lt-read-sar7b-weighted/evaluator/score_tb.scs	正式题面、独立 checker、边界激励和负例需重新建设并实际校准；旧源码或审核标签均不是验证通过证据	runs/v4-audit-20261010-r3/families/215/review.json;runs/v4-audit-20261010-r3/families/215/status.json;benchmark/reference/v4/release/benchmarkv4-r53/tasks/215-lt-read-sar7b-weighted/evaluator/family_spec.json	false	accepted_draft	9ccd71962fb428f05ce0d689effff628d78715d9322a65b3aa7c7198bb49a397
216	216-sar-13bit-serial-decoder	转换器与采样	DAC、量化与采样	support_component	not_selected	spec-modeling	报告所述功能为13位MSB-first串行判决流解码器：ready上升沿按vth采样din，从bit12到bit0累加二进制权重并计数高位数dnum；clks上升沿把已积累帧按sum/8191-0.5发布为双极性归一化电压dout并复位状态。先以 343/350 和现有采样/SAR 组覆盖主要架构；本项留作码型、位宽或采样结构备选。	benchmark/reference/v4/release/benchmarkv4-r53/tasks/216-sar-13bit-serial-decoder/evaluator/solution/sar_13bit_serial_decoder.va;benchmark/reference/v4/release/benchmarkv4-r53/tasks/216-sar-13bit-serial-decoder/evaluator/family_spec.json;benchmark/reference/v4/release/benchmarkv4-r53/tasks/216-sar-13bit-serial-decoder/evaluator/score_tb.scs	正式题面、独立 checker、边界激励和负例需重新建设并实际校准；旧源码或审核标签均不是验证通过证据	runs/v4-audit-20261010-r3/families/216/review.json;runs/v4-audit-20261010-r3/families/216/status.json;benchmark/reference/v4/release/benchmarkv4-r53/tasks/216-sar-13bit-serial-decoder/evaluator/family_spec.json	false	accepted_draft	a76c4ae1150d8ec593f01067c18c722d56d070749a91b1fc87c660ac2ad95c17
217	217-single-shot-timer-pulse	时钟与PLL	时钟、分频与时序	support_component	not_selected	spec-modeling	报告所述功能为电压域单稳态脉冲发生器，作时钟/时序辅助。先以 249/362 和已有 BBPD/PFD 组覆盖状态与实际时钟测量；本项保留不同检测或延迟结构的备选。	benchmark/reference/v4/release/benchmarkv4-r53/tasks/217-single-shot-timer-pulse/evaluator/solution/single_shot_timer_pulse.va;benchmark/reference/v4/release/benchmarkv4-r53/tasks/217-single-shot-timer-pulse/evaluator/family_spec.json;benchmark/reference/v4/release/benchmarkv4-r53/tasks/217-single-shot-timer-pulse/evaluator/score_tb.scs	正式题面、独立 checker、边界激励和负例需重新建设并实际校准；旧源码或审核标签均不是验证通过证据	runs/v4-audit-20261010-r3/families/217/review.json;runs/v4-audit-20261010-r3/families/217/status.json;benchmark/reference/v4/release/benchmarkv4-r53/tasks/217-single-shot-timer-pulse/evaluator/family_spec.json	false	accepted_draft	06828d0b1346bce1f526cca45a65c0e1688687525e410ffd660606c02bcb5c44
218	218-clocked-comparator-dual-output	比较器与判决	比较器与判决	reserve_candidate	not_selected	spec-modeling	报告所述功能为时钟控制差分比较器的行为级 Verilog-A 模型：clk 上升穿越 vdd/2 时采样 vinp/vinn 并锁存判决，下降穿越 vdd/2 时双输出复位为低，初态双低，状态经 td_cmp=100p 延迟的 transition() 驱动输出。先以已有滞回/时钟判决组覆盖核心功能；本项留作复位电平、窗口或判决结构备选。	benchmark/reference/v4/release/benchmarkv4-r53/tasks/218-clocked-comparator-dual-output/evaluator/solution/clocked_comparator_dual_output.va;benchmark/reference/v4/release/benchmarkv4-r53/tasks/218-clocked-comparator-dual-output/evaluator/family_spec.json;benchmark/reference/v4/release/benchmarkv4-r53/tasks/218-clocked-comparator-dual-output/evaluator/score_tb.scs	正式题面、独立 checker、边界激励和负例需重新建设并实际校准；旧源码或审核标签均不是验证通过证据	runs/v4-audit-20261010-r3/families/218/review.json;runs/v4-audit-20261010-r3/families/218/status.json;benchmark/reference/v4/release/benchmarkv4-r53/tasks/218-clocked-comparator-dual-output/evaluator/family_spec.json	false	accepted_draft	7337a1ea2b984cfc72d3432e8a6e8e234477c71d693b927b2fabcfa5bc681d18
219	219-bin2ther-2b	混合信号基础辅助	混合信号基础辅助	support_component	not_selected	spec-modeling	报告所述功能为资产可复现的实际电路是电压域组合式位-轨解码驱动器：每个时刻取 V(vdd)/V(gnd) 的中点作阈值，比较 b1、b0，t0 与 t1 恒等于 b1、t2 恒等于 b0，输出经 20ps transition 摆到本地轨并能跟随移动的 vdd 轨。先以优先组的明确采样、状态和实际输出交互覆盖电路功能；本项作为工程配套候选，暂不批量迁入。	benchmark/reference/v4/release/benchmarkv4-r53/tasks/219-bin2ther-2b/evaluator/solution/bin2ther_2b.va;benchmark/reference/v4/release/benchmarkv4-r53/tasks/219-bin2ther-2b/evaluator/family_spec.json;benchmark/reference/v4/release/benchmarkv4-r53/tasks/219-bin2ther-2b/evaluator/score_tb.scs	正式题面、独立 checker、边界激励和负例需重新建设并实际校准；旧源码或审核标签均不是验证通过证据	runs/v4-audit-20261010-r3/families/219/review.json;runs/v4-audit-20261010-r3/families/219/status.json;benchmark/reference/v4/release/benchmarkv4-r53/tasks/219-bin2ther-2b/evaluator/family_spec.json	false	accepted_draft	0acadecab63beb84cc04a49a60a87c2b4567f2371b467ee9b1e57c9769771dc2
220	220-pfd-up-down-state	时钟与PLL	时钟、分频与时序	reserve_candidate	not_selected	spec-modeling	报告所述功能为三态PFD行为模型：对参考时钟ref与反馈时钟fb的上升沿做事件采样，维持有界整数状态{-1,0,+1}——ref沿递增至+1、fb沿递减至-1，经transition(tdel,tr,tf)整形驱动up/down电平，充当电荷泵控制信号。先以 249/362 和已有 BBPD/PFD 组覆盖状态与实际时钟测量；本项保留不同检测或延迟结构的备选。	benchmark/reference/v4/release/benchmarkv4-r53/tasks/220-pfd-up-down-state/evaluator/solution/pfd_up_down_state.va;benchmark/reference/v4/release/benchmarkv4-r53/tasks/220-pfd-up-down-state/evaluator/family_spec.json;benchmark/reference/v4/release/benchmarkv4-r53/tasks/220-pfd-up-down-state/evaluator/score_tb.scs	正式题面、独立 checker、边界激励和负例需重新建设并实际校准；旧源码或审核标签均不是验证通过证据	runs/v4-audit-20261010-r3/families/220/review.json;runs/v4-audit-20261010-r3/families/220/status.json;benchmark/reference/v4/release/benchmarkv4-r53/tasks/220-pfd-up-down-state/evaluator/family_spec.json	false	accepted_draft	93505a2843b7414c4aa346d25a224f278bdbe3996a5e7fa6b90e358a468227e0
221	221-samplehold-rising-edge	转换器与采样	边沿采样保持	reserve_candidate	not_selected	spec-modeling	control 上升沿锁存 vin 并保持，是完整 S/H 功能；已有采样组先作代表，本项保留触发阈值与延迟合同备选。	benchmark/reference/v4/release/benchmarkv4-r53/tasks/221-samplehold-rising-edge/evaluator/solution/samplehold_rising_edge.va;benchmark/reference/v4/release/benchmarkv4-r53/tasks/221-samplehold-rising-edge/evaluator/family_spec.json;benchmark/reference/v4/release/benchmarkv4-r53/tasks/221-samplehold-rising-edge/evaluator/score_tb.scs	正式题面、独立 checker、边界激励和负例需重新建设并实际校准；旧源码或审核标签均不是验证通过证据	runs/v4-audit-20261010-r3/families/221/review.json;runs/v4-audit-20261010-r3/families/221/status.json;benchmark/reference/v4/release/benchmarkv4-r53/tasks/221-samplehold-rising-edge/evaluator/family_spec.json;benchmark/reference/v4/release/benchmarkv4-r53/tasks/221-samplehold-rising-edge/evaluator/solution/samplehold_rising_edge.va	true	accepted_draft	915e779814b5366610fb54ce2c5453cc799054c68f0f0abe316b95e26cf5bb1d
222	222-trim-ctrl-5bit	混合信号基础辅助	混合信号基础辅助	support_component	not_selected	spec-modeling	报告所述功能为trim_ctrl_5bit 是连续时间电压域量化编码器：对 V(ain) 按 1 V/LSB 做 round-half-up 取整，钳位到 0..31，再以 LSB-first 把 5 位二进制码驱动到 dout0..dout4。先以优先组的明确采样、状态和实际输出交互覆盖电路功能；本项作为工程配套候选，暂不批量迁入。	benchmark/reference/v4/release/benchmarkv4-r53/tasks/222-trim-ctrl-5bit/evaluator/solution/trim_ctrl_5bit.va;benchmark/reference/v4/release/benchmarkv4-r53/tasks/222-trim-ctrl-5bit/evaluator/family_spec.json;benchmark/reference/v4/release/benchmarkv4-r53/tasks/222-trim-ctrl-5bit/evaluator/score_tb.scs	正式题面、独立 checker、边界激励和负例需重新建设并实际校准；旧源码或审核标签均不是验证通过证据	runs/v4-audit-20261010-r3/families/222/review.json;runs/v4-audit-20261010-r3/families/222/status.json;benchmark/reference/v4/release/benchmarkv4-r53/tasks/222-trim-ctrl-5bit/evaluator/family_spec.json	false	accepted_draft	1ab8329e23cd10c76f1dbb5d37403439d2a446d1480c11ab90899b3ba04da99b
223	223-therm8-to-bin4-count	混合信号基础辅助	任意码计数译码	reserve_candidate	not_selected	spec-modeling	8路阈值判位后数一并输出4位计数，能处理非前缀模式；先选现有转换器代表，本项补充 flash 译码细分功能，不把任意码计数直接宣称真实 bubble 纠错。	benchmark/reference/v4/release/benchmarkv4-r53/tasks/223-therm8-to-bin4-count/evaluator/solution/therm8_to_bin4_count.va;benchmark/reference/v4/release/benchmarkv4-r53/tasks/223-therm8-to-bin4-count/evaluator/family_spec.json;benchmark/reference/v4/release/benchmarkv4-r53/tasks/223-therm8-to-bin4-count/evaluator/score_tb.scs	补全 count=0..8 和非前缀码覆盖、阈值边界；若称 ADC 纠错需给出被纠错码与正确码之间的关系;正式题面、独立 checker、边界激励和负例需重新建设并实际校准；旧源码或审核标签均不是验证通过证据	runs/v4-audit-20261010-r3/families/223/review.json;runs/v4-audit-20261010-r3/families/223/status.json;benchmark/reference/v4/release/benchmarkv4-r53/tasks/223-therm8-to-bin4-count/evaluator/family_spec.json	false	accepted_draft	e2abb5bf8148a9bedfe97716a541d110dd8b89122118fa04b8e45f984172c9ca
224	224-coarse-qtz-3bit-residue	转换器与采样	DAC、量化与采样	reserve_candidate	not_selected	spec-modeling	报告所述功能为连续时间3位粗量化器加残差输出：vin先截幅到±vref，在以−vref起步、LSB=2·vref/8的8个均匀电平上做round-to-nearest量化并饱和到0–7，输出LSB→MSB电压位码d0–d2和残差vres=vclip−vq。先以 343/350 和现有采样/SAR 组覆盖主要架构；本项留作码型、位宽或采样结构备选。	benchmark/reference/v4/release/benchmarkv4-r53/tasks/224-coarse-qtz-3bit-residue/evaluator/solution/coarse_qtz_3bit_residue.va;benchmark/reference/v4/release/benchmarkv4-r53/tasks/224-coarse-qtz-3bit-residue/evaluator/family_spec.json;benchmark/reference/v4/release/benchmarkv4-r53/tasks/224-coarse-qtz-3bit-residue/evaluator/score_tb.scs	正式题面、独立 checker、边界激励和负例需重新建设并实际校准；旧源码或审核标签均不是验证通过证据	runs/v4-audit-20261010-r3/families/224/review.json;runs/v4-audit-20261010-r3/families/224/status.json;benchmark/reference/v4/release/benchmarkv4-r53/tasks/224-coarse-qtz-3bit-residue/evaluator/family_spec.json	false	accepted_draft	77f21af46db4d277464c954efc55f8311b33e8063e2d3b722eba0e87e8937967
225	225-rs-phase-detector	时钟与PLL	时钟、分频与时序	reserve_candidate	not_selected	spec-modeling	报告所述功能为RS锁存式边沿鉴相器：对两个电压域时钟输入ref/fb在vdd/2上的上升沿采样，置位/复位一个单比特锁存状态，再经transition()输出一对互补电平up/down，功能是把ref与fb边沿的先后关系表达为up/down电平持续时间，属于PLL/时钟系统的鉴相单元。先以 249/362 和已有 BBPD/PFD 组覆盖状态与实际时钟测量；本项保留不同检测或延迟结构的备选。	benchmark/reference/v4/release/benchmarkv4-r53/tasks/225-rs-phase-detector/evaluator/solution/rs_phase_detector.va;benchmark/reference/v4/release/benchmarkv4-r53/tasks/225-rs-phase-detector/evaluator/family_spec.json;benchmark/reference/v4/release/benchmarkv4-r53/tasks/225-rs-phase-detector/evaluator/score_tb.scs	正式题面、独立 checker、边界激励和负例需重新建设并实际校准；旧源码或审核标签均不是验证通过证据	runs/v4-audit-20261010-r3/families/225/review.json;runs/v4-audit-20261010-r3/families/225/status.json;benchmark/reference/v4/release/benchmarkv4-r53/tasks/225-rs-phase-detector/evaluator/family_spec.json	false	accepted_draft	e9193c9eb272acc1520c6a85e9365c32e8abc8c81bdfa7a8f288a2379fed1ac2
226	226-level-shifter-offset	混合信号基础辅助	混合信号基础辅助	support_component	not_selected	spec-modeling	报告所述功能为单模块连续时间行为级电平搬移原语：V(sigout)=V(sigin)+sigshift，单位增益加固定直流偏移，对应偏置搬移/单端电平转换中的抽象信号源。先以优先组的明确采样、状态和实际输出交互覆盖电路功能；本项作为工程配套候选，暂不批量迁入。	benchmark/reference/v4/release/benchmarkv4-r53/tasks/226-level-shifter-offset/evaluator/solution/level_shifter_offset.va;benchmark/reference/v4/release/benchmarkv4-r53/tasks/226-level-shifter-offset/evaluator/family_spec.json;benchmark/reference/v4/release/benchmarkv4-r53/tasks/226-level-shifter-offset/evaluator/score_tb.scs	正式题面、独立 checker、边界激励和负例需重新建设并实际校准；旧源码或审核标签均不是验证通过证据	runs/v4-audit-20261010-r3/families/226/review.json;runs/v4-audit-20261010-r3/families/226/status.json;benchmark/reference/v4/release/benchmarkv4-r53/tasks/226-level-shifter-offset/evaluator/family_spec.json	false	accepted_draft	98eeb32b0d8cb3274cdaf5b1813cabb3ae8253dc529eccadc72d82f7b160769f
227	227-weighted-decoder-6bit	转换器与采样	DAC、量化与采样	support_component	not_selected	spec-modeling	报告所述功能为六位二进制加权译码器，即电压输入 DAC 的行为级译码核心：六个电气输入 vd1(MSB,权32)..vd6(LSB,权1) 各自与阈值 vth(默认0.45)比较判逻辑1，加权和 code(0..63) 按满量程归一后乘 vref 输出，vout=vref*code/63，全0映射0V、全1映射vref。先以 343/350 和现有采样/SAR 组覆盖主要架构；本项留作码型、位宽或采样结构备选。	benchmark/reference/v4/release/benchmarkv4-r53/tasks/227-weighted-decoder-6bit/evaluator/solution/weighted_decoder_6bit.va;benchmark/reference/v4/release/benchmarkv4-r53/tasks/227-weighted-decoder-6bit/evaluator/family_spec.json;benchmark/reference/v4/release/benchmarkv4-r53/tasks/227-weighted-decoder-6bit/evaluator/score_tb.scs	正式题面、独立 checker、边界激励和负例需重新建设并实际校准；旧源码或审核标签均不是验证通过证据	runs/v4-audit-20261010-r3/families/227/review.json;runs/v4-audit-20261010-r3/families/227/status.json;benchmark/reference/v4/release/benchmarkv4-r53/tasks/227-weighted-decoder-6bit/evaluator/family_spec.json	false	accepted_draft	3ef9a563f7e8feb91a19a37c509b4147a0de1bc317d49111f45fccfc1791d2e7
228	228-divide-by-two-toggle	时钟与PLL	时钟、分频与时序	reserve_candidate	not_selected	spec-modeling	报告所述功能为行为级二分频时钟单元：clk 上升沿穿过 vth 时内部 state 取反，out 经 tdel/tr 过渡在 0 与 vdd 间摆动。先以 249/362 和已有 BBPD/PFD 组覆盖状态与实际时钟测量；本项保留不同检测或延迟结构的备选。	benchmark/reference/v4/release/benchmarkv4-r53/tasks/228-divide-by-two-toggle/evaluator/solution/divide_by_two_toggle.va;benchmark/reference/v4/release/benchmarkv4-r53/tasks/228-divide-by-two-toggle/evaluator/family_spec.json;benchmark/reference/v4/release/benchmarkv4-r53/tasks/228-divide-by-two-toggle/evaluator/score_tb.scs	正式题面、独立 checker、边界激励和负例需重新建设并实际校准；旧源码或审核标签均不是验证通过证据	runs/v4-audit-20261010-r3/families/228/review.json;runs/v4-audit-20261010-r3/families/228/status.json;benchmark/reference/v4/release/benchmarkv4-r53/tasks/228-divide-by-two-toggle/evaluator/family_spec.json	false	accepted_draft	a6c92d1bad477dcc0b47cb03d7729319404922ccb0d3694905118ed99bd7b1be
229	229-accum3-pulse	时钟与PLL	模8计数与脉冲解码	reserve_candidate	not_selected	spec-modeling;testing-characterization	模8回绕时输出单周期高窗，区别于翻转式方波分频；先选 362 振荡/测量代表，本项保留脉冲分频及首沿初始化的同类变体。	benchmark/reference/v4/release/benchmarkv4-r53/tasks/229-accum3-pulse/evaluator/solution/accum3_pulse.va;benchmark/reference/v4/release/benchmarkv4-r53/tasks/229-accum3-pulse/evaluator/family_spec.json;benchmark/reference/v4/release/benchmarkv4-r53/tasks/229-accum3-pulse/evaluator/score_tb.scs	公开首沿之前输出、回绕高窗与相位初值，测量实际窗口而非仅读计数遥测;正式题面、独立 checker、边界激励和负例需重新建设并实际校准；旧源码或审核标签均不是验证通过证据	runs/v4-audit-20261010-r3/families/229/review.json;runs/v4-audit-20261010-r3/families/229/status.json;benchmark/reference/v4/release/benchmarkv4-r53/tasks/229-accum3-pulse/evaluator/family_spec.json	false	accepted_draft	b48a48c05440cdd84abf3b0897702ea608ba0232b8db24008a3307ecd39061d5
230	230-xor-phase-detector	时钟与PLL	时钟、分频与时序	reserve_candidate	not_selected	spec-modeling	报告所述功能为电压域组合逻辑 XOR/XNOR 型相位检波器行为模型：以 vdd/2 判读 ref、fb 电平，相异时 up=vdd、相同时 down=vdd，无状态、即时更新。先以 249/362 和已有 BBPD/PFD 组覆盖状态与实际时钟测量；本项保留不同检测或延迟结构的备选。	benchmark/reference/v4/release/benchmarkv4-r53/tasks/230-xor-phase-detector/evaluator/solution/xor_phase_detector.va;benchmark/reference/v4/release/benchmarkv4-r53/tasks/230-xor-phase-detector/evaluator/family_spec.json;benchmark/reference/v4/release/benchmarkv4-r53/tasks/230-xor-phase-detector/evaluator/score_tb.scs	正式题面、独立 checker、边界激励和负例需重新建设并实际校准；旧源码或审核标签均不是验证通过证据	runs/v4-audit-20261010-r3/families/230/review.json;runs/v4-audit-20261010-r3/families/230/status.json;benchmark/reference/v4/release/benchmarkv4-r53/tasks/230-xor-phase-detector/evaluator/family_spec.json	false	accepted_draft	d344dd0111a13662936260c6d2cab1efa6d17329c8986ad50864e6f454a96538
231	231-decision-router-logic	混合信号基础辅助	混合信号基础辅助	support_component	not_selected	spec-modeling	报告所述功能为电压编码的组合判决解码块：vin1/vin2/valid 连续电压随时与 vth 比较产生 a/b/ok，输出 x=!a&&!b&&ok、y=a&&b&&ok、z=!a&&b&&ok、dm=a、dl=!a&&b，高电平为 vh。先以优先组的明确采样、状态和实际输出交互覆盖电路功能；本项作为工程配套候选，暂不批量迁入。	benchmark/reference/v4/release/benchmarkv4-r53/tasks/231-decision-router-logic/evaluator/solution/decision_router_logic.va;benchmark/reference/v4/release/benchmarkv4-r53/tasks/231-decision-router-logic/evaluator/family_spec.json;benchmark/reference/v4/release/benchmarkv4-r53/tasks/231-decision-router-logic/evaluator/score_tb.scs	正式题面、独立 checker、边界激励和负例需重新建设并实际校准；旧源码或审核标签均不是验证通过证据	runs/v4-audit-20261010-r3/families/231/review.json;runs/v4-audit-20261010-r3/families/231/status.json;benchmark/reference/v4/release/benchmarkv4-r53/tasks/231-decision-router-logic/evaluator/family_spec.json	false	accepted_draft	94a1a34da490952503feb4a0474ca990915a8caf7f44619e5b9f9296377109c1
232	232-safe-analog-divider	混合信号基础辅助	混合信号基础辅助	support_component	not_selected	spec-modeling	报告所述功能为行为级安全模拟除法器：连续代数前馈模块，V(sigout)=gain*V(signumer)/guarded，其中 |V(sigdenom)|<min_sigdenom 时分母钳位到保符号的 ±min_sigdenom，防止除零与近零增益爆炸。先以优先组的明确采样、状态和实际输出交互覆盖电路功能；本项作为工程配套候选，暂不批量迁入。	benchmark/reference/v4/release/benchmarkv4-r53/tasks/232-safe-analog-divider/evaluator/solution/safe_analog_divider.va;benchmark/reference/v4/release/benchmarkv4-r53/tasks/232-safe-analog-divider/evaluator/family_spec.json;benchmark/reference/v4/release/benchmarkv4-r53/tasks/232-safe-analog-divider/evaluator/score_tb.scs	正式题面、独立 checker、边界激励和负例需重新建设并实际校准；旧源码或审核标签均不是验证通过证据	runs/v4-audit-20261010-r3/families/232/review.json;runs/v4-audit-20261010-r3/families/232/status.json;benchmark/reference/v4/release/benchmarkv4-r53/tasks/232-safe-analog-divider/evaluator/family_spec.json	false	accepted_draft	147d87ea5d6e623ae9c0d7377fbcfdc3bc5301516da6895967dca47d893152d9
233	233-vargain-diffamp-clip	放大、滤波与基带调理	滤波、积分与采样	reserve_candidate	not_selected	spec-modeling	报告所述功能为电压控制变增益差分放大器加输出限幅的纯行为模型：sigout = clamp(gain_const·V(sigctrl_p,sigctrl_n)·(V(sigin_p,sigin_n)−sigin_offset), sigout_low, sigout_high)。先以 307/308 覆盖两相状态与样本差分；本项保留不同采样或滤波结构备选。	benchmark/reference/v4/release/benchmarkv4-r53/tasks/233-vargain-diffamp-clip/evaluator/solution/vargain_diffamp_clip.va;benchmark/reference/v4/release/benchmarkv4-r53/tasks/233-vargain-diffamp-clip/evaluator/family_spec.json;benchmark/reference/v4/release/benchmarkv4-r53/tasks/233-vargain-diffamp-clip/evaluator/score_tb.scs	正式题面、独立 checker、边界激励和负例需重新建设并实际校准；旧源码或审核标签均不是验证通过证据	runs/v4-audit-20261010-r3/families/233/review.json;runs/v4-audit-20261010-r3/families/233/status.json;benchmark/reference/v4/release/benchmarkv4-r53/tasks/233-vargain-diffamp-clip/evaluator/family_spec.json	false	accepted_draft	3f748509197738734c7aaee6af269a3b28184d4b4478a28a7240c898825e8d10
234	234-programmable-divider-by-n	时钟与PLL	时钟、分频与时序	reserve_candidate	not_selected	testing-characterization	报告所述功能为可编程 divide-by-N 时钟分频器：clk 电压码时钟经 vth 上升沿检测，divctrl 电压按最近整数舍入为分频比 N，模 N 计数器在每次有效沿递增、计满归零，out 在计数状态为 0 时输出 vh、否则 0 V，实现 f_out=f_clk/N、占空比约 1/N。先以 249/362 和已有 BBPD/PFD 组覆盖状态与实际时钟测量；本项保留不同检测或延迟结构的备选。	benchmark/reference/v4/release/benchmarkv4-r53/tasks/234-programmable-divider-by-n/evaluator/solution/programmable_divider_by_n.va;benchmark/reference/v4/release/benchmarkv4-r53/tasks/234-programmable-divider-by-n/evaluator/family_spec.json;benchmark/reference/v4/release/benchmarkv4-r53/tasks/234-programmable-divider-by-n/evaluator/score_tb.scs	正式题面、独立 checker、边界激励和负例需重新建设并实际校准；旧源码或审核标签均不是验证通过证据	runs/v4-audit-20261010-r3/families/234/review.json;runs/v4-audit-20261010-r3/families/234/status.json;benchmark/reference/v4/release/benchmarkv4-r53/tasks/234-programmable-divider-by-n/evaluator/family_spec.json	false	accepted_draft	5ab9e294ac95be6675a9ea1f50109eb9e86afd43b7609e24f0292908864e87e5
235	235-pfd-timer-reset	时钟与PLL	时钟、分频与时序	reserve_candidate	not_selected	spec-modeling	报告所述功能为两输入边沿触发鉴频鉴相器的行为模型：a、b 上升沿越过 vth 分别置位 UP/DOWN 整数状态，ub 低有效表示 UP、d 高有效表示 DOWN；两态均已置位后经 @(timer) 在 reset_delay 时刻互复位。先以 249/362 和已有 BBPD/PFD 组覆盖状态与实际时钟测量；本项保留不同检测或延迟结构的备选。	benchmark/reference/v4/release/benchmarkv4-r53/tasks/235-pfd-timer-reset/evaluator/solution/pfd_timer_reset.va;benchmark/reference/v4/release/benchmarkv4-r53/tasks/235-pfd-timer-reset/evaluator/family_spec.json;benchmark/reference/v4/release/benchmarkv4-r53/tasks/235-pfd-timer-reset/evaluator/score_tb.scs	正式题面、独立 checker、边界激励和负例需重新建设并实际校准；旧源码或审核标签均不是验证通过证据	runs/v4-audit-20261010-r3/families/235/review.json;runs/v4-audit-20261010-r3/families/235/status.json;benchmark/reference/v4/release/benchmarkv4-r53/tasks/235-pfd-timer-reset/evaluator/family_spec.json	false	accepted_draft	76e0bb07e5b0d054b375dbddc577da34f55404480558f172a0b5fc8c869dbba1
236	236-dual-track-sample-hold	转换器与采样	双阶段跟踪保持	reserve_candidate	not_selected	spec-modeling	低相位输入级跟踪、高相位输出级逼近保持样本，存在两个真实状态；先选 307 两相积分，本项保留建立动态不同的采样结构。	benchmark/reference/v4/release/benchmarkv4-r53/tasks/236-dual-track-sample-hold/evaluator/solution/dual_track_sample_hold.va;benchmark/reference/v4/release/benchmarkv4-r53/tasks/236-dual-track-sample-hold/evaluator/family_spec.json;benchmark/reference/v4/release/benchmarkv4-r53/tasks/236-dual-track-sample-hold/evaluator/score_tb.scs	正式题面、独立 checker、边界激励和负例需重新建设并实际校准；旧源码或审核标签均不是验证通过证据	runs/v4-audit-20261010-r3/families/236/review.json;runs/v4-audit-20261010-r3/families/236/status.json;benchmark/reference/v4/release/benchmarkv4-r53/tasks/236-dual-track-sample-hold/evaluator/family_spec.json;benchmark/reference/v4/release/benchmarkv4-r53/tasks/236-dual-track-sample-hold/evaluator/solution/dual_track_sample_hold.va	true	accepted_draft	4fa1886ca701fc3f61d794277f8a5efa8409cc6ed90d473fb0d94a46d02a7786
237	237-absolute-value	混合信号基础辅助	平滑整流与幅值提取	reserve_candidate	not_selected	spec-modeling;testing-characterization	sigin*tanh(sigin/smooth) 是完整软整流静态功能；先选 336 动态包络，本项保留幅值前处理和传输表征的不同细分方向，公式精确并不使功能无效。	benchmark/reference/v4/release/benchmarkv4-r53/tasks/237-absolute-value/evaluator/solution/absolute_value.va;benchmark/reference/v4/release/benchmarkv4-r53/tasks/237-absolute-value/evaluator/family_spec.json;benchmark/reference/v4/release/benchmarkv4-r53/tasks/237-absolute-value/evaluator/score_tb.scs	明确圆化区域、渐近增益、偶对称与非负的测量定义；数据建模不以公式合成数据代替真实采样级数据;正式题面、独立 checker、边界激励和负例需重新建设并实际校准；旧源码或审核标签均不是验证通过证据	runs/v4-audit-20261010-r3/families/237/review.json;runs/v4-audit-20261010-r3/families/237/status.json;benchmark/reference/v4/release/benchmarkv4-r53/tasks/237-absolute-value/evaluator/family_spec.json	false	accepted_draft	73b39d7362a18ff51f2b311d68254f753e034e23157b69ba5579c1032a12dbb2
238	238-deadband-voltage	放大、滤波与基带调理	信号调理与在线测量	support_component	not_selected	spec-modeling	报告所述功能为死区电压整形器：对 sigin 做无记忆分段线性映射——在含边界的 [-0.25,0.25] 窗口内输出 0 V，低于下边界输出带符号余量 V(sigin)-sigin_dead_low，高于上边界输出 V(sigin)-sigin_dead_high。先以 308/336 和已有增益/RMS 测量方向覆盖清楚的实验目标；本项保留传输或测量定义的备选。	benchmark/reference/v4/release/benchmarkv4-r53/tasks/238-deadband-voltage/evaluator/solution/deadband_voltage.va;benchmark/reference/v4/release/benchmarkv4-r53/tasks/238-deadband-voltage/evaluator/family_spec.json;benchmark/reference/v4/release/benchmarkv4-r53/tasks/238-deadband-voltage/evaluator/score_tb.scs	正式题面、独立 checker、边界激励和负例需重新建设并实际校准；旧源码或审核标签均不是验证通过证据	runs/v4-audit-20261010-r3/families/238/review.json;runs/v4-audit-20261010-r3/families/238/status.json;benchmark/reference/v4/release/benchmarkv4-r53/tasks/238-deadband-voltage/evaluator/family_spec.json	false	accepted_draft	625f9faeb5841b3f4636134a36465c0d78d5273a4aaf06de8c4da79c130413c5
239	239-deadband-diffamp	放大、滤波与基带调理	信号调理与在线测量	reserve_candidate	not_selected	spec-modeling	报告所述功能为差分输入死区放大器：对差分电压 V(sigin_p,sigin_n) 实现无记忆静态传输特性——死区内输出泄漏电平 sigout_leak，低于下门限输出 gain_low*(diff-下门限)+leak，高于上门限输出 gain_high*(diff-上门限)+leak。先以 308/336 和已有增益/RMS 测量方向覆盖清楚的实验目标；本项保留传输或测量定义的备选。	benchmark/reference/v4/release/benchmarkv4-r53/tasks/239-deadband-diffamp/evaluator/solution/deadband_diffamp.va;benchmark/reference/v4/release/benchmarkv4-r53/tasks/239-deadband-diffamp/evaluator/family_spec.json;benchmark/reference/v4/release/benchmarkv4-r53/tasks/239-deadband-diffamp/evaluator/score_tb.scs	正式题面、独立 checker、边界激励和负例需重新建设并实际校准；旧源码或审核标签均不是验证通过证据	runs/v4-audit-20261010-r3/families/239/review.json;runs/v4-audit-20261010-r3/families/239/status.json;benchmark/reference/v4/release/benchmarkv4-r53/tasks/239-deadband-diffamp/evaluator/family_spec.json	false	accepted_draft	466db418a648f6f521e0a9513e6818c2eabbc28df89b827b72079f06670cd1ab
240	240-limiting-diffamp	放大、滤波与基带调理	信号调理与在线测量	reserve_candidate	not_selected	spec-modeling	报告所述功能为理想电压型软限幅差分放大级：sigout = limit·tanh(gain·V(sigin_p,sigin_n)/limit)，近零小信号增益恰为 gain，大差分输入光滑渐近 ±limit，无状态、无采样、无动态。先以 308/336 和已有增益/RMS 测量方向覆盖清楚的实验目标；本项保留传输或测量定义的备选。	benchmark/reference/v4/release/benchmarkv4-r53/tasks/240-limiting-diffamp/evaluator/solution/limiting_diffamp.va;benchmark/reference/v4/release/benchmarkv4-r53/tasks/240-limiting-diffamp/evaluator/family_spec.json;benchmark/reference/v4/release/benchmarkv4-r53/tasks/240-limiting-diffamp/evaluator/score_tb.scs	正式题面、独立 checker、边界激励和负例需重新建设并实际校准；旧源码或审核标签均不是验证通过证据	runs/v4-audit-20261010-r3/families/240/review.json;runs/v4-audit-20261010-r3/families/240/status.json;benchmark/reference/v4/release/benchmarkv4-r53/tasks/240-limiting-diffamp/evaluator/family_spec.json	false	accepted_draft	6d241e8a2d445b6b96af88853353c5d64700bec90d3439c83d913511ed94511e
241	241-hysteretic-comparator-receiver	比较器与判决	比较器与判决	reserve_candidate	not_selected	spec-modeling	报告所述功能为差分输入迟滞比较器接收判决级的行为级模型：对 V(inp,inm) 取 offset±vhys/2双阈值，仅在上升越上阈值时置高、下降越下阈值时置低、带内保持原态；输出经 td=400ps 传播延迟与 80ps 边沿驱动到 0.9V/0V 轨。先以已有滞回/时钟判决组覆盖核心功能；本项留作复位电平、窗口或判决结构备选。	benchmark/reference/v4/release/benchmarkv4-r53/tasks/241-hysteretic-comparator-receiver/evaluator/solution/hysteretic_comparator_receiver.va;benchmark/reference/v4/release/benchmarkv4-r53/tasks/241-hysteretic-comparator-receiver/evaluator/family_spec.json;benchmark/reference/v4/release/benchmarkv4-r53/tasks/241-hysteretic-comparator-receiver/evaluator/score_tb.scs	正式题面、独立 checker、边界激励和负例需重新建设并实际校准；旧源码或审核标签均不是验证通过证据	runs/v4-audit-20261010-r3/families/241/review.json;runs/v4-audit-20261010-r3/families/241/status.json;benchmark/reference/v4/release/benchmarkv4-r53/tasks/241-hysteretic-comparator-receiver/evaluator/family_spec.json	false	accepted_draft	2b5eada902be516ed872a077fb96e24243785aa852fea150b02b729c1c946164
242	242-flash-folded-dac4	转换器与采样	DAC、量化与采样	reserve_candidate	not_selected	spec-modeling	报告所述功能为4位折叠式(folded)DAC行为模型：vd4..vd1为电压编码位，高于vth(0.45V)判1；vd4作折叠/符号位，高时在midscale(8/16·vref)上加低3位权重(4/2/1)，低时减，输出vref·(8±l)/16。先以 343/350 和现有采样/SAR 组覆盖主要架构；本项留作码型、位宽或采样结构备选。	benchmark/reference/v4/release/benchmarkv4-r53/tasks/242-flash-folded-dac4/evaluator/solution/flash_folded_dac4.va;benchmark/reference/v4/release/benchmarkv4-r53/tasks/242-flash-folded-dac4/evaluator/family_spec.json;benchmark/reference/v4/release/benchmarkv4-r53/tasks/242-flash-folded-dac4/evaluator/score_tb.scs	正式题面、独立 checker、边界激励和负例需重新建设并实际校准；旧源码或审核标签均不是验证通过证据	runs/v4-audit-20261010-r3/families/242/review.json;runs/v4-audit-20261010-r3/families/242/status.json;benchmark/reference/v4/release/benchmarkv4-r53/tasks/242-flash-folded-dac4/evaluator/family_spec.json	false	accepted_draft	d9f6ed05e88988330e7cc36349cf257508245b56854cae1b6f3cf9f04ecea119
243	243-subradix-dac10	转换器与采样	亚基数 DAC 传输	reserve_candidate	not_selected	spec-modeling;testing-characterization	1.8^k 非二进制权重提供亚基数码到电平映射，区别于普通二进制 DAC；先选 343/350/344 架构代表，本项保留冗余权重传输的细分功能。	benchmark/reference/v4/release/benchmarkv4-r53/tasks/243-subradix-dac10/evaluator/solution/subradix_dac10.va;benchmark/reference/v4/release/benchmarkv4-r53/tasks/243-subradix-dac10/evaluator/family_spec.json;benchmark/reference/v4/release/benchmarkv4-r53/tasks/243-subradix-dac10/evaluator/score_tb.scs	按几何级数独立核对归一化、全1和跨进位码；亚基数不自动保证按自然二进制码序单调，旧报告该断言不能沿用;正式题面、独立 checker、边界激励和负例需重新建设并实际校准；旧源码或审核标签均不是验证通过证据	runs/v4-audit-20261010-r3/families/243/review.json;runs/v4-audit-20261010-r3/families/243/status.json;benchmark/reference/v4/release/benchmarkv4-r53/tasks/243-subradix-dac10/evaluator/family_spec.json	false	accepted_draft	68254afc63e58fa933a664640af89454a4e9074b0f72bb0c05f14bbd2f7b25a8
244	244-clocked-adc3bit	转换器与采样	DAC、量化与采样	reserve_candidate	not_selected	spec-modeling	报告所述功能为3位时钟采样ADC行为模型：vclk上升沿穿过vth_clk(0.45V)时采样vin，将0–1V均分为8个左闭右开量化bin，码值保持到下一沿，vd2/vd1/vd0以vh(0.9V)/0V输出二进制。先以 343/350 和现有采样/SAR 组覆盖主要架构；本项留作码型、位宽或采样结构备选。	benchmark/reference/v4/release/benchmarkv4-r53/tasks/244-clocked-adc3bit/evaluator/solution/clocked_adc3bit.va;benchmark/reference/v4/release/benchmarkv4-r53/tasks/244-clocked-adc3bit/evaluator/family_spec.json;benchmark/reference/v4/release/benchmarkv4-r53/tasks/244-clocked-adc3bit/evaluator/score_tb.scs	正式题面、独立 checker、边界激励和负例需重新建设并实际校准；旧源码或审核标签均不是验证通过证据	runs/v4-audit-20261010-r3/families/244/review.json;runs/v4-audit-20261010-r3/families/244/status.json;benchmark/reference/v4/release/benchmarkv4-r53/tasks/244-clocked-adc3bit/evaluator/family_spec.json	false	accepted_draft	65a526638356a164cce9abb4ee9b90e82f6e9c0e406217276415106d8c5edc95
245	245-cal4bit-modulo	校准与修调	校准与修调	support_component	not_selected	spec-modeling	报告所述功能为连续时间电压域4位量化编码器：对 V(ain) 取 floor 得整数码，钳位到 0..15，在 d0..d3 以 vh/0V 电平输出二进制码，参考实现带 10ps transition 平滑。先以既有响应驱动校准方向与 344 轮换控制覆盖实际作用；本项保留不同修调对象备选。	benchmark/reference/v4/release/benchmarkv4-r53/tasks/245-cal4bit-modulo/evaluator/solution/cal4bit_modulo.va;benchmark/reference/v4/release/benchmarkv4-r53/tasks/245-cal4bit-modulo/evaluator/family_spec.json;benchmark/reference/v4/release/benchmarkv4-r53/tasks/245-cal4bit-modulo/evaluator/score_tb.scs	正式题面、独立 checker、边界激励和负例需重新建设并实际校准；旧源码或审核标签均不是验证通过证据	runs/v4-audit-20261010-r3/families/245/review.json;runs/v4-audit-20261010-r3/families/245/status.json;benchmark/reference/v4/release/benchmarkv4-r53/tasks/245-cal4bit-modulo/evaluator/family_spec.json	false	accepted_draft	a21e712ff21249f357964f5885b71f15c85d95c1cf4b3d2648722a3af2aa9572
246	246-mux4-priority	混合信号基础辅助	四路模拟选择	reserve_candidate	not_selected	spec-modeling	sel0/sel1 阈值译码实际选择一条模拟输入，是完整路由功能；先选 311/349 作为后续采样读出候选，本项保留无状态 MUX 的基础同类变体。	benchmark/reference/v4/release/benchmarkv4-r53/tasks/246-mux4-priority/evaluator/solution/mux4_priority.va;benchmark/reference/v4/release/benchmarkv4-r53/tasks/246-mux4-priority/evaluator/family_spec.json;benchmark/reference/v4/release/benchmarkv4-r53/tasks/246-mux4-priority/evaluator/score_tb.scs	去除不成立的 priority 语义，公开选择边界、动态输入与路由关系；导通阻抗和串扰只在另有模型时测量;正式题面、独立 checker、边界激励和负例需重新建设并实际校准；旧源码或审核标签均不是验证通过证据	runs/v4-audit-20261010-r3/families/246/review.json;runs/v4-audit-20261010-r3/families/246/status.json;benchmark/reference/v4/release/benchmarkv4-r53/tasks/246-mux4-priority/evaluator/family_spec.json	false	accepted_draft	1d132fb8397640edd7d4d68bdd90aceccf8050848cf8484a5efa1e884f8e5fe8
247	247-voltage-match-window	校准与修调	校准与修调	reserve_candidate	not_selected	spec-modeling	报告所述功能为电压匹配窗口比较器行为模型：对两路模拟输入取 abs(V(vin1)-V(vin2))，与 match_tol=0.05V 比较作无记忆判决，匹配时把 vout 平滑过渡到 vh=0.9V，否则到 0V。先以既有响应驱动校准方向与 344 轮换控制覆盖实际作用；本项保留不同修调对象备选。	benchmark/reference/v4/release/benchmarkv4-r53/tasks/247-voltage-match-window/evaluator/solution/voltage_match_window.va;benchmark/reference/v4/release/benchmarkv4-r53/tasks/247-voltage-match-window/evaluator/family_spec.json;benchmark/reference/v4/release/benchmarkv4-r53/tasks/247-voltage-match-window/evaluator/score_tb.scs	正式题面、独立 checker、边界激励和负例需重新建设并实际校准；旧源码或审核标签均不是验证通过证据	runs/v4-audit-20261010-r3/families/247/review.json;runs/v4-audit-20261010-r3/families/247/status.json;benchmark/reference/v4/release/benchmarkv4-r53/tasks/247-voltage-match-window/evaluator/family_spec.json	false	accepted_draft	25783bdb0493c968ccd4472c133a68695cc2c375c8782b0a8d1f718778899341
248	248-bipolar-dff-sample	时钟与PLL	时钟、分频与时序	support_component	not_selected	spec-modeling	报告所述功能为行为级边沿触发 D 触发器采样器：vclk 上升穿越 vclk_th 时采样 vin_d>vth，把结果存入内部状态 x，双端输出 ±1 V 互补电平，沿间保持。先以 249/362 和已有 BBPD/PFD 组覆盖状态与实际时钟测量；本项保留不同检测或延迟结构的备选。	benchmark/reference/v4/release/benchmarkv4-r53/tasks/248-bipolar-dff-sample/evaluator/solution/bipolar_dff_sample.va;benchmark/reference/v4/release/benchmarkv4-r53/tasks/248-bipolar-dff-sample/evaluator/family_spec.json;benchmark/reference/v4/release/benchmarkv4-r53/tasks/248-bipolar-dff-sample/evaluator/score_tb.scs	正式题面、独立 checker、边界激励和负例需重新建设并实际校准；旧源码或审核标签均不是验证通过证据	runs/v4-audit-20261010-r3/families/248/review.json;runs/v4-audit-20261010-r3/families/248/status.json;benchmark/reference/v4/release/benchmarkv4-r53/tasks/248-bipolar-dff-sample/evaluator/family_spec.json	false	accepted_draft	62f927efc08c975939f396bd9d5c8e2695892cb66810d74f5f4fb0003b2dc1e1
249	249-pfd-active-low-reset	时钟与PLL	PFD 复位与挂起事件	priority_seed	first	diagnosis-repair;testing-characterization	ref/fb 置位、双边定时互复位与低有效外部复位形成明确状态问题；延续已讨论 PFD 修复方向。	benchmark/reference/v4/release/benchmarkv4-r53/tasks/249-pfd-active-low-reset/evaluator/solution/pfd_active_low_reset.va;benchmark/reference/v4/release/benchmarkv4-r53/tasks/249-pfd-active-low-reset/evaluator/family_spec.json;benchmark/reference/v4/release/benchmarkv4-r53/tasks/249-pfd-active-low-reset/evaluator/score_tb.scs	复位优先、重合边沿及取消挂起 timer 合同；故障与负例重新校准;正式题面、独立 checker、边界激励和负例需重新建设并实际校准；旧源码或审核标签均不是验证通过证据;按既有修复题卡方向继续确认故障种子与负例；不将新未确认故障批量派生为修复题	runs/v4-audit-20261010-r3/families/249/review.json;runs/v4-audit-20261010-r3/families/249/status.json;benchmark/reference/v4/release/benchmarkv4-r53/tasks/249-pfd-active-low-reset/evaluator/family_spec.json;benchmark/reference/v4/release/benchmarkv4-r53/tasks/249-pfd-active-low-reset/evaluator/solution/pfd_active_low_reset.va	true	accepted_draft	13df0698f42ec3d0bf2d19804e965be99c9bcf04e682b21673e3939a73848ff8
250	250-rail-referenced-gain-buffer	放大、滤波与基带调理	信号调理与在线测量	support_component	not_selected	spec-modeling	报告所述功能为电压域行为级信号调理/监视块。先以 308/336 和已有增益/RMS 测量方向覆盖清楚的实验目标；本项保留传输或测量定义的备选。	benchmark/reference/v4/release/benchmarkv4-r53/tasks/250-rail-referenced-gain-buffer/evaluator/solution/rail_referenced_gain_buffer.va;benchmark/reference/v4/release/benchmarkv4-r53/tasks/250-rail-referenced-gain-buffer/evaluator/family_spec.json;benchmark/reference/v4/release/benchmarkv4-r53/tasks/250-rail-referenced-gain-buffer/evaluator/score_tb.scs	正式题面、独立 checker、边界激励和负例需重新建设并实际校准；旧源码或审核标签均不是验证通过证据	runs/v4-audit-20261010-r3/families/250/review.json;runs/v4-audit-20261010-r3/families/250/status.json;benchmark/reference/v4/release/benchmarkv4-r53/tasks/250-rail-referenced-gain-buffer/evaluator/family_spec.json	false	accepted_draft	5ea540ba6a7a5d2548815ca6634e4e31fda947d7b8df0960942be88f6a6c1082
251	251-weighted-balance-summer	放大、滤波与基带调理	信号调理与在线测量	support_component	not_selected	spec-modeling	报告所述功能为四路模拟输入以本地vss为参考、按当前供电跨度span=V(vdd,vss)归一化(下限钳0.05V)后做固定权重求和 core=0.36x0+0.28x1+0.18x2+0.10x3+0.04；在en>0.45V且0.62V≤span≤1.28V有效窗内输出 out=vhi·clip01(core)、core>0.48时的flag=vhi、不平衡度量 metric=vhi·clip01(|x0−x1|/0.55)，窗外三输出清零。先以 308/336 和已有增益/RMS 测量方向覆盖清楚的实验目标；本项保留传输或测量定义的备选。	benchmark/reference/v4/release/benchmarkv4-r53/tasks/251-weighted-balance-summer/evaluator/solution/weighted_balance_summer.va;benchmark/reference/v4/release/benchmarkv4-r53/tasks/251-weighted-balance-summer/evaluator/family_spec.json;benchmark/reference/v4/release/benchmarkv4-r53/tasks/251-weighted-balance-summer/evaluator/score_tb.scs	正式题面、独立 checker、边界激励和负例需重新建设并实际校准；旧源码或审核标签均不是验证通过证据	runs/v4-audit-20261010-r3/families/251/review.json;runs/v4-audit-20261010-r3/families/251/status.json;benchmark/reference/v4/release/benchmarkv4-r53/tasks/251-weighted-balance-summer/evaluator/family_spec.json	false	accepted_draft	85800e6ad62684c3055760112fee40c5d48617dfb8527575ef1d4e011c740b38
252	252-supply-qualified-window-flag	电源、基准与保护	电源控制与保护	support_component	not_selected	testing-characterization	报告所述功能为无状态电压域监视器。先以 272/372 和既有电源资格组覆盖释放与控制；本项保留不同保护或基准行为备选。	benchmark/reference/v4/release/benchmarkv4-r53/tasks/252-supply-qualified-window-flag/evaluator/solution/supply_qualified_window_flag.va;benchmark/reference/v4/release/benchmarkv4-r53/tasks/252-supply-qualified-window-flag/evaluator/family_spec.json;benchmark/reference/v4/release/benchmarkv4-r53/tasks/252-supply-qualified-window-flag/evaluator/score_tb.scs	正式题面、独立 checker、边界激励和负例需重新建设并实际校准；旧源码或审核标签均不是验证通过证据	runs/v4-audit-20261010-r3/families/252/review.json;runs/v4-audit-20261010-r3/families/252/status.json;benchmark/reference/v4/release/benchmarkv4-r53/tasks/252-supply-qualified-window-flag/evaluator/family_spec.json	false	accepted_draft	c7963d9cd8ed2423d5b77a062747d060bf93a10edfa48b7da34effbed53d4745
253	253-power-mode-clamped-mux	校准与修调	校准与修调	support_component	not_selected	spec-modeling	报告所述功能为4:1 轨归一化模拟多路选择器。先以既有响应驱动校准方向与 344 轮换控制覆盖实际作用；本项保留不同修调对象备选。	benchmark/reference/v4/release/benchmarkv4-r53/tasks/253-power-mode-clamped-mux/evaluator/solution/power_mode_clamped_mux.va;benchmark/reference/v4/release/benchmarkv4-r53/tasks/253-power-mode-clamped-mux/evaluator/family_spec.json;benchmark/reference/v4/release/benchmarkv4-r53/tasks/253-power-mode-clamped-mux/evaluator/score_tb.scs	正式题面、独立 checker、边界激励和负例需重新建设并实际校准；旧源码或审核标签均不是验证通过证据	runs/v4-audit-20261010-r3/families/253/review.json;runs/v4-audit-20261010-r3/families/253/status.json;benchmark/reference/v4/release/benchmarkv4-r53/tasks/253-power-mode-clamped-mux/evaluator/family_spec.json	false	accepted_draft	3e30e081303abbb1c024eec9204b21a45ee84efaf9880c89a28c1a7e56428bdd
254	254-bias-trim-affine-mapper	校准与修调	校准与修调	support_component	not_selected	spec-modeling	报告所述功能为电压域前馈行为级修调映射器。先以既有响应驱动校准方向与 344 轮换控制覆盖实际作用；本项保留不同修调对象备选。	benchmark/reference/v4/release/benchmarkv4-r53/tasks/254-bias-trim-affine-mapper/evaluator/solution/bias_trim_affine_mapper.va;benchmark/reference/v4/release/benchmarkv4-r53/tasks/254-bias-trim-affine-mapper/evaluator/family_spec.json;benchmark/reference/v4/release/benchmarkv4-r53/tasks/254-bias-trim-affine-mapper/evaluator/score_tb.scs	正式题面、独立 checker、边界激励和负例需重新建设并实际校准；旧源码或审核标签均不是验证通过证据	runs/v4-audit-20261010-r3/families/254/review.json;runs/v4-audit-20261010-r3/families/254/status.json;benchmark/reference/v4/release/benchmarkv4-r53/tasks/254-bias-trim-affine-mapper/evaluator/family_spec.json	false	accepted_draft	06087246d978d137fbcc7d956472373c91883006613c194a1a14b6a6be5d28c3
255	255-reset-polarity-qualifier	电源、基准与保护	电源控制与保护	support_component	not_selected	testing-characterization	报告所述功能为无状态电压域行为监视器。先以 272/372 和既有电源资格组覆盖释放与控制；本项保留不同保护或基准行为备选。	benchmark/reference/v4/release/benchmarkv4-r53/tasks/255-reset-polarity-qualifier/evaluator/solution/reset_polarity_qualifier.va;benchmark/reference/v4/release/benchmarkv4-r53/tasks/255-reset-polarity-qualifier/evaluator/family_spec.json;benchmark/reference/v4/release/benchmarkv4-r53/tasks/255-reset-polarity-qualifier/evaluator/score_tb.scs	正式题面、独立 checker、边界激励和负例需重新建设并实际校准；旧源码或审核标签均不是验证通过证据	runs/v4-audit-20261010-r3/families/255/review.json;runs/v4-audit-20261010-r3/families/255/status.json;benchmark/reference/v4/release/benchmarkv4-r53/tasks/255-reset-polarity-qualifier/evaluator/family_spec.json	false	accepted_draft	7926ea1c2a53ba03be55d790661997eeb9171d7bc9c595b78f87a7f62c3bd8c3
256	256-multi-condition-enable-combiner	电源、基准与保护	供电资格与多数许可	reserve_candidate	not_selected	spec-modeling	供电有效窗内统计四路就绪，至少三路合格才许可；不同于 272 分阶段释放，本项保留多条件表决的电源细分功能，先完成已有资格序列组。	benchmark/reference/v4/release/benchmarkv4-r53/tasks/256-multi-condition-enable-combiner/evaluator/solution/multi_condition_enable_combiner.va;benchmark/reference/v4/release/benchmarkv4-r53/tasks/256-multi-condition-enable-combiner/evaluator/family_spec.json;benchmark/reference/v4/release/benchmarkv4-r53/tasks/256-multi-condition-enable-combiner/evaluator/score_tb.scs	删除无作用控制引脚或明示用途，公开归一化阈值、供电越界和许可表决；未建模延迟不作时序性能;正式题面、独立 checker、边界激励和负例需重新建设并实际校准；旧源码或审核标签均不是验证通过证据	runs/v4-audit-20261010-r3/families/256/review.json;runs/v4-audit-20261010-r3/families/256/status.json;benchmark/reference/v4/release/benchmarkv4-r53/tasks/256-multi-condition-enable-combiner/evaluator/family_spec.json	false	accepted_draft	57881370a06d82e07268a83113e9bb096e1b3753463848fc90cb148d38a62d2a
257	257-phase-mismatch-qualifier	时钟与PLL	时钟、分频与时序	support_component	not_selected	spec-modeling	报告所述功能为资产只支持一个纯组合的电压域监控/限定块：4 路模拟输入按本地 vss 参考、以 span=V(vdd,vss) 归一化并 clip01；仅当 V(en)>vth 且 span∈[span_min,span_max] 视为有效，否则 out/flag/metric 清零。先以 249/362 和已有 BBPD/PFD 组覆盖状态与实际时钟测量；本项保留不同检测或延迟结构的备选。	benchmark/reference/v4/release/benchmarkv4-r53/tasks/257-phase-mismatch-qualifier/evaluator/solution/phase_mismatch_qualifier.va;benchmark/reference/v4/release/benchmarkv4-r53/tasks/257-phase-mismatch-qualifier/evaluator/family_spec.json;benchmark/reference/v4/release/benchmarkv4-r53/tasks/257-phase-mismatch-qualifier/evaluator/score_tb.scs	正式题面、独立 checker、边界激励和负例需重新建设并实际校准；旧源码或审核标签均不是验证通过证据	runs/v4-audit-20261010-r3/families/257/review.json;runs/v4-audit-20261010-r3/families/257/status.json;benchmark/reference/v4/release/benchmarkv4-r53/tasks/257-phase-mismatch-qualifier/evaluator/family_spec.json	false	accepted_draft	57028887f2fe12de20248984d2c6300368e1d221c07387d0bf02cd0744dbcda8
258	258-priority-fault-code-driver	电源、基准与保护	电源控制与保护	support_component	not_selected	testing-characterization	报告所述功能为组合行为级优先故障码编码器/监视器。先以 272/372 和既有电源资格组覆盖释放与控制；本项保留不同保护或基准行为备选。	benchmark/reference/v4/release/benchmarkv4-r53/tasks/258-priority-fault-code-driver/evaluator/solution/priority_fault_code_driver.va;benchmark/reference/v4/release/benchmarkv4-r53/tasks/258-priority-fault-code-driver/evaluator/family_spec.json;benchmark/reference/v4/release/benchmarkv4-r53/tasks/258-priority-fault-code-driver/evaluator/score_tb.scs	正式题面、独立 checker、边界激励和负例需重新建设并实际校准；旧源码或审核标签均不是验证通过证据	runs/v4-audit-20261010-r3/families/258/review.json;runs/v4-audit-20261010-r3/families/258/status.json;benchmark/reference/v4/release/benchmarkv4-r53/tasks/258-priority-fault-code-driver/evaluator/family_spec.json	false	accepted_draft	e6662d17477b51224f79e460f59fca9fd91d6ad85c02279956a7ba88c0c65e1f
259	259-lane-validity-reduction-monitor	测量与测试激励	信号调理与在线测量	support_component	not_selected	spec-modeling	报告所述功能为组合式四通道电压监测器。先以 308/336 和已有增益/RMS 测量方向覆盖清楚的实验目标；本项保留传输或测量定义的备选。	benchmark/reference/v4/release/benchmarkv4-r53/tasks/259-lane-validity-reduction-monitor/evaluator/solution/lane_validity_reduction_monitor.va;benchmark/reference/v4/release/benchmarkv4-r53/tasks/259-lane-validity-reduction-monitor/evaluator/family_spec.json;benchmark/reference/v4/release/benchmarkv4-r53/tasks/259-lane-validity-reduction-monitor/evaluator/score_tb.scs	正式题面、独立 checker、边界激励和负例需重新建设并实际校准；旧源码或审核标签均不是验证通过证据	runs/v4-audit-20261010-r3/families/259/review.json;runs/v4-audit-20261010-r3/families/259/status.json;benchmark/reference/v4/release/benchmarkv4-r53/tasks/259-lane-validity-reduction-monitor/evaluator/family_spec.json	false	accepted_draft	38221507e6c7be3eeb5a856e6201476fb2aaab416c14bdfadb9a317dfba2c46e
260	260-comparator-decision-capture	比较器与判决	比较器与判决	support_component	not_selected	spec-modeling	报告所述功能为时钟沿采样的比较器判决捕获单元。先以已有滞回/时钟判决组覆盖核心功能；本项留作复位电平、窗口或判决结构备选。	benchmark/reference/v4/release/benchmarkv4-r53/tasks/260-comparator-decision-capture/evaluator/solution/comparator_decision_capture.va;benchmark/reference/v4/release/benchmarkv4-r53/tasks/260-comparator-decision-capture/evaluator/family_spec.json;benchmark/reference/v4/release/benchmarkv4-r53/tasks/260-comparator-decision-capture/evaluator/score_tb.scs	正式题面、独立 checker、边界激励和负例需重新建设并实际校准；旧源码或审核标签均不是验证通过证据	runs/v4-audit-20261010-r3/families/260/review.json;runs/v4-audit-20261010-r3/families/260/status.json;benchmark/reference/v4/release/benchmarkv4-r53/tasks/260-comparator-decision-capture/evaluator/family_spec.json	false	accepted_draft	4dc5911ba973175e1433ac2238662f00df594ac2ff37bfe6c1d18683e75f7a26
261	261-falling-edge-calibration-sampler	校准与修调	下降沿比例比较采样	reserve_candidate	not_selected	spec-modeling;testing-characterization	下降沿捕获本地供电归一后的两路大小与差值，提供比例采样比较；先选已有采样/判决代表，本项保留异极性采样及有效窗的同类变体，未有校准闭环。	benchmark/reference/v4/release/benchmarkv4-r53/tasks/261-falling-edge-calibration-sampler/evaluator/solution/falling_edge_calibration_sampler.va;benchmark/reference/v4/release/benchmarkv4-r53/tasks/261-falling-edge-calibration-sampler/evaluator/family_spec.json;benchmark/reference/v4/release/benchmarkv4-r53/tasks/261-falling-edge-calibration-sampler/evaluator/score_tb.scs	明确异步复位与同沿优先，处理无作用引脚和镜像 flag；只对实际比较和差值输出验收;正式题面、独立 checker、边界激励和负例需重新建设并实际校准；旧源码或审核标签均不是验证通过证据	runs/v4-audit-20261010-r3/families/261/review.json;runs/v4-audit-20261010-r3/families/261/status.json;benchmark/reference/v4/release/benchmarkv4-r53/tasks/261-falling-edge-calibration-sampler/evaluator/family_spec.json	false	accepted_draft	8e253a6b0014f6f70d9664fc127289df511f7c6d2a3e7c3d8fd149c42b8bfa36
262	262-resettable-phase-toggle-monitor	时钟与PLL	复位优先采样翻转	reserve_candidate	not_selected	spec-modeling	有效采样且归一输入高于门限时翻转输出，具备可测状态合同；先选 PFD/DCO 实际相位与时钟方向，本项保留采样翻转监视变体，不称 PLL 相位监测。	benchmark/reference/v4/release/benchmarkv4-r53/tasks/262-resettable-phase-toggle-monitor/evaluator/solution/resettable_phase_toggle_monitor.va;benchmark/reference/v4/release/benchmarkv4-r53/tasks/262-resettable-phase-toggle-monitor/evaluator/family_spec.json;benchmark/reference/v4/release/benchmarkv4-r53/tasks/262-resettable-phase-toggle-monitor/evaluator/score_tb.scs	公开翻转阈值、复位碰撞和无效供电清零，处理无作用控制及输入引脚;正式题面、独立 checker、边界激励和负例需重新建设并实际校准；旧源码或审核标签均不是验证通过证据	runs/v4-audit-20261010-r3/families/262/review.json;runs/v4-audit-20261010-r3/families/262/status.json;benchmark/reference/v4/release/benchmarkv4-r53/tasks/262-resettable-phase-toggle-monitor/evaluator/family_spec.json	false	accepted_draft	2661c7999ee66a5984d2a2ff170681d9e7fa67832737013bdee9672ae7a61b86
263	263-settling-progress-counter	测量与测试激励	信号调理与在线测量	support_component	not_selected	spec-modeling	报告所述功能为时钟域采样的“合格样本连续计数”监督电路。先以 308/336 和已有增益/RMS 测量方向覆盖清楚的实验目标；本项保留传输或测量定义的备选。	benchmark/reference/v4/release/benchmarkv4-r53/tasks/263-settling-progress-counter/evaluator/solution/settling_progress_counter.va;benchmark/reference/v4/release/benchmarkv4-r53/tasks/263-settling-progress-counter/evaluator/family_spec.json;benchmark/reference/v4/release/benchmarkv4-r53/tasks/263-settling-progress-counter/evaluator/score_tb.scs	正式题面、独立 checker、边界激励和负例需重新建设并实际校准；旧源码或审核标签均不是验证通过证据	runs/v4-audit-20261010-r3/families/263/review.json;runs/v4-audit-20261010-r3/families/263/status.json;benchmark/reference/v4/release/benchmarkv4-r53/tasks/263-settling-progress-counter/evaluator/family_spec.json	false	accepted_draft	04b8ebf050e19c4eb3e07a08785dc955705ef0715a35d944fb6c5648f41ca202
264	264-enable-qualified-bias-hold	电源、基准与保护	电源控制与保护	support_component	not_selected	spec-modeling	报告所述功能为14端口行为级 Verilog-A 模块。先以 272/372 和既有电源资格组覆盖释放与控制；本项保留不同保护或基准行为备选。	benchmark/reference/v4/release/benchmarkv4-r53/tasks/264-enable-qualified-bias-hold/evaluator/solution/enable_qualified_bias_hold.va;benchmark/reference/v4/release/benchmarkv4-r53/tasks/264-enable-qualified-bias-hold/evaluator/family_spec.json;benchmark/reference/v4/release/benchmarkv4-r53/tasks/264-enable-qualified-bias-hold/evaluator/score_tb.scs	正式题面、独立 checker、边界激励和负例需重新建设并实际校准；旧源码或审核标签均不是验证通过证据	runs/v4-audit-20261010-r3/families/264/review.json;runs/v4-audit-20261010-r3/families/264/status.json;benchmark/reference/v4/release/benchmarkv4-r53/tasks/264-enable-qualified-bias-hold/evaluator/family_spec.json	false	accepted_draft	ae9a9c0c14e5972980bc030c8ec2158dc1e41413657e57947806f62351f1aaa6
265	265-dynamic-supply-enable-driver	电源、基准与保护	电源控制与保护	support_component	not_selected	spec-modeling	报告所述功能为资产能支持的电路是一个组合式供电参考标度/监测块。先以 272/372 和既有电源资格组覆盖释放与控制；本项保留不同保护或基准行为备选。	benchmark/reference/v4/release/benchmarkv4-r53/tasks/265-dynamic-supply-enable-driver/evaluator/solution/dynamic_supply_enable_driver.va;benchmark/reference/v4/release/benchmarkv4-r53/tasks/265-dynamic-supply-enable-driver/evaluator/family_spec.json;benchmark/reference/v4/release/benchmarkv4-r53/tasks/265-dynamic-supply-enable-driver/evaluator/score_tb.scs	正式题面、独立 checker、边界激励和负例需重新建设并实际校准；旧源码或审核标签均不是验证通过证据	runs/v4-audit-20261010-r3/families/265/review.json;runs/v4-audit-20261010-r3/families/265/status.json;benchmark/reference/v4/release/benchmarkv4-r53/tasks/265-dynamic-supply-enable-driver/evaluator/family_spec.json	false	accepted_draft	ae6756d30fff3cb1b30335a5939bd953b68aa44fef8a99c3795e04b6425c31fe
266	266-local-domain-buffer-translator	电源、基准与保护	电源控制与保护	support_component	not_selected	spec-modeling	报告所述功能为单模块连续时间行为块。先以 272/372 和既有电源资格组覆盖释放与控制；本项保留不同保护或基准行为备选。	benchmark/reference/v4/release/benchmarkv4-r53/tasks/266-local-domain-buffer-translator/evaluator/solution/local_domain_buffer_translator.va;benchmark/reference/v4/release/benchmarkv4-r53/tasks/266-local-domain-buffer-translator/evaluator/family_spec.json;benchmark/reference/v4/release/benchmarkv4-r53/tasks/266-local-domain-buffer-translator/evaluator/score_tb.scs	正式题面、独立 checker、边界激励和负例需重新建设并实际校准；旧源码或审核标签均不是验证通过证据	runs/v4-audit-20261010-r3/families/266/review.json;runs/v4-audit-20261010-r3/families/266/status.json;benchmark/reference/v4/release/benchmarkv4-r53/tasks/266-local-domain-buffer-translator/evaluator/family_spec.json	false	accepted_draft	5667536029103b5b3587498074a121cf2d6f96ada1e07f25c4a4dff68347eb6f
267	267-clocked-power-ready-sampler	电源、基准与保护	电源控制与保护	support_component	not_selected	spec-modeling	报告所述功能为时钟驱动的电源就绪监督器。先以 272/372 和既有电源资格组覆盖释放与控制；本项保留不同保护或基准行为备选。	benchmark/reference/v4/release/benchmarkv4-r53/tasks/267-clocked-power-ready-sampler/evaluator/solution/clocked_power_ready_sampler.va;benchmark/reference/v4/release/benchmarkv4-r53/tasks/267-clocked-power-ready-sampler/evaluator/family_spec.json;benchmark/reference/v4/release/benchmarkv4-r53/tasks/267-clocked-power-ready-sampler/evaluator/score_tb.scs	正式题面、独立 checker、边界激励和负例需重新建设并实际校准；旧源码或审核标签均不是验证通过证据	runs/v4-audit-20261010-r3/families/267/review.json;runs/v4-audit-20261010-r3/families/267/status.json;benchmark/reference/v4/release/benchmarkv4-r53/tasks/267-clocked-power-ready-sampler/evaluator/family_spec.json	false	accepted_draft	43bca9a147f6419b3939f461dda453e2ad8c112fde903bfd3f730d19b0f5293a
268	268-mode-selected-bias-driver	电源、基准与保护	电源控制与保护	support_component	not_selected	spec-modeling	报告所述功能为四选一比例归一化模拟参考选择器。先以 272/372 和既有电源资格组覆盖释放与控制；本项保留不同保护或基准行为备选。	benchmark/reference/v4/release/benchmarkv4-r53/tasks/268-mode-selected-bias-driver/evaluator/solution/mode_selected_bias_driver.va;benchmark/reference/v4/release/benchmarkv4-r53/tasks/268-mode-selected-bias-driver/evaluator/family_spec.json;benchmark/reference/v4/release/benchmarkv4-r53/tasks/268-mode-selected-bias-driver/evaluator/score_tb.scs	正式题面、独立 checker、边界激励和负例需重新建设并实际校准；旧源码或审核标签均不是验证通过证据	runs/v4-audit-20261010-r3/families/268/review.json;runs/v4-audit-20261010-r3/families/268/status.json;benchmark/reference/v4/release/benchmarkv4-r53/tasks/268-mode-selected-bias-driver/evaluator/family_spec.json	false	accepted_draft	48ab85ba487cb0b46b52926dbf107020942e2d09f7d8aefd42aaca05ebc04f6a
269	269-saturation-recovery-limiter	放大、滤波与基带调理	信号调理与在线测量	support_component	not_selected	spec-modeling	报告所述功能为带使能的静态电压限幅与饱和指示块：en 有效时 out=clamp(V(vin),vlo,vlimit)，vin 越界时 sat=vhi、recovery_metric=vhi·clip01(|V(vin)−clamp值|/(vlimit−vlo))；en 无效时三个输出清零。先以 308/336 和已有增益/RMS 测量方向覆盖清楚的实验目标；本项保留传输或测量定义的备选。	benchmark/reference/v4/release/benchmarkv4-r53/tasks/269-saturation-recovery-limiter/evaluator/solution/saturation_recovery_limiter.va;benchmark/reference/v4/release/benchmarkv4-r53/tasks/269-saturation-recovery-limiter/evaluator/family_spec.json;benchmark/reference/v4/release/benchmarkv4-r53/tasks/269-saturation-recovery-limiter/evaluator/score_tb.scs	正式题面、独立 checker、边界激励和负例需重新建设并实际校准；旧源码或审核标签均不是验证通过证据	runs/v4-audit-20261010-r3/families/269/review.json;runs/v4-audit-20261010-r3/families/269/status.json;benchmark/reference/v4/release/benchmarkv4-r53/tasks/269-saturation-recovery-limiter/evaluator/family_spec.json	false	accepted_draft	cd4a28e665cfefca32a2cfb458e2da83cf1862435d5fb8c484b0604df3acae98
270	270-sampled-error-update-monitor	校准与修调	校准与修调	support_component	not_selected	testing-characterization	报告所述功能为时钟上升沿采样的校准监视器。先以既有响应驱动校准方向与 344 轮换控制覆盖实际作用；本项保留不同修调对象备选。	benchmark/reference/v4/release/benchmarkv4-r53/tasks/270-sampled-error-update-monitor/evaluator/solution/sampled_error_update_monitor.va;benchmark/reference/v4/release/benchmarkv4-r53/tasks/270-sampled-error-update-monitor/evaluator/family_spec.json;benchmark/reference/v4/release/benchmarkv4-r53/tasks/270-sampled-error-update-monitor/evaluator/score_tb.scs	正式题面、独立 checker、边界激励和负例需重新建设并实际校准；旧源码或审核标签均不是验证通过证据	runs/v4-audit-20261010-r3/families/270/review.json;runs/v4-audit-20261010-r3/families/270/status.json;benchmark/reference/v4/release/benchmarkv4-r53/tasks/270-sampled-error-update-monitor/evaluator/family_spec.json	false	accepted_draft	75ce9cdd79314f3b66df1059fb8c8a98511662929a2c5399eea29e69d3247666
271	271-windowed-event-rate-monitor	测量与测试激励	信号调理与在线测量	support_component	not_selected	testing-characterization	报告所述功能为时钟上升沿采样、门控复位的电压域事件率/活跃度监视器。先以 308/336 和已有增益/RMS 测量方向覆盖清楚的实验目标；本项保留传输或测量定义的备选。	benchmark/reference/v4/release/benchmarkv4-r53/tasks/271-windowed-event-rate-monitor/evaluator/solution/windowed_event_rate_monitor.va;benchmark/reference/v4/release/benchmarkv4-r53/tasks/271-windowed-event-rate-monitor/evaluator/family_spec.json;benchmark/reference/v4/release/benchmarkv4-r53/tasks/271-windowed-event-rate-monitor/evaluator/score_tb.scs	正式题面、独立 checker、边界激励和负例需重新建设并实际校准；旧源码或审核标签均不是验证通过证据	runs/v4-audit-20261010-r3/families/271/review.json;runs/v4-audit-20261010-r3/families/271/status.json;benchmark/reference/v4/release/benchmarkv4-r53/tasks/271-windowed-event-rate-monitor/evaluator/family_spec.json	false	accepted_draft	85009e9309507ecffe5d9719905d70b027fe9534bcbee225bd0356cc31d0fbbf
272	272-reset-release-sequencer	电源、基准与保护	电源资格与复位释放	priority_seed	first	diagnosis-repair;testing-characterization	supply_ok/bias_ok 持续有效才逐拍释放阶段；延续复位序列修复方向，职责清楚。	benchmark/reference/v4/release/benchmarkv4-r53/tasks/272-reset-release-sequencer/evaluator/solution/reset_release_sequencer.va;benchmark/reference/v4/release/benchmarkv4-r53/tasks/272-reset-release-sequencer/evaluator/family_spec.json;benchmark/reference/v4/release/benchmarkv4-r53/tasks/272-reset-release-sequencer/evaluator/score_tb.scs	明确同步撤销与掉资格恢复；将扰动插入不同释放阶段;正式题面、独立 checker、边界激励和负例需重新建设并实际校准；旧源码或审核标签均不是验证通过证据;按既有修复题卡方向继续确认故障种子与负例；不将新未确认故障批量派生为修复题	runs/v4-audit-20261010-r3/families/272/review.json;runs/v4-audit-20261010-r3/families/272/status.json;benchmark/reference/v4/release/benchmarkv4-r53/tasks/272-reset-release-sequencer/evaluator/family_spec.json;benchmark/reference/v4/release/benchmarkv4-r53/tasks/272-reset-release-sequencer/evaluator/solution/reset_release_sequencer.va	true	accepted_draft	3103ca58189a20752c6ad5401f6b64e89bc0f0c921a007f54c1d115f59e394dc
273	273-adaptive-threshold-tracker	比较器与判决	比较器与判决	reserve_candidate	not_selected	spec-modeling	报告所述功能为时钟采样的自适应阈值比较器行为模型：每个 clk 上升沿用上一拍存储的阈值判 V(vin) 得 trip，同时输出归一化距离 margin_metric=vhi*clip01(|V(vin)-old_thr|/margin_fullscale)；当 adapt 高时按一阶 EMA把阈值拉向当前输入，rst 高时在采样沿同步复位到 threshold_init。先以已有滞回/时钟判决组覆盖核心功能；本项留作复位电平、窗口或判决结构备选。	benchmark/reference/v4/release/benchmarkv4-r53/tasks/273-adaptive-threshold-tracker/evaluator/solution/adaptive_threshold_tracker.va;benchmark/reference/v4/release/benchmarkv4-r53/tasks/273-adaptive-threshold-tracker/evaluator/family_spec.json;benchmark/reference/v4/release/benchmarkv4-r53/tasks/273-adaptive-threshold-tracker/evaluator/score_tb.scs	正式题面、独立 checker、边界激励和负例需重新建设并实际校准；旧源码或审核标签均不是验证通过证据	runs/v4-audit-20261010-r3/families/273/review.json;runs/v4-audit-20261010-r3/families/273/status.json;benchmark/reference/v4/release/benchmarkv4-r53/tasks/273-adaptive-threshold-tracker/evaluator/family_spec.json	false	accepted_draft	cf4698840905f5588f534f547f112e37f47edc6da57c088d81fa122df97f5fc1
274	274-rail-normalized-metric-mapper	测量与测试激励	信号调理与在线测量	support_component	not_selected	spec-modeling	报告所述功能为轨参考归一化度量映射器：无记忆连续行为块。先以 308/336 和已有增益/RMS 测量方向覆盖清楚的实验目标；本项保留传输或测量定义的备选。	benchmark/reference/v4/release/benchmarkv4-r53/tasks/274-rail-normalized-metric-mapper/evaluator/solution/rail_normalized_metric_mapper.va;benchmark/reference/v4/release/benchmarkv4-r53/tasks/274-rail-normalized-metric-mapper/evaluator/family_spec.json;benchmark/reference/v4/release/benchmarkv4-r53/tasks/274-rail-normalized-metric-mapper/evaluator/score_tb.scs	正式题面、独立 checker、边界激励和负例需重新建设并实际校准；旧源码或审核标签均不是验证通过证据	runs/v4-audit-20261010-r3/families/274/review.json;runs/v4-audit-20261010-r3/families/274/status.json;benchmark/reference/v4/release/benchmarkv4-r53/tasks/274-rail-normalized-metric-mapper/evaluator/family_spec.json	false	accepted_draft	b2ed6cadd8aaa6e8e1d87f3c7802c7f41da03829e316b95cc7344864d7a98725
275	275-deterministic-energy-accumulator	测量与测试激励	信号调理与在线测量	support_component	not_selected	spec-modeling	报告所述功能为clk 上升沿触发的电压域采样模块。先以 308/336 和已有增益/RMS 测量方向覆盖清楚的实验目标；本项保留传输或测量定义的备选。	benchmark/reference/v4/release/benchmarkv4-r53/tasks/275-deterministic-energy-accumulator/evaluator/solution/deterministic_energy_accumulator.va;benchmark/reference/v4/release/benchmarkv4-r53/tasks/275-deterministic-energy-accumulator/evaluator/family_spec.json;benchmark/reference/v4/release/benchmarkv4-r53/tasks/275-deterministic-energy-accumulator/evaluator/score_tb.scs	正式题面、独立 checker、边界激励和负例需重新建设并实际校准；旧源码或审核标签均不是验证通过证据	runs/v4-audit-20261010-r3/families/275/review.json;runs/v4-audit-20261010-r3/families/275/status.json;benchmark/reference/v4/release/benchmarkv4-r53/tasks/275-deterministic-energy-accumulator/evaluator/family_spec.json	false	accepted_draft	14637dbd221a0ced626a31b629f8e62dfc9168a7cada3845e5e7271c1a5b44b2
276	276-bounded-tail-dither-shaper	放大、滤波与基带调理	信号调理与在线测量	support_component	not_selected	spec-modeling	报告所述功能为资产能支撑的电路是一个 clk 上升沿采样的电源归一化行为模块：span=V(vdd,vss) 归一化差分输入，aux=clip01(|x0-x1|+0.35*c0)，经一阶 IIR积累为 out=vhi*acc，acc>0.58 置 flag，metric=vhi*aux 为瞬时观测；rst 高、en 低或 span 越界时状态与输出清零。先以 308/336 和已有增益/RMS 测量方向覆盖清楚的实验目标；本项保留传输或测量定义的备选。	benchmark/reference/v4/release/benchmarkv4-r53/tasks/276-bounded-tail-dither-shaper/evaluator/solution/bounded_tail_dither_shaper.va;benchmark/reference/v4/release/benchmarkv4-r53/tasks/276-bounded-tail-dither-shaper/evaluator/family_spec.json;benchmark/reference/v4/release/benchmarkv4-r53/tasks/276-bounded-tail-dither-shaper/evaluator/score_tb.scs	正式题面、独立 checker、边界激励和负例需重新建设并实际校准；旧源码或审核标签均不是验证通过证据	runs/v4-audit-20261010-r3/families/276/review.json;runs/v4-audit-20261010-r3/families/276/status.json;benchmark/reference/v4/release/benchmarkv4-r53/tasks/276-bounded-tail-dither-shaper/evaluator/family_spec.json	false	accepted_draft	1f7259956dbda55e69864551537704644ffd0ec0d30d496fe0719ca7afcd51c1
277	277-calibration-bit-select-flag	校准与修调	校准与修调	support_component	not_selected	spec-modeling	报告所述功能为电压域4:1模拟通道选择器。先以既有响应驱动校准方向与 344 轮换控制覆盖实际作用；本项保留不同修调对象备选。	benchmark/reference/v4/release/benchmarkv4-r53/tasks/277-calibration-bit-select-flag/evaluator/solution/calibration_bit_select_flag.va;benchmark/reference/v4/release/benchmarkv4-r53/tasks/277-calibration-bit-select-flag/evaluator/family_spec.json;benchmark/reference/v4/release/benchmarkv4-r53/tasks/277-calibration-bit-select-flag/evaluator/score_tb.scs	正式题面、独立 checker、边界激励和负例需重新建设并实际校准；旧源码或审核标签均不是验证通过证据	runs/v4-audit-20261010-r3/families/277/review.json;runs/v4-audit-20261010-r3/families/277/status.json;benchmark/reference/v4/release/benchmarkv4-r53/tasks/277-calibration-bit-select-flag/evaluator/family_spec.json	false	accepted_draft	6b3c8ad3e61c83767fb5719e79ddfae4ffc2bcc25a2c9f19237165f6db7cba1d
278	278-lane-mask-replication-driver	校准与修调	校准与修调	support_component	not_selected	spec-modeling	报告所述功能为资产能支持的行为是：把 in0..in3 相对本地 vss 归一化，对归一值是否大于 0.50 计数，在 en>vth 且 span∈[0.62,1.28] 时输出温度计式电压 out=metric=vhi·count/4 及 count≥3 的多数标志 flag，否则三输出清零。先以既有响应驱动校准方向与 344 轮换控制覆盖实际作用；本项保留不同修调对象备选。	benchmark/reference/v4/release/benchmarkv4-r53/tasks/278-lane-mask-replication-driver/evaluator/solution/lane_mask_replication_driver.va;benchmark/reference/v4/release/benchmarkv4-r53/tasks/278-lane-mask-replication-driver/evaluator/family_spec.json;benchmark/reference/v4/release/benchmarkv4-r53/tasks/278-lane-mask-replication-driver/evaluator/score_tb.scs	正式题面、独立 checker、边界激励和负例需重新建设并实际校准；旧源码或审核标签均不是验证通过证据	runs/v4-audit-20261010-r3/families/278/review.json;runs/v4-audit-20261010-r3/families/278/status.json;benchmark/reference/v4/release/benchmarkv4-r53/tasks/278-lane-mask-replication-driver/evaluator/family_spec.json	false	accepted_draft	007cb6178c376dfbd561462cc9cb1aaa9c0d8f84af48f80930d60f4cb72f2414
279	279-explicit-sar-slice-router	转换器与采样	DAC、量化与采样	support_component	not_selected	spec-modeling	报告所述功能为带使能与电源有效窗的4:1 ratiometric模拟多路选择器。先以 343/350 和现有采样/SAR 组覆盖主要架构；本项留作码型、位宽或采样结构备选。	benchmark/reference/v4/release/benchmarkv4-r53/tasks/279-explicit-sar-slice-router/evaluator/solution/explicit_sar_slice_router.va;benchmark/reference/v4/release/benchmarkv4-r53/tasks/279-explicit-sar-slice-router/evaluator/family_spec.json;benchmark/reference/v4/release/benchmarkv4-r53/tasks/279-explicit-sar-slice-router/evaluator/score_tb.scs	正式题面、独立 checker、边界激励和负例需重新建设并实际校准；旧源码或审核标签均不是验证通过证据	runs/v4-audit-20261010-r3/families/279/review.json;runs/v4-audit-20261010-r3/families/279/status.json;benchmark/reference/v4/release/benchmarkv4-r53/tasks/279-explicit-sar-slice-router/evaluator/family_spec.json	false	accepted_draft	13e57170d1e1f7114e3e159f7952233ee9713a69c4bb8408d311e764e753bf97
280	280-ready-reduction-fault-monitor	测量与测试激励	信号调理与在线测量	support_component	not_selected	testing-characterization	报告所述功能为四通道电源比例多数表决监视器，纯组合、无采样无状态。先以 308/336 和已有增益/RMS 测量方向覆盖清楚的实验目标；本项保留传输或测量定义的备选。	benchmark/reference/v4/release/benchmarkv4-r53/tasks/280-ready-reduction-fault-monitor/evaluator/solution/ready_reduction_fault_monitor.va;benchmark/reference/v4/release/benchmarkv4-r53/tasks/280-ready-reduction-fault-monitor/evaluator/family_spec.json;benchmark/reference/v4/release/benchmarkv4-r53/tasks/280-ready-reduction-fault-monitor/evaluator/score_tb.scs	正式题面、独立 checker、边界激励和负例需重新建设并实际校准；旧源码或审核标签均不是验证通过证据	runs/v4-audit-20261010-r3/families/280/review.json;runs/v4-audit-20261010-r3/families/280/status.json;benchmark/reference/v4/release/benchmarkv4-r53/tasks/280-ready-reduction-fault-monitor/evaluator/family_spec.json	false	accepted_draft	e00069ad3354fe207caaee0361c06d388abf599d8a33880eb75b60a7daed6efd
281	281-async-reset-event-counter	测量与测试激励	信号调理与在线测量	support_component	not_selected	spec-modeling	报告所述功能为电压域行为监测器。先以 308/336 和已有增益/RMS 测量方向覆盖清楚的实验目标；本项保留传输或测量定义的备选。	benchmark/reference/v4/release/benchmarkv4-r53/tasks/281-async-reset-event-counter/evaluator/solution/async_reset_event_counter.va;benchmark/reference/v4/release/benchmarkv4-r53/tasks/281-async-reset-event-counter/evaluator/family_spec.json;benchmark/reference/v4/release/benchmarkv4-r53/tasks/281-async-reset-event-counter/evaluator/score_tb.scs	正式题面、独立 checker、边界激励和负例需重新建设并实际校准；旧源码或审核标签均不是验证通过证据	runs/v4-audit-20261010-r3/families/281/review.json;runs/v4-audit-20261010-r3/families/281/status.json;benchmark/reference/v4/release/benchmarkv4-r53/tasks/281-async-reset-event-counter/evaluator/family_spec.json	false	accepted_draft	ef57d6677930c514b2f2ab6e878b792b954a03cac06d50bb80549227e60683ce
282	282-enable-saturating-ready-counter	电源、基准与保护	电源控制与保护	support_component	not_selected	testing-characterization	报告所述功能为电源/基准稳定就绪监视器：在 clk 上升沿或 rst 上升沿采样，将 in0..in3 相对本地 vss 按 span=V(vdd,vss) 归一化；仅当 en>vth 且 span∈[0.62,1.28] 视为有效行。先以 272/372 和既有电源资格组覆盖释放与控制；本项保留不同保护或基准行为备选。	benchmark/reference/v4/release/benchmarkv4-r53/tasks/282-enable-saturating-ready-counter/evaluator/solution/enable_saturating_ready_counter.va;benchmark/reference/v4/release/benchmarkv4-r53/tasks/282-enable-saturating-ready-counter/evaluator/family_spec.json;benchmark/reference/v4/release/benchmarkv4-r53/tasks/282-enable-saturating-ready-counter/evaluator/score_tb.scs	正式题面、独立 checker、边界激励和负例需重新建设并实际校准；旧源码或审核标签均不是验证通过证据	runs/v4-audit-20261010-r3/families/282/review.json;runs/v4-audit-20261010-r3/families/282/status.json;benchmark/reference/v4/release/benchmarkv4-r53/tasks/282-enable-saturating-ready-counter/evaluator/family_spec.json	false	accepted_draft	47715e9b2834db69276049dd2a3869f60c9e59c98479f0ec095ee0ae1a5694bb
283	283-mode-latch-calibration-gate	校准与修调	校准与修调	support_component	not_selected	testing-characterization	报告所述功能为时钟采样的校准模式锁存/监视器。先以既有响应驱动校准方向与 344 轮换控制覆盖实际作用；本项保留不同修调对象备选。	benchmark/reference/v4/release/benchmarkv4-r53/tasks/283-mode-latch-calibration-gate/evaluator/solution/mode_latch_calibration_gate.va;benchmark/reference/v4/release/benchmarkv4-r53/tasks/283-mode-latch-calibration-gate/evaluator/family_spec.json;benchmark/reference/v4/release/benchmarkv4-r53/tasks/283-mode-latch-calibration-gate/evaluator/score_tb.scs	正式题面、独立 checker、边界激励和负例需重新建设并实际校准；旧源码或审核标签均不是验证通过证据	runs/v4-audit-20261010-r3/families/283/review.json;runs/v4-audit-20261010-r3/families/283/status.json;benchmark/reference/v4/release/benchmarkv4-r53/tasks/283-mode-latch-calibration-gate/evaluator/family_spec.json	false	accepted_draft	d1147addc6f23e8a47785d80729acb909ce84f7ebce48cd18cdd734abc926d06
284	284-calibration-affine-transform	校准与修调	采样增益失调校正	reserve_candidate	not_selected	spec-modeling	时钟沿按 gain/offset 控制变换 raw 并限幅，同时报告改变量；先选 308 CDS 精密前端，本项保留系数施加式校正的不同细分功能，不自动称收敛环。	benchmark/reference/v4/release/benchmarkv4-r53/tasks/284-calibration-affine-transform/evaluator/solution/calibration_affine_transform.va;benchmark/reference/v4/release/benchmarkv4-r53/tasks/284-calibration-affine-transform/evaluator/family_spec.json;benchmark/reference/v4/release/benchmarkv4-r53/tasks/284-calibration-affine-transform/evaluator/score_tb.scs	明确样本时刻、初态和限幅前后残差定义；新增控制闭环须先另建健康基线;正式题面、独立 checker、边界激励和负例需重新建设并实际校准；旧源码或审核标签均不是验证通过证据	runs/v4-audit-20261010-r3/families/284/review.json;runs/v4-audit-20261010-r3/families/284/status.json;benchmark/reference/v4/release/benchmarkv4-r53/tasks/284-calibration-affine-transform/evaluator/family_spec.json	false	accepted_draft	c8fc295626a9813faa14eb52959bc826e3efb29c5adba555618ddb55c9339117
285	285-configurable-startup-policy	电源、基准与保护	电源控制与保护	support_component	not_selected	testing-characterization	报告所述功能为资产实际支持的是一个前馈、无状态的电压域监视器：以 span=V(vdd,vss) 与 V(en)>vth 做供电窗+使能联合门控；有效时 out=vhi*x0，flag 在 x0∈[0.24,0.72] 且 clip01(V(ctrl0)/vhi)>0.35 时为高，metric 为 x0 偏离 0.48 的归一化距离；无效时三输出清零。先以 272/372 和既有电源资格组覆盖释放与控制；本项保留不同保护或基准行为备选。	benchmark/reference/v4/release/benchmarkv4-r53/tasks/285-configurable-startup-policy/evaluator/solution/configurable_startup_policy.va;benchmark/reference/v4/release/benchmarkv4-r53/tasks/285-configurable-startup-policy/evaluator/family_spec.json;benchmark/reference/v4/release/benchmarkv4-r53/tasks/285-configurable-startup-policy/evaluator/score_tb.scs	正式题面、独立 checker、边界激励和负例需重新建设并实际校准；旧源码或审核标签均不是验证通过证据	runs/v4-audit-20261010-r3/families/285/review.json;runs/v4-audit-20261010-r3/families/285/status.json;benchmark/reference/v4/release/benchmarkv4-r53/tasks/285-configurable-startup-policy/evaluator/family_spec.json	false	accepted_draft	d36adcf75989f83611a87bb11fbbf23aea4f9c358bd274179626e5f9031f2763
286	286-explicit-replicated-stage-chain	放大、滤波与基带调理	信号调理与在线测量	support_component	not_selected	spec-modeling	报告所述功能为四路模拟输入相对本地 rails 归一化(xN=clip01((V(inN)-V(vss))/max(span,0.05)))后的固定系数加权聚合。先以 308/336 和已有增益/RMS 测量方向覆盖清楚的实验目标；本项保留传输或测量定义的备选。	benchmark/reference/v4/release/benchmarkv4-r53/tasks/286-explicit-replicated-stage-chain/evaluator/solution/explicit_replicated_stage_chain.va;benchmark/reference/v4/release/benchmarkv4-r53/tasks/286-explicit-replicated-stage-chain/evaluator/family_spec.json;benchmark/reference/v4/release/benchmarkv4-r53/tasks/286-explicit-replicated-stage-chain/evaluator/score_tb.scs	正式题面、独立 checker、边界激励和负例需重新建设并实际校准；旧源码或审核标签均不是验证通过证据	runs/v4-audit-20261010-r3/families/286/review.json;runs/v4-audit-20261010-r3/families/286/status.json;benchmark/reference/v4/release/benchmarkv4-r53/tasks/286-explicit-replicated-stage-chain/evaluator/family_spec.json	false	accepted_draft	04774873999fa006e157843f5b74d91c553eba39216812b7fb444b93ccb9220b
287	287-edge-delay-qualified-driver	时钟与PLL	时钟、分频与时序	support_component	not_selected	testing-characterization	报告所述功能为资产实际定义并实现的是一个电源有效性门控的时钟采样双输入比较器/监视器。先以 249/362 和已有 BBPD/PFD 组覆盖状态与实际时钟测量；本项保留不同检测或延迟结构的备选。	benchmark/reference/v4/release/benchmarkv4-r53/tasks/287-edge-delay-qualified-driver/evaluator/solution/edge_delay_qualified_driver.va;benchmark/reference/v4/release/benchmarkv4-r53/tasks/287-edge-delay-qualified-driver/evaluator/family_spec.json;benchmark/reference/v4/release/benchmarkv4-r53/tasks/287-edge-delay-qualified-driver/evaluator/score_tb.scs	正式题面、独立 checker、边界激励和负例需重新建设并实际校准；旧源码或审核标签均不是验证通过证据	runs/v4-audit-20261010-r3/families/287/review.json;runs/v4-audit-20261010-r3/families/287/status.json;benchmark/reference/v4/release/benchmarkv4-r53/tasks/287-edge-delay-qualified-driver/evaluator/family_spec.json	false	accepted_draft	3faf7083d77f74687f092e8d0026382cb1711f053f76a73639ec920440d5ab25
288	288-calibration-quadrant-mapper	校准与修调	供电归一通道选择	reserve_candidate	not_selected	spec-modeling	两位控制选择归一化模拟输入并报告选择码，具备明确路由和供电门控；先保留 246/311/349 的选择读出方向，本项留作轨归一化同类变体，校准系统身份未证。	benchmark/reference/v4/release/benchmarkv4-r53/tasks/288-calibration-quadrant-mapper/evaluator/solution/calibration_quadrant_mapper.va;benchmark/reference/v4/release/benchmarkv4-r53/tasks/288-calibration-quadrant-mapper/evaluator/family_spec.json;benchmark/reference/v4/release/benchmarkv4-r53/tasks/288-calibration-quadrant-mapper/evaluator/score_tb.scs	公开控制地参考与信号 vss 参考的差异、供电越界及边沿语义；校准含义须补实际使用工程;正式题面、独立 checker、边界激励和负例需重新建设并实际校准；旧源码或审核标签均不是验证通过证据	runs/v4-audit-20261010-r3/families/288/review.json;runs/v4-audit-20261010-r3/families/288/status.json;benchmark/reference/v4/release/benchmarkv4-r53/tasks/288-calibration-quadrant-mapper/evaluator/family_spec.json	false	accepted_draft	783a815a8cdacad7f05141bec0ab824fb73f98a14e612469afc0b50b3a5c855b
289	289-iterative-decay-estimator	测量与测试激励	信号调理与在线测量	support_component	not_selected	testing-characterization	报告所述功能为时钟驱动的电压域行为监视器。先以 308/336 和已有增益/RMS 测量方向覆盖清楚的实验目标；本项保留传输或测量定义的备选。	benchmark/reference/v4/release/benchmarkv4-r53/tasks/289-iterative-decay-estimator/evaluator/solution/iterative_decay_estimator.va;benchmark/reference/v4/release/benchmarkv4-r53/tasks/289-iterative-decay-estimator/evaluator/family_spec.json;benchmark/reference/v4/release/benchmarkv4-r53/tasks/289-iterative-decay-estimator/evaluator/score_tb.scs	正式题面、独立 checker、边界激励和负例需重新建设并实际校准；旧源码或审核标签均不是验证通过证据	runs/v4-audit-20261010-r3/families/289/review.json;runs/v4-audit-20261010-r3/families/289/status.json;benchmark/reference/v4/release/benchmarkv4-r53/tasks/289-iterative-decay-estimator/evaluator/family_spec.json	false	accepted_draft	595960833d09d471d32ac88bd49680996f350c1190bf19c710e139fe4ee042cc
290	290-bounded-window-accumulator	测量与测试激励	信号调理与在线测量	support_component	not_selected	spec-modeling	报告所述功能为时钟采样的有界漏积分监控/告警块。先以 308/336 和已有增益/RMS 测量方向覆盖清楚的实验目标；本项保留传输或测量定义的备选。	benchmark/reference/v4/release/benchmarkv4-r53/tasks/290-bounded-window-accumulator/evaluator/solution/bounded_window_accumulator.va;benchmark/reference/v4/release/benchmarkv4-r53/tasks/290-bounded-window-accumulator/evaluator/family_spec.json;benchmark/reference/v4/release/benchmarkv4-r53/tasks/290-bounded-window-accumulator/evaluator/score_tb.scs	正式题面、独立 checker、边界激励和负例需重新建设并实际校准；旧源码或审核标签均不是验证通过证据	runs/v4-audit-20261010-r3/families/290/review.json;runs/v4-audit-20261010-r3/families/290/status.json;benchmark/reference/v4/release/benchmarkv4-r53/tasks/290-bounded-window-accumulator/evaluator/family_spec.json	false	accepted_draft	e82c667f7979cba0f9f751f112bbf8abbc1c92bf7e420a3c70f90c7f59b99261
291	291-event-reacquire-lock-detector	时钟与PLL	时钟、分频与时序	reserve_candidate	not_selected	testing-characterization	报告所述功能为去抖计数型 PLL 锁定检测监视器。先以 249/362 和已有 BBPD/PFD 组覆盖状态与实际时钟测量；本项保留不同检测或延迟结构的备选。	benchmark/reference/v4/release/benchmarkv4-r53/tasks/291-event-reacquire-lock-detector/evaluator/solution/event_reacquire_lock_detector.va;benchmark/reference/v4/release/benchmarkv4-r53/tasks/291-event-reacquire-lock-detector/evaluator/family_spec.json;benchmark/reference/v4/release/benchmarkv4-r53/tasks/291-event-reacquire-lock-detector/evaluator/score_tb.scs	正式题面、独立 checker、边界激励和负例需重新建设并实际校准；旧源码或审核标签均不是验证通过证据	runs/v4-audit-20261010-r3/families/291/review.json;runs/v4-audit-20261010-r3/families/291/status.json;benchmark/reference/v4/release/benchmarkv4-r53/tasks/291-event-reacquire-lock-detector/evaluator/family_spec.json	false	accepted_draft	ebc5ddbef1d9cf3091867d060e3c25981afaa036177000f3e4f35cc876f55494
292	292-supply-bias-validity-gate	电源、基准与保护	电源控制与保护	support_component	not_selected	spec-modeling	报告所述功能为电源/偏置有效性门：组合逻辑持续采样 V(vdd,vss)∈[vdd_min,vdd_max]、|V(vss)|≤vss_max、V(vbias,vss)∈[vbias_min,vbias_max] 三条件，全部满足时 ok 输出 vhi；gated=ok∧(en>vth)∧(pd≤vth)。先以 272/372 和既有电源资格组覆盖释放与控制；本项保留不同保护或基准行为备选。	benchmark/reference/v4/release/benchmarkv4-r53/tasks/292-supply-bias-validity-gate/evaluator/solution/supply_bias_validity_gate.va;benchmark/reference/v4/release/benchmarkv4-r53/tasks/292-supply-bias-validity-gate/evaluator/family_spec.json;benchmark/reference/v4/release/benchmarkv4-r53/tasks/292-supply-bias-validity-gate/evaluator/score_tb.scs	正式题面、独立 checker、边界激励和负例需重新建设并实际校准；旧源码或审核标签均不是验证通过证据	runs/v4-audit-20261010-r3/families/292/review.json;runs/v4-audit-20261010-r3/families/292/status.json;benchmark/reference/v4/release/benchmarkv4-r53/tasks/292-supply-bias-validity-gate/evaluator/family_spec.json	false	accepted_draft	3507c5c7175430769d24531906befa0b33a6d6fece0a4bdeb3d95c9bcafd64f9
293	293-reference-settling-window-monitor	电源、基准与保护	电源控制与保护	reserve_candidate	not_selected	testing-characterization	连续合格样本决定参考电压建立，误差指标直接可观测；先取既有启动测量和 272 释放序列，保留 VA 在线建立监视器作为扩展。	benchmark/reference/v4/release/benchmarkv4-r53/tasks/293-reference-settling-window-monitor/evaluator/solution/reference_settling_window_monitor.va;benchmark/reference/v4/release/benchmarkv4-r53/tasks/293-reference-settling-window-monitor/evaluator/family_spec.json;benchmark/reference/v4/release/benchmarkv4-r53/tasks/293-reference-settling-window-monitor/evaluator/score_tb.scs	正式题面、独立 checker、边界激励和负例需重新建设并实际校准；旧源码或审核标签均不是验证通过证据	runs/v4-audit-20261010-r3/families/293/review.json;runs/v4-audit-20261010-r3/families/293/status.json;benchmark/reference/v4/release/benchmarkv4-r53/tasks/293-reference-settling-window-monitor/evaluator/family_spec.json	false	accepted_draft	b0c171a38fa3103ae41c567d31bfc9c6fb671cc7d5d619eb8b9ae46532cf2045
294	294-power-enable-turnon-delay-gate	电源、基准与保护	电源控制与保护	reserve_candidate	not_selected	spec-modeling	报告所述功能为电压域上电排序监督门：在 clk 上升沿采样 vdd/vbias 是否落在各自窗口、en 是否高于 vth、pd 是否不高于 vth，pwr_ok 报告该次采样有效性，连续 delay_cycles(=3) 次有效后才释放 drive_en，delay_mon 以 vhi*count/delay_cycles 电压编码上电进度。先以 272/372 和既有电源资格组覆盖释放与控制；本项保留不同保护或基准行为备选。	benchmark/reference/v4/release/benchmarkv4-r53/tasks/294-power-enable-turnon-delay-gate/evaluator/solution/power_enable_turnon_delay_gate.va;benchmark/reference/v4/release/benchmarkv4-r53/tasks/294-power-enable-turnon-delay-gate/evaluator/family_spec.json;benchmark/reference/v4/release/benchmarkv4-r53/tasks/294-power-enable-turnon-delay-gate/evaluator/score_tb.scs	正式题面、独立 checker、边界激励和负例需重新建设并实际校准；旧源码或审核标签均不是验证通过证据	runs/v4-audit-20261010-r3/families/294/review.json;runs/v4-audit-20261010-r3/families/294/status.json;benchmark/reference/v4/release/benchmarkv4-r53/tasks/294-power-enable-turnon-delay-gate/evaluator/family_spec.json	false	accepted_draft	816e7f827f6335fe5e640ce781c42bfd8070cb0f651c918950088a75809f37f7
295	295-power-mode-supply-current-metric	电源、基准与保护	模式负载电源需求度量	reserve_candidate	not_selected	spec-modeling;testing-characterization	供电比例、模式与负载共同给出电压编码需求估计，规格明确非真实支路电流；先选 372 控制与既有电源测量，本项保留功率核算宏这一不同细分用途。	benchmark/reference/v4/release/benchmarkv4-r53/tasks/295-power-mode-supply-current-metric/evaluator/solution/power_mode_supply_current_metric.va;benchmark/reference/v4/release/benchmarkv4-r53/tasks/295-power-mode-supply-current-metric/evaluator/family_spec.json;benchmark/reference/v4/release/benchmarkv4-r53/tasks/295-power-mode-supply-current-metric/evaluator/score_tb.scs	公开度量单位、轨参考和模式窗口；真实供电功率题需另有支路电流模型，不能把 proxy 当实测电流;正式题面、独立 checker、边界激励和负例需重新建设并实际校准；旧源码或审核标签均不是验证通过证据	runs/v4-audit-20261010-r3/families/295/review.json;runs/v4-audit-20261010-r3/families/295/status.json;benchmark/reference/v4/release/benchmarkv4-r53/tasks/295-power-mode-supply-current-metric/evaluator/family_spec.json	false	accepted_draft	66d1e27a569798e091e4cdadb0081eb419acc9b59ae06b83cc7e459a35674d89
296	296-dynamic-supply-level-driver	电源、基准与保护	电源控制与保护	support_component	not_selected	spec-modeling	报告所述功能为电压域电平驱动器的行为级模型：连续采样 din/vdd/vss，以局部轨为参考做归一化阈值比较；V(vdd,vss)≥0.55V 时把 out 驱动到 vss+(vdd−vss)×{vlo_frac,vhi_frac} 并经 40ps transition 平滑，欠压时钳位到局部低电平。先以 272/372 和既有电源资格组覆盖释放与控制；本项保留不同保护或基准行为备选。	benchmark/reference/v4/release/benchmarkv4-r53/tasks/296-dynamic-supply-level-driver/evaluator/solution/dynamic_supply_level_driver.va;benchmark/reference/v4/release/benchmarkv4-r53/tasks/296-dynamic-supply-level-driver/evaluator/family_spec.json;benchmark/reference/v4/release/benchmarkv4-r53/tasks/296-dynamic-supply-level-driver/evaluator/score_tb.scs	正式题面、独立 checker、边界激励和负例需重新建设并实际校准；旧源码或审核标签均不是验证通过证据	runs/v4-audit-20261010-r3/families/296/review.json;runs/v4-audit-20261010-r3/families/296/status.json;benchmark/reference/v4/release/benchmarkv4-r53/tasks/296-dynamic-supply-level-driver/evaluator/family_spec.json	false	accepted_draft	6884c08cb9355add675d7bc1b82d83e7e6290d0c43a3adcee7b0e643315d72c8
297	297-rail-ramp-rate-startup-monitor	电源、基准与保护	电源控制与保护	reserve_candidate	not_selected	testing-characterization	报告所述功能为时钟采样的电压域电源启动监视器：在 clk 上升越过 vth=0.45V 时刻采样本地轨 V(vdd,vss) 并计算相对上一拍的增量，输出四路：rail_ok、ramp_ok、startup_ready、slew_metric=0.9·clip(|Δ|/0.20,0,1) 遥测量。先以 272/372 和既有电源资格组覆盖释放与控制；本项保留不同保护或基准行为备选。	benchmark/reference/v4/release/benchmarkv4-r53/tasks/297-rail-ramp-rate-startup-monitor/evaluator/solution/rail_ramp_rate_startup_monitor.va;benchmark/reference/v4/release/benchmarkv4-r53/tasks/297-rail-ramp-rate-startup-monitor/evaluator/family_spec.json;benchmark/reference/v4/release/benchmarkv4-r53/tasks/297-rail-ramp-rate-startup-monitor/evaluator/score_tb.scs	正式题面、独立 checker、边界激励和负例需重新建设并实际校准；旧源码或审核标签均不是验证通过证据	runs/v4-audit-20261010-r3/families/297/review.json;runs/v4-audit-20261010-r3/families/297/status.json;benchmark/reference/v4/release/benchmarkv4-r53/tasks/297-rail-ramp-rate-startup-monitor/evaluator/family_spec.json	false	accepted_draft	784f3ac153d8d42a33dc5b1722155e7e6ae31f5fe33cbebbf81a694e9a0d7da9
298	298-differential-common-mode-window-monitor	测量与测试激励	信号调理与在线测量	reserve_candidate	not_selected	testing-characterization	报告所述功能为差分/共模输入窗口监视器。先以 308/336 和已有增益/RMS 测量方向覆盖清楚的实验目标；本项保留传输或测量定义的备选。	benchmark/reference/v4/release/benchmarkv4-r53/tasks/298-differential-common-mode-window-monitor/evaluator/solution/differential_common_mode_window_monitor.va;benchmark/reference/v4/release/benchmarkv4-r53/tasks/298-differential-common-mode-window-monitor/evaluator/family_spec.json;benchmark/reference/v4/release/benchmarkv4-r53/tasks/298-differential-common-mode-window-monitor/evaluator/score_tb.scs	正式题面、独立 checker、边界激励和负例需重新建设并实际校准；旧源码或审核标签均不是验证通过证据	runs/v4-audit-20261010-r3/families/298/review.json;runs/v4-audit-20261010-r3/families/298/status.json;benchmark/reference/v4/release/benchmarkv4-r53/tasks/298-differential-common-mode-window-monitor/evaluator/family_spec.json	false	accepted_draft	ec985db09bddf8b5820d5a0c117efa2e5fa8c36d09135ec736f2bcbbc015c587
299	299-sine-vco-idtmod-bound-step	时钟与PLL	时钟、分频与时序	reserve_candidate	not_selected	spec-modeling	报告所述功能为开环行为级正弦 VCO：每步采样 V(vin) 得 freq_q=center_freq+vco_gain*V(vin)，idtmod 作模 1 相位累加，out 输出 vco_amp 峰值双极性正弦，metric 以 0~vco_amp 电压复现瞬时相位，$bound_step 按 1/(vco_ppc*freq_q) 自适应限制步长。先以 249/362 和已有 BBPD/PFD 组覆盖状态与实际时钟测量；本项保留不同检测或延迟结构的备选。	benchmark/reference/v4/release/benchmarkv4-r53/tasks/299-sine-vco-idtmod-bound-step/evaluator/solution/sine_vco_idtmod_bound_step.va;benchmark/reference/v4/release/benchmarkv4-r53/tasks/299-sine-vco-idtmod-bound-step/evaluator/family_spec.json;benchmark/reference/v4/release/benchmarkv4-r53/tasks/299-sine-vco-idtmod-bound-step/evaluator/score_tb.scs	正式题面、独立 checker、边界激励和负例需重新建设并实际校准；旧源码或审核标签均不是验证通过证据	runs/v4-audit-20261010-r3/families/299/review.json;runs/v4-audit-20261010-r3/families/299/status.json;benchmark/reference/v4/release/benchmarkv4-r53/tasks/299-sine-vco-idtmod-bound-step/evaluator/family_spec.json	false	accepted_draft	a19e2a2aa965ae1ad3866b35c1118319cad558ac526a3c217ecc43b3bc2c7504
300	300-differential-vco-clip-idtmod	时钟与PLL	时钟、分频与时序	reserve_candidate	not_selected	spec-modeling	报告所述功能为差分控制电压 V(vinp,vinm) 经调谐增益 dFdV 生成瞬时频率，被 clip 宏钳位到 [Fmin,Fmax]，idtmod(…,0.0,1.0) 做模 1 相位积分，驱动伪差分正弦输出 outp/outm=Vcm±Vac·sin(2π·phase)，并把回绕相位按 0.9 V/周期编码到 metric。先以 249/362 和已有 BBPD/PFD 组覆盖状态与实际时钟测量；本项保留不同检测或延迟结构的备选。	benchmark/reference/v4/release/benchmarkv4-r53/tasks/300-differential-vco-clip-idtmod/evaluator/solution/differential_vco_clip_idtmod.va;benchmark/reference/v4/release/benchmarkv4-r53/tasks/300-differential-vco-clip-idtmod/evaluator/family_spec.json;benchmark/reference/v4/release/benchmarkv4-r53/tasks/300-differential-vco-clip-idtmod/evaluator/score_tb.scs	正式题面、独立 checker、边界激励和负例需重新建设并实际校准；旧源码或审核标签均不是验证通过证据	runs/v4-audit-20261010-r3/families/300/review.json;runs/v4-audit-20261010-r3/families/300/status.json;benchmark/reference/v4/release/benchmarkv4-r53/tasks/300-differential-vco-clip-idtmod/evaluator/family_spec.json	false	accepted_draft	be253d3c1708ec20da1a5007aa9c384f18500bd2d2d4c98ccad242ffd998f17d
301	301-charge-pump-pfd-state-machine	时钟与PLL	时钟、分频与时序	reserve_candidate	not_selected	spec-modeling	报告所述功能为开环的三态相位频率检测器加电压域电荷泵/环路滤波代理：ref/fb 的 vth 上升沿事件分别将 state_q 置入/减出并钳位到 {−1,0,+1}，@(timer(0,tstep)) 以 pump_rate 把 state 离散积分到带 [vctrl_min,vctrl_max] 钳位的 vctrl_q，metric 电压编码 state。先以 249/362 和已有 BBPD/PFD 组覆盖状态与实际时钟测量；本项保留不同检测或延迟结构的备选。	benchmark/reference/v4/release/benchmarkv4-r53/tasks/301-charge-pump-pfd-state-machine/evaluator/solution/charge_pump_pfd_state_machine.va;benchmark/reference/v4/release/benchmarkv4-r53/tasks/301-charge-pump-pfd-state-machine/evaluator/family_spec.json;benchmark/reference/v4/release/benchmarkv4-r53/tasks/301-charge-pump-pfd-state-machine/evaluator/score_tb.scs	正式题面、独立 checker、边界激励和负例需重新建设并实际校准；旧源码或审核标签均不是验证通过证据	runs/v4-audit-20261010-r3/families/301/review.json;runs/v4-audit-20261010-r3/families/301/status.json;benchmark/reference/v4/release/benchmarkv4-r53/tasks/301-charge-pump-pfd-state-machine/evaluator/family_spec.json	false	accepted_draft	c2145e2334e0e19f7b0546fcec928189203610b8310aab0b3354df668d0859aa
302	302-fractional-n-divider-accumulator-flow	时钟与PLL	小数N时钟合成闭环	reserve_candidate	not_selected	spec-modeling;testing-characterization	报告描述 PI-DCO-小数累加分频-反馈沿的完整闭环，区别于 363 分频内核；先完成已有 ADPLL 与 362 时钟代表，本项保留分数调制和重捕获的后续系统覆盖。	benchmark/reference/v4/release/benchmarkv4-r53/tasks/302-fractional-n-divider-accumulator-flow/evaluator/solution/fracn_pll_timer_ref.va;benchmark/reference/v4/release/benchmarkv4-r53/tasks/302-fractional-n-divider-accumulator-flow/evaluator/family_spec.json;benchmark/reference/v4/release/benchmarkv4-r53/tasks/302-fractional-n-divider-accumulator-flow/evaluator/score_tb.scs	鉴相折叠、平均分频定义、启动和 lock 合同须独立核对，实际仿真后才能声称定量锁定或抖动性能;正式题面、独立 checker、边界激励和负例需重新建设并实际校准；旧源码或审核标签均不是验证通过证据	runs/v4-audit-20261010-r3/families/302/review.json;runs/v4-audit-20261010-r3/families/302/status.json;benchmark/reference/v4/release/benchmarkv4-r53/tasks/302-fractional-n-divider-accumulator-flow/evaluator/family_spec.json	false	accepted_draft	1f3b8cb3ca477c7fcfa34a38c190d64dea5085efd5572a899b512edc3fa24b8b
303	303-differential-pair-gm-limiter	放大、滤波与基带调理	差分软压缩放大	reserve_candidate	not_selected	spec-modeling;testing-characterization	差分输入经软压缩生成互补输出，形成独立压缩/限幅宏；先选 CDS 与包络动态，本项保留静态非线性及采样更新的前端细分功能。	benchmark/reference/v4/release/benchmarkv4-r53/tasks/303-differential-pair-gm-limiter/evaluator/solution/differential_pair_gm_limiter.va;benchmark/reference/v4/release/benchmarkv4-r53/tasks/303-differential-pair-gm-limiter/evaluator/family_spec.json;benchmark/reference/v4/release/benchmarkv4-r53/tasks/303-differential-pair-gm-limiter/evaluator/score_tb.scs	明确 tick 采样合同并删除或赋义未读 bias；gm_metric 是幅度代理，不能未经推导等同传输导数或真实跨导;正式题面、独立 checker、边界激励和负例需重新建设并实际校准；旧源码或审核标签均不是验证通过证据	runs/v4-audit-20261010-r3/families/303/review.json;runs/v4-audit-20261010-r3/families/303/status.json;benchmark/reference/v4/release/benchmarkv4-r53/tasks/303-differential-pair-gm-limiter/evaluator/family_spec.json	false	accepted_draft	c3d5d64d4b9de4d22efb1d3697e260827720b19c2c93073d5cdd66a0bea86308
304	304-common-gate-tia-front-end	RF与I/Q	RF、I/Q 与前端	reserve_candidate	not_selected	spec-modeling	报告所述功能为资产实际支持的行为是：以 @(timer(0,tick))采样的电压域行为宏。先以 336/364 覆盖包络动态与变频路径；本项保留不同前端或调制行为备选。	benchmark/reference/v4/release/benchmarkv4-r53/tasks/304-common-gate-tia-front-end/evaluator/solution/common_gate_tia_front_end.va;benchmark/reference/v4/release/benchmarkv4-r53/tasks/304-common-gate-tia-front-end/evaluator/family_spec.json;benchmark/reference/v4/release/benchmarkv4-r53/tasks/304-common-gate-tia-front-end/evaluator/score_tb.scs	正式题面、独立 checker、边界激励和负例需重新建设并实际校准；旧源码或审核标签均不是验证通过证据	runs/v4-audit-20261010-r3/families/304/review.json;runs/v4-audit-20261010-r3/families/304/status.json;benchmark/reference/v4/release/benchmarkv4-r53/tasks/304-common-gate-tia-front-end/evaluator/family_spec.json	false	accepted_draft	fedf0d7178bee652391b6a8d041e29121db2d4d3f2fe9f20636dfa50654cb66d
305	305-capacitive-feedback-amplifier-macro	放大、滤波与基带调理	信号调理与在线测量	reserve_candidate	not_selected	spec-modeling	报告所述功能为时钟驱动的可编程增益采样放大宏。先以 308/336 和已有增益/RMS 测量方向覆盖清楚的实验目标；本项保留传输或测量定义的备选。	benchmark/reference/v4/release/benchmarkv4-r53/tasks/305-capacitive-feedback-amplifier-macro/evaluator/solution/capacitive_feedback_amplifier_macro.va;benchmark/reference/v4/release/benchmarkv4-r53/tasks/305-capacitive-feedback-amplifier-macro/evaluator/family_spec.json;benchmark/reference/v4/release/benchmarkv4-r53/tasks/305-capacitive-feedback-amplifier-macro/evaluator/score_tb.scs	正式题面、独立 checker、边界激励和负例需重新建设并实际校准；旧源码或审核标签均不是验证通过证据	runs/v4-audit-20261010-r3/families/305/review.json;runs/v4-audit-20261010-r3/families/305/status.json;benchmark/reference/v4/release/benchmarkv4-r53/tasks/305-capacitive-feedback-amplifier-macro/evaluator/family_spec.json	false	accepted_draft	75ccd7ec763cfa63d6add19d2ebbcfdc42c18af60ee0c7161c9e10ab287ae674
306	306-instrumentation-amplifier-offset-trim	放大、滤波与基带调理	差分放大与自适应修调	reserve_candidate	not_selected	spec-modeling	增益核实际减校正量，控制器按输入差分减修调量逐拍调整，形成残差式校正宏；先选已有失调搜索与 CDS，本项保留仪表前端修调这一不同对象。	benchmark/reference/v4/release/benchmarkv4-r53/tasks/306-instrumentation-amplifier-offset-trim/evaluator/solution/diff_gain_core.va;benchmark/reference/v4/release/benchmarkv4-r53/tasks/306-instrumentation-amplifier-offset-trim/evaluator/solution/offset_trim_controller.va;benchmark/reference/v4/release/benchmarkv4-r53/tasks/306-instrumentation-amplifier-offset-trim/evaluator/solution/instrumentation_amp_offset_trim_top.va;benchmark/reference/v4/release/benchmarkv4-r53/tasks/306-instrumentation-amplifier-offset-trim/evaluator/family_spec.json;benchmark/reference/v4/release/benchmarkv4-r53/tasks/306-instrumentation-amplifier-offset-trim/evaluator/score_tb.scs	说明何种输入可视为失调、校正范围和 ready 计数；核对残差与限幅后输出及传播延迟的关系，不仅以未读 vout 判无反馈;正式题面、独立 checker、边界激励和负例需重新建设并实际校准；旧源码或审核标签均不是验证通过证据	runs/v4-audit-20261010-r3/families/306/review.json;runs/v4-audit-20261010-r3/families/306/status.json;benchmark/reference/v4/release/benchmarkv4-r53/tasks/306-instrumentation-amplifier-offset-trim/evaluator/family_spec.json	false	accepted_draft	29366a2e0d463e345a1bd0e62c6b603fcb6c5e5bf263184c9622f11689562a4b
307	307-switched-capacitor-integrator-phase-pair	放大、滤波与基带调理	两相开关电容积分	priority_seed	first	spec-modeling;testing-characterization	phi1 捕获、phi2 受非交叠条件保护并积分；扩展采样方向到两相状态与模块交互。	benchmark/reference/v4/release/benchmarkv4-r53/tasks/307-switched-capacitor-integrator-phase-pair/evaluator/solution/integrator_state_cell.va;benchmark/reference/v4/release/benchmarkv4-r53/tasks/307-switched-capacitor-integrator-phase-pair/evaluator/solution/sample_phase_cell.va;benchmark/reference/v4/release/benchmarkv4-r53/tasks/307-switched-capacitor-integrator-phase-pair/evaluator/solution/switched_cap_integrator_phase_pair_top.va;benchmark/reference/v4/release/benchmarkv4-r53/tasks/307-switched-capacitor-integrator-phase-pair/evaluator/family_spec.json;benchmark/reference/v4/release/benchmarkv4-r53/tasks/307-switched-capacitor-integrator-phase-pair/evaluator/score_tb.scs	明确复位发生在哪个相位、钳位范围与重叠拒绝；若考电荷守恒需另建电荷级资产;正式题面、独立 checker、边界激励和负例需重新建设并实际校准；旧源码或审核标签均不是验证通过证据	runs/v4-audit-20261010-r3/families/307/review.json;runs/v4-audit-20261010-r3/families/307/status.json;benchmark/reference/v4/release/benchmarkv4-r53/tasks/307-switched-capacitor-integrator-phase-pair/evaluator/family_spec.json;benchmark/reference/v4/release/benchmarkv4-r53/tasks/307-switched-capacitor-integrator-phase-pair/evaluator/solution/integrator_state_cell.va;benchmark/reference/v4/release/benchmarkv4-r53/tasks/307-switched-capacitor-integrator-phase-pair/evaluator/solution/sample_phase_cell.va;benchmark/reference/v4/release/benchmarkv4-r53/tasks/307-switched-capacitor-integrator-phase-pair/evaluator/solution/switched_cap_integrator_phase_pair_top.va	true	accepted_draft	712a3f6913f5ad96055e6f9410fda6c25d57836280da28ce70532ad1c45dcd90
308	308-correlated-double-sampler-offset-cancel	转换器与采样	相关双采样与失调消除	priority_seed	first	spec-modeling;testing-characterization	保存参考样本后对信号样本作差；提供精密前端中两次采样和公共偏置消除的代表。	benchmark/reference/v4/release/benchmarkv4-r53/tasks/308-correlated-double-sampler-offset-cancel/evaluator/solution/reset_sample_latch.va;benchmark/reference/v4/release/benchmarkv4-r53/tasks/308-correlated-double-sampler-offset-cancel/evaluator/solution/correlated_double_sampler_top.va;benchmark/reference/v4/release/benchmarkv4-r53/tasks/308-correlated-double-sampler-offset-cancel/evaluator/solution/signal_sample_latch.va;benchmark/reference/v4/release/benchmarkv4-r53/tasks/308-correlated-double-sampler-offset-cancel/evaluator/family_spec.json;benchmark/reference/v4/release/benchmarkv4-r53/tasks/308-correlated-double-sampler-offset-cancel/evaluator/score_tb.scs	约束参考/信号采样顺序、同沿竞争与限幅；噪声性能需要另有噪声或实测资产;正式题面、独立 checker、边界激励和负例需重新建设并实际校准；旧源码或审核标签均不是验证通过证据	runs/v4-audit-20261010-r3/families/308/review.json;runs/v4-audit-20261010-r3/families/308/status.json;benchmark/reference/v4/release/benchmarkv4-r53/tasks/308-correlated-double-sampler-offset-cancel/evaluator/family_spec.json;benchmark/reference/v4/release/benchmarkv4-r53/tasks/308-correlated-double-sampler-offset-cancel/evaluator/solution/reset_sample_latch.va;benchmark/reference/v4/release/benchmarkv4-r53/tasks/308-correlated-double-sampler-offset-cancel/evaluator/solution/correlated_double_sampler_top.va;benchmark/reference/v4/release/benchmarkv4-r53/tasks/308-correlated-double-sampler-offset-cancel/evaluator/solution/signal_sample_latch.va	true	accepted_draft	abe829a265ccf8607a9d5714efa181cc01228e478e2aebe020ff83cd83317b6d
309	309-autozero-comparator-preamplifier	比较器与判决	自动调零比较前端	reserve_candidate	not_selected	spec-modeling;testing-characterization	先存差分偏差再供钟控判决核扣除，形成 auto-zero 存储通路；先取 308 CDS 代表，本项保留比较器调零与 ready 握手的不同细分功能，不把算法偏差存储外推为噪声或实际失配性能。	benchmark/reference/v4/release/benchmarkv4-r53/tasks/309-autozero-comparator-preamplifier/evaluator/solution/clocked_comparator_core.va;benchmark/reference/v4/release/benchmarkv4-r53/tasks/309-autozero-comparator-preamplifier/evaluator/solution/autozero_comparator_preamplifier_top.va;benchmark/reference/v4/release/benchmarkv4-r53/tasks/309-autozero-comparator-preamplifier/evaluator/solution/offset_store_cell.va;benchmark/reference/v4/release/benchmarkv4-r53/tasks/309-autozero-comparator-preamplifier/evaluator/family_spec.json;benchmark/reference/v4/release/benchmarkv4-r53/tasks/309-autozero-comparator-preamplifier/evaluator/score_tb.scs	明确调零阶段的输入条件、az/eval重合处理和 ready 时序；若测真实失调抑制需固定 DUT 内失调源而非只用外部差分输入;正式题面、独立 checker、边界激励和负例需重新建设并实际校准；旧源码或审核标签均不是验证通过证据	runs/v4-audit-20261010-r3/families/309/review.json;runs/v4-audit-20261010-r3/families/309/status.json;benchmark/reference/v4/release/benchmarkv4-r53/tasks/309-autozero-comparator-preamplifier/evaluator/family_spec.json	false	accepted_draft	01a404b82631132cb318e68965093906f5c352bd53d125660b0d0b9c796f20ec
310	310-bootstrapped-sampler-charge-metric	转换器与采样	自举采样与保持	rebuild_topic	not_selected	spec-modeling	boot_metric=2|held-vcm|，无自举开关或栅源电压路径；先用已有采样组，若保留自举方向需重建电路依据。	benchmark/reference/v4/release/benchmarkv4-r53/tasks/310-bootstrapped-sampler-charge-metric/evaluator/solution/bootstrapped_sampler_charge_metric.va;benchmark/reference/v4/release/benchmarkv4-r53/tasks/310-bootstrapped-sampler-charge-metric/evaluator/family_spec.json;benchmark/reference/v4/release/benchmarkv4-r53/tasks/310-bootstrapped-sampler-charge-metric/evaluator/score_tb.scs	保留采样和 droop 状态；重建自举驱动/电荷行为与独立观测;正式题面、独立 checker、边界激励和负例需重新建设并实际校准；旧源码或审核标签均不是验证通过证据	runs/v4-audit-20261010-r3/families/310/review.json;runs/v4-audit-20261010-r3/families/310/status.json;benchmark/reference/v4/release/benchmarkv4-r53/tasks/310-bootstrapped-sampler-charge-metric/evaluator/family_spec.json;benchmark/reference/v4/release/benchmarkv4-r53/tasks/310-bootstrapped-sampler-charge-metric/evaluator/solution/bootstrapped_sampler_charge_metric.va	true	accepted_draft	92fa15a6bd46d77b1b6b6695fdaa72edf7afd25f9663cc50dfa98f96973bfff8
311	311-muxed-track-hold-array-readout	转换器与采样	多通道采样与地址读出	reserve_candidate	not_selected	spec-modeling	三个独立保持单元连接地址 MUX，输出所选通道及有效性，是完整采样读出功能；先取 307/308 相位与差分历史，本项保留阵列读出扩展。	benchmark/reference/v4/release/benchmarkv4-r53/tasks/311-muxed-track-hold-array-readout/evaluator/solution/readout_mux.va;benchmark/reference/v4/release/benchmarkv4-r53/tasks/311-muxed-track-hold-array-readout/evaluator/solution/track_hold_cell.va;benchmark/reference/v4/release/benchmarkv4-r53/tasks/311-muxed-track-hold-array-readout/evaluator/solution/muxed_track_hold_array_top.va;benchmark/reference/v4/release/benchmarkv4-r53/tasks/311-muxed-track-hold-array-readout/evaluator/family_spec.json;benchmark/reference/v4/release/benchmarkv4-r53/tasks/311-muxed-track-hold-array-readout/evaluator/score_tb.scs	正式题面、独立 checker、边界激励和负例需重新建设并实际校准；旧源码或审核标签均不是验证通过证据	runs/v4-audit-20261010-r3/families/311/review.json;runs/v4-audit-20261010-r3/families/311/status.json;benchmark/reference/v4/release/benchmarkv4-r53/tasks/311-muxed-track-hold-array-readout/evaluator/family_spec.json;benchmark/reference/v4/release/benchmarkv4-r53/tasks/311-muxed-track-hold-array-readout/evaluator/solution/readout_mux.va;benchmark/reference/v4/release/benchmarkv4-r53/tasks/311-muxed-track-hold-array-readout/evaluator/solution/track_hold_cell.va;benchmark/reference/v4/release/benchmarkv4-r53/tasks/311-muxed-track-hold-array-readout/evaluator/solution/muxed_track_hold_array_top.va	true	accepted_draft	919b8baa46597dd4f27eaf7e97d720dbf8f849f6a6811728ad197a44dd40cd29
312	312-interleaved-adc-skew-monitor	测量与测试激励	交织采样失配测量	rebuild_topic	not_selected	testing-characterization	skew_metric 只是两路保持电压差，幅度与时间失配未分离；优先实际采样和时序功能，交织偏斜需重建测量。	benchmark/reference/v4/release/benchmarkv4-r53/tasks/312-interleaved-adc-skew-monitor/evaluator/solution/sample_pair_latch.va;benchmark/reference/v4/release/benchmarkv4-r53/tasks/312-interleaved-adc-skew-monitor/evaluator/solution/skew_metric_core.va;benchmark/reference/v4/release/benchmarkv4-r53/tasks/312-interleaved-adc-skew-monitor/evaluator/solution/interleaved_adc_skew_monitor_top.va;benchmark/reference/v4/release/benchmarkv4-r53/tasks/312-interleaved-adc-skew-monitor/evaluator/family_spec.json;benchmark/reference/v4/release/benchmarkv4-r53/tasks/312-interleaved-adc-skew-monitor/evaluator/score_tb.scs	保留双路锁存；加入已知共同输入、时间戳和幅度失配辨别;正式题面、独立 checker、边界激励和负例需重新建设并实际校准；旧源码或审核标签均不是验证通过证据	runs/v4-audit-20261010-r3/families/312/review.json;runs/v4-audit-20261010-r3/families/312/status.json;benchmark/reference/v4/release/benchmarkv4-r53/tasks/312-interleaved-adc-skew-monitor/evaluator/family_spec.json;benchmark/reference/v4/release/benchmarkv4-r53/tasks/312-interleaved-adc-skew-monitor/evaluator/solution/sample_pair_latch.va;benchmark/reference/v4/release/benchmarkv4-r53/tasks/312-interleaved-adc-skew-monitor/evaluator/solution/skew_metric_core.va;benchmark/reference/v4/release/benchmarkv4-r53/tasks/312-interleaved-adc-skew-monitor/evaluator/solution/interleaved_adc_skew_monitor_top.va	true	accepted_draft	c3d295eaeceb3f0958cde0a56376776afb3395e72a55e4a8b3766c7246cd1bad
313	313-dynamic-comparator-kickback-metric	比较器与判决	比较器踢回表征	rebuild_topic	not_selected	testing-characterization	kickback_metric=clip(vcm+0.30/(1+overdrive/0.030))，没有回扰输入路径；比较器判决可复用，踢回题需新资产。	benchmark/reference/v4/release/benchmarkv4-r53/tasks/313-dynamic-comparator-kickback-metric/evaluator/solution/dynamic_comparator_kickback_metric.va;benchmark/reference/v4/release/benchmarkv4-r53/tasks/313-dynamic-comparator-kickback-metric/evaluator/family_spec.json;benchmark/reference/v4/release/benchmarkv4-r53/tasks/313-dynamic-comparator-kickback-metric/evaluator/score_tb.scs	新增受判决事件影响的输入端扰动或真实记录，再定义踢回测量;正式题面、独立 checker、边界激励和负例需重新建设并实际校准；旧源码或审核标签均不是验证通过证据	runs/v4-audit-20261010-r3/families/313/review.json;runs/v4-audit-20261010-r3/families/313/status.json;benchmark/reference/v4/release/benchmarkv4-r53/tasks/313-dynamic-comparator-kickback-metric/evaluator/family_spec.json;benchmark/reference/v4/release/benchmarkv4-r53/tasks/313-dynamic-comparator-kickback-metric/evaluator/solution/dynamic_comparator_kickback_metric.va	true	accepted_draft	8df50cb310ca150179e3071250866f8afaf3b875e87e30a631c805c2d98934f4
314	314-hysteretic-window-comparator	比较器与判决	比较器与判决	reserve_candidate	not_selected	spec-modeling	报告所述功能为采样型带滞回窗口比较器。先以已有滞回/时钟判决组覆盖核心功能；本项留作复位电平、窗口或判决结构备选。	benchmark/reference/v4/release/benchmarkv4-r53/tasks/314-hysteretic-window-comparator/evaluator/solution/hysteretic_window_comparator.va;benchmark/reference/v4/release/benchmarkv4-r53/tasks/314-hysteretic-window-comparator/evaluator/family_spec.json;benchmark/reference/v4/release/benchmarkv4-r53/tasks/314-hysteretic-window-comparator/evaluator/score_tb.scs	正式题面、独立 checker、边界激励和负例需重新建设并实际校准；旧源码或审核标签均不是验证通过证据	runs/v4-audit-20261010-r3/families/314/review.json;runs/v4-audit-20261010-r3/families/314/status.json;benchmark/reference/v4/release/benchmarkv4-r53/tasks/314-hysteretic-window-comparator/evaluator/family_spec.json	false	accepted_draft	8fb9e4994cd2183d83d5bca563b756e05dfafe9bc9c79c326397bbdd34b66766
315	315-reference-ladder-buffered-taps	电源、基准与保护	电源控制与保护	support_component	not_selected	spec-modeling	报告所述功能为行为级采样式参考分压梯：对外部 vref_hi/vref_lo 电压按 tick=500ps 周期采样，先钳位到 [vss,vdd]、反接则交换，再生成 lo、lo+Δ、lo+2Δ、hi 四个等分 tap 电压，经 tr=200ps 平滑的电压贡献输出；带 enable/rst 门控和 monotonic_ok 有效标志。先以 272/372 和既有电源资格组覆盖释放与控制；本项保留不同保护或基准行为备选。	benchmark/reference/v4/release/benchmarkv4-r53/tasks/315-reference-ladder-buffered-taps/evaluator/solution/reference_ladder_buffered_taps.va;benchmark/reference/v4/release/benchmarkv4-r53/tasks/315-reference-ladder-buffered-taps/evaluator/family_spec.json;benchmark/reference/v4/release/benchmarkv4-r53/tasks/315-reference-ladder-buffered-taps/evaluator/score_tb.scs	正式题面、独立 checker、边界激励和负例需重新建设并实际校准；旧源码或审核标签均不是验证通过证据	runs/v4-audit-20261010-r3/families/315/review.json;runs/v4-audit-20261010-r3/families/315/status.json;benchmark/reference/v4/release/benchmarkv4-r53/tasks/315-reference-ladder-buffered-taps/evaluator/family_spec.json	false	accepted_draft	aadbe4ae9706d74e1bec31e10c3c0aee734878561b063a6de871c7239c597658
316	316-residue-amplifier-gain-calibration	转换器与采样	残差放大器增益校准	reserve_candidate	not_selected	spec-modeling;testing-characterization	增益码改变 vout，控制器读取 residue_ref-vout 更新码，报告确认完整反馈；先取 343 流水线通路与已有校准代表，本项保留残差增益训练的不同细分功能。	benchmark/reference/v4/release/benchmarkv4-r53/tasks/316-residue-amplifier-gain-calibration/evaluator/solution/gain_cal_controller.va;benchmark/reference/v4/release/benchmarkv4-r53/tasks/316-residue-amplifier-gain-calibration/evaluator/solution/residue_amp_core.va;benchmark/reference/v4/release/benchmarkv4-r53/tasks/316-residue-amplifier-gain-calibration/evaluator/solution/residue_amp_gain_calibration_top.va;benchmark/reference/v4/release/benchmarkv4-r53/tasks/316-residue-amplifier-gain-calibration/evaluator/family_spec.json;benchmark/reference/v4/release/benchmarkv4-r53/tasks/316-residue-amplifier-gain-calibration/evaluator/score_tb.scs	明确输入偏差符号对应的更新方向、不可达参考和码饱和；反馈存在不自动保证全输入范围收敛;正式题面、独立 checker、边界激励和负例需重新建设并实际校准；旧源码或审核标签均不是验证通过证据	runs/v4-audit-20261010-r3/families/316/review.json;runs/v4-audit-20261010-r3/families/316/status.json;benchmark/reference/v4/release/benchmarkv4-r53/tasks/316-residue-amplifier-gain-calibration/evaluator/family_spec.json	false	accepted_draft	36085b19e914dbf49148932637aab0012781c785e62b6264c533d1546138a39d
317	317-capacitor-mismatch-calibration-engine	校准与修调	校准与修调	support_component	not_selected	spec-modeling	err_in 在 score_tb 为固定 PWL，correction_metric 未回馈误差；保留校准码控制素材，优先既有真实响应搜索方向，电容失配校准需补被调对象。	benchmark/reference/v4/release/benchmarkv4-r53/tasks/317-capacitor-mismatch-calibration-engine/evaluator/solution/capacitor_mismatch_cal_engine_top.va;benchmark/reference/v4/release/benchmarkv4-r53/tasks/317-capacitor-mismatch-calibration-engine/evaluator/solution/correction_metric_dac.va;benchmark/reference/v4/release/benchmarkv4-r53/tasks/317-capacitor-mismatch-calibration-engine/evaluator/solution/cal_code_accumulator.va;benchmark/reference/v4/release/benchmarkv4-r53/tasks/317-capacitor-mismatch-calibration-engine/evaluator/family_spec.json;benchmark/reference/v4/release/benchmarkv4-r53/tasks/317-capacitor-mismatch-calibration-engine/evaluator/score_tb.scs	正式题面、独立 checker、边界激励和负例需重新建设并实际校准；旧源码或审核标签均不是验证通过证据	runs/v4-audit-20261010-r3/families/317/review.json;runs/v4-audit-20261010-r3/families/317/status.json;benchmark/reference/v4/release/benchmarkv4-r53/tasks/317-capacitor-mismatch-calibration-engine/evaluator/family_spec.json;benchmark/reference/v4/release/benchmarkv4-r53/tasks/317-capacitor-mismatch-calibration-engine/evaluator/solution/capacitor_mismatch_cal_engine_top.va;benchmark/reference/v4/release/benchmarkv4-r53/tasks/317-capacitor-mismatch-calibration-engine/evaluator/solution/correction_metric_dac.va;benchmark/reference/v4/release/benchmarkv4-r53/tasks/317-capacitor-mismatch-calibration-engine/evaluator/solution/cal_code_accumulator.va;benchmark/reference/v4/release/benchmarkv4-r53/tasks/317-capacitor-mismatch-calibration-engine/evaluator/score_tb.scs	true	accepted_draft	3aec7ace598687566635bed87b5848b6bb74a32f05f2ec8aabe9ac799ea3fcba
318	318-resistor-ladder-monotonic-decoder	转换器与采样	DAC、量化与采样	reserve_candidate	not_selected	spec-modeling	报告所述功能为行为级3位电阻梯DAC解码器：每tick(500ps)用vth对code_2..code_0做阈值判决，解码为0..7抽头索引，vout驱动到vss..vdd间8级等间距电压，step_metric输出1 LSB，monotonic_ok在使能且未复位时常为vdd；rst/enable门控时三输出清零。先以 343/350 和现有采样/SAR 组覆盖主要架构；本项留作码型、位宽或采样结构备选。	benchmark/reference/v4/release/benchmarkv4-r53/tasks/318-resistor-ladder-monotonic-decoder/evaluator/solution/resistor_ladder_monotonic_decoder.va;benchmark/reference/v4/release/benchmarkv4-r53/tasks/318-resistor-ladder-monotonic-decoder/evaluator/family_spec.json;benchmark/reference/v4/release/benchmarkv4-r53/tasks/318-resistor-ladder-monotonic-decoder/evaluator/score_tb.scs	正式题面、独立 checker、边界激励和负例需重新建设并实际校准；旧源码或审核标签均不是验证通过证据	runs/v4-audit-20261010-r3/families/318/review.json;runs/v4-audit-20261010-r3/families/318/status.json;benchmark/reference/v4/release/benchmarkv4-r53/tasks/318-resistor-ladder-monotonic-decoder/evaluator/family_spec.json	false	accepted_draft	3fa997859a85b9dece04fdd3902c7bd60246114637c93371dbd6094c68e71154
319	319-unary-dac-glitch-energy-metric	转换器与采样	DAC 毛刺表征	rebuild_topic	not_selected	testing-characterization	glitch_metric 仅为码差幅值，没有毛刺时间面积；优先码转换和 DEM 控制，毛刺能量需重建。	benchmark/reference/v4/release/benchmarkv4-r53/tasks/319-unary-dac-glitch-energy-metric/evaluator/solution/unary_dac_glitch_energy_metric.va;benchmark/reference/v4/release/benchmarkv4-r53/tasks/319-unary-dac-glitch-energy-metric/evaluator/family_spec.json;benchmark/reference/v4/release/benchmarkv4-r53/tasks/319-unary-dac-glitch-energy-metric/evaluator/score_tb.scs	保留码映射；建立转换瞬态、测量窗口和面积或能量定义;正式题面、独立 checker、边界激励和负例需重新建设并实际校准；旧源码或审核标签均不是验证通过证据	runs/v4-audit-20261010-r3/families/319/review.json;runs/v4-audit-20261010-r3/families/319/status.json;benchmark/reference/v4/release/benchmarkv4-r53/tasks/319-unary-dac-glitch-energy-metric/evaluator/family_spec.json;benchmark/reference/v4/release/benchmarkv4-r53/tasks/319-unary-dac-glitch-energy-metric/evaluator/solution/unary_dac_glitch_energy_metric.va	true	accepted_draft	09b98e0269a73e2f2314697523844786c1d258d42093ea616def585d3dea1f0a
320	320-code-dependent-dac-buffer-settling	转换器与采样	DAC、量化与采样	reserve_candidate	not_selected	spec-modeling	报告所述功能为4位电压域二进制DAC级联一个时钟上升沿采样的输出缓冲状态机：每拍向目标限幅移动 settle_step=80mV，输出 |target-vout| 于 settling_metric，连续两次进入 settle_tol 才置位 settled，复位/禁用时 vout 回 vcm、其余指示回 vss。先以 343/350 和现有采样/SAR 组覆盖主要架构；本项留作码型、位宽或采样结构备选。	benchmark/reference/v4/release/benchmarkv4-r53/tasks/320-code-dependent-dac-buffer-settling/evaluator/solution/ideal_code_dac.va;benchmark/reference/v4/release/benchmarkv4-r53/tasks/320-code-dependent-dac-buffer-settling/evaluator/solution/settling_buffer_state.va;benchmark/reference/v4/release/benchmarkv4-r53/tasks/320-code-dependent-dac-buffer-settling/evaluator/solution/code_dependent_dac_buffer_top.va;benchmark/reference/v4/release/benchmarkv4-r53/tasks/320-code-dependent-dac-buffer-settling/evaluator/family_spec.json;benchmark/reference/v4/release/benchmarkv4-r53/tasks/320-code-dependent-dac-buffer-settling/evaluator/score_tb.scs	正式题面、独立 checker、边界激励和负例需重新建设并实际校准；旧源码或审核标签均不是验证通过证据	runs/v4-audit-20261010-r3/families/320/review.json;runs/v4-audit-20261010-r3/families/320/status.json;benchmark/reference/v4/release/benchmarkv4-r53/tasks/320-code-dependent-dac-buffer-settling/evaluator/family_spec.json	false	accepted_draft	a508664d85661d6cf54e5fc54e8cec29659b645e6c3b242e8de9719207f2f4d1
321	321-charge-pump-pulse-balancer	时钟与PLL	时钟、分频与时序	reserve_candidate	not_selected	spec-modeling	报告所述功能为模块是时钟采样的电荷泵行为核。先以 249/362 和已有 BBPD/PFD 组覆盖状态与实际时钟测量；本项保留不同检测或延迟结构的备选。	benchmark/reference/v4/release/benchmarkv4-r53/tasks/321-charge-pump-pulse-balancer/evaluator/solution/charge_pump_pulse_balancer.va;benchmark/reference/v4/release/benchmarkv4-r53/tasks/321-charge-pump-pulse-balancer/evaluator/family_spec.json;benchmark/reference/v4/release/benchmarkv4-r53/tasks/321-charge-pump-pulse-balancer/evaluator/score_tb.scs	正式题面、独立 checker、边界激励和负例需重新建设并实际校准；旧源码或审核标签均不是验证通过证据	runs/v4-audit-20261010-r3/families/321/review.json;runs/v4-audit-20261010-r3/families/321/status.json;benchmark/reference/v4/release/benchmarkv4-r53/tasks/321-charge-pump-pulse-balancer/evaluator/family_spec.json	false	accepted_draft	c66832b4b58bcb7c37b34e41eb489d6459fd1211523cdcfb733444ad083f6a9a
322	322-glitchless-clock-mux-selector	时钟与PLL	时钟、分频与时序	reserve_candidate	not_selected	spec-modeling	报告所述功能为双时钟无毛刺选择器：参考实现在200ps定时采样点上采样clk_a/clk_b/sel/rst/enable，用active_sel/pending_sel状态机在两路输入时钟都低于vth时才切换选中源，clk_out输出被选中时钟的阈值化波形，切换后switch_metric保持20个tick、valid在新源首个上升沿置位，复位或禁用时三输出拉低。先以 249/362 和已有 BBPD/PFD 组覆盖状态与实际时钟测量；本项保留不同检测或延迟结构的备选。	benchmark/reference/v4/release/benchmarkv4-r53/tasks/322-glitchless-clock-mux-selector/evaluator/solution/glitchless_clock_mux_selector.va;benchmark/reference/v4/release/benchmarkv4-r53/tasks/322-glitchless-clock-mux-selector/evaluator/family_spec.json;benchmark/reference/v4/release/benchmarkv4-r53/tasks/322-glitchless-clock-mux-selector/evaluator/score_tb.scs	正式题面、独立 checker、边界激励和负例需重新建设并实际校准；旧源码或审核标签均不是验证通过证据	runs/v4-audit-20261010-r3/families/322/review.json;runs/v4-audit-20261010-r3/families/322/status.json;benchmark/reference/v4/release/benchmarkv4-r53/tasks/322-glitchless-clock-mux-selector/evaluator/family_spec.json	false	accepted_draft	3e3574eba71356e3636ce334a1869f1b482fe16d7e71d02ebf7f8d26a3e36dde
323	323-programmable-clock-skew-aligner	时钟与PLL	时钟、分频与时序	reserve_candidate	not_selected	spec-modeling	报告所述功能为电压域行为级可编程时钟沿延迟单元。先以 249/362 和已有 BBPD/PFD 组覆盖状态与实际时钟测量；本项保留不同检测或延迟结构的备选。	benchmark/reference/v4/release/benchmarkv4-r53/tasks/323-programmable-clock-skew-aligner/evaluator/solution/programmable_clock_skew_aligner.va;benchmark/reference/v4/release/benchmarkv4-r53/tasks/323-programmable-clock-skew-aligner/evaluator/family_spec.json;benchmark/reference/v4/release/benchmarkv4-r53/tasks/323-programmable-clock-skew-aligner/evaluator/score_tb.scs	正式题面、独立 checker、边界激励和负例需重新建设并实际校准；旧源码或审核标签均不是验证通过证据	runs/v4-audit-20261010-r3/families/323/review.json;runs/v4-audit-20261010-r3/families/323/status.json;benchmark/reference/v4/release/benchmarkv4-r53/tasks/323-programmable-clock-skew-aligner/evaluator/family_spec.json	false	accepted_draft	5bb3e63189a05f69b91a80e5af1cdfa9d5d931b7ba9c484a67e39b1c10580d2b
324	324-duty-cycle-window-monitor	测量与测试激励	信号调理与在线测量	reserve_candidate	not_selected	testing-characterization	高低 tick 计数给出占空比及窗口资格，VA 随仿真报告有使用价值；先以 362 作时钟测量代表，保留占空比定义与分辨率不同的备选。	benchmark/reference/v4/release/benchmarkv4-r53/tasks/324-duty-cycle-window-monitor/evaluator/solution/duty_cycle_window_monitor.va;benchmark/reference/v4/release/benchmarkv4-r53/tasks/324-duty-cycle-window-monitor/evaluator/family_spec.json;benchmark/reference/v4/release/benchmarkv4-r53/tasks/324-duty-cycle-window-monitor/evaluator/score_tb.scs	正式题面、独立 checker、边界激励和负例需重新建设并实际校准；旧源码或审核标签均不是验证通过证据	runs/v4-audit-20261010-r3/families/324/review.json;runs/v4-audit-20261010-r3/families/324/status.json;benchmark/reference/v4/release/benchmarkv4-r53/tasks/324-duty-cycle-window-monitor/evaluator/family_spec.json	false	accepted_draft	78cdba1731975752511c59731452ca816de327b00196185c1c83c70d46a4c699
325	325-fine-coarse-tdc-encoder	测量与测试激励	信号调理与在线测量	reserve_candidate	not_selected	spec-modeling	报告所述功能为行为级两段式(粗计数+周期插值) TDC 编码器：start 上升沿在 rst 无效且 enable 有效时武装并清粗计数；ref_clk 上升沿使 4 位计数递增(饱和于15)；stop 上升沿把计数锁存到 coarse_3..0 并置 valid。先以 308/336 和已有增益/RMS 测量方向覆盖清楚的实验目标；本项保留传输或测量定义的备选。	benchmark/reference/v4/release/benchmarkv4-r53/tasks/325-fine-coarse-tdc-encoder/evaluator/solution/fine_residual_metric.va;benchmark/reference/v4/release/benchmarkv4-r53/tasks/325-fine-coarse-tdc-encoder/evaluator/solution/coarse_counter.va;benchmark/reference/v4/release/benchmarkv4-r53/tasks/325-fine-coarse-tdc-encoder/evaluator/solution/fine_coarse_tdc_encoder_top.va;benchmark/reference/v4/release/benchmarkv4-r53/tasks/325-fine-coarse-tdc-encoder/evaluator/family_spec.json;benchmark/reference/v4/release/benchmarkv4-r53/tasks/325-fine-coarse-tdc-encoder/evaluator/score_tb.scs	正式题面、独立 checker、边界激励和负例需重新建设并实际校准；旧源码或审核标签均不是验证通过证据	runs/v4-audit-20261010-r3/families/325/review.json;runs/v4-audit-20261010-r3/families/325/status.json;benchmark/reference/v4/release/benchmarkv4-r53/tasks/325-fine-coarse-tdc-encoder/evaluator/family_spec.json	false	accepted_draft	607d2d62ee3a5f8200200e3f3941ce5dc5979c773c9052dc22d82ef9303221db
326	326-fractional-delay-dtc-macro	时钟与PLL	码控延迟脉冲 DTC	reserve_candidate	not_selected	spec-modeling;testing-characterization	锁存延迟码后倒计数发出实际延迟脉冲，支持码到边沿时刻的独立功能；先以 362 振荡/测量代表，本项保留脉冲型时序执行器的不同细分覆盖，phase_metric 不当作测相。	benchmark/reference/v4/release/benchmarkv4-r53/tasks/326-fractional-delay-dtc-macro/evaluator/solution/fractional_delay_dtc_macro.va;benchmark/reference/v4/release/benchmarkv4-r53/tasks/326-fractional-delay-dtc-macro/evaluator/family_spec.json;benchmark/reference/v4/release/benchmarkv4-r53/tasks/326-fractional-delay-dtc-macro/evaluator/score_tb.scs	公开轮询采样误差、零码延迟与脉宽，验实际边沿而非码回读；小数N相位补偿系统用途须另有集成依据;正式题面、独立 checker、边界激励和负例需重新建设并实际校准；旧源码或审核标签均不是验证通过证据	runs/v4-audit-20261010-r3/families/326/review.json;runs/v4-audit-20261010-r3/families/326/status.json;benchmark/reference/v4/release/benchmarkv4-r53/tasks/326-fractional-delay-dtc-macro/evaluator/family_spec.json	false	accepted_draft	f6b6471791b97b7783032a10831cc9deda42db1add0ef615ff7ad822412ec3f3
327	327-cdr-eye-monitor	时钟与PLL	SerDes 数据通路与均衡	reserve_candidate	not_selected	spec-modeling	报告所述功能为事件驱动的 SerDat 边沿裕量监测器。先以 331/353/355/392/393 覆盖历史补偿、电平映射与帧序；本项保留接收或监测功能备选。	benchmark/reference/v4/release/benchmarkv4-r53/tasks/327-cdr-eye-monitor/evaluator/solution/cdr_eye_monitor_top.va;benchmark/reference/v4/release/benchmarkv4-r53/tasks/327-cdr-eye-monitor/evaluator/solution/eye_metric_filter.va;benchmark/reference/v4/release/benchmarkv4-r53/tasks/327-cdr-eye-monitor/evaluator/solution/edge_margin_sampler.va;benchmark/reference/v4/release/benchmarkv4-r53/tasks/327-cdr-eye-monitor/evaluator/family_spec.json;benchmark/reference/v4/release/benchmarkv4-r53/tasks/327-cdr-eye-monitor/evaluator/score_tb.scs	正式题面、独立 checker、边界激励和负例需重新建设并实际校准；旧源码或审核标签均不是验证通过证据	runs/v4-audit-20261010-r3/families/327/review.json;runs/v4-audit-20261010-r3/families/327/status.json;benchmark/reference/v4/release/benchmarkv4-r53/tasks/327-cdr-eye-monitor/evaluator/family_spec.json	false	accepted_draft	97edc0a9842f0b40aa727498dc23c5a398579e8bb5799b24d2bf9e838c069358
328	328-pam4-linearity-monitor	SerDes数据通路与均衡	PAM4 线性度表征	rebuild_topic	not_selected	testing-characterization	linearity_metric 每次采样固定 vdd，无法测四电平误差；优先 355 实际发送路径，表征模块重建。	benchmark/reference/v4/release/benchmarkv4-r53/tasks/328-pam4-linearity-monitor/evaluator/solution/pam4_linearity_monitor.va;benchmark/reference/v4/release/benchmarkv4-r53/tasks/328-pam4-linearity-monitor/evaluator/family_spec.json;benchmark/reference/v4/release/benchmarkv4-r53/tasks/328-pam4-linearity-monitor/evaluator/score_tb.scs	保留四电平码映射；观测各电平并计算公开线性度定义;正式题面、独立 checker、边界激励和负例需重新建设并实际校准；旧源码或审核标签均不是验证通过证据	runs/v4-audit-20261010-r3/families/328/review.json;runs/v4-audit-20261010-r3/families/328/status.json;benchmark/reference/v4/release/benchmarkv4-r53/tasks/328-pam4-linearity-monitor/evaluator/family_spec.json;benchmark/reference/v4/release/benchmarkv4-r53/tasks/328-pam4-linearity-monitor/evaluator/solution/pam4_linearity_monitor.va	true	accepted_draft	5ca31e5019256fbba710ab1a8cc40b15c36cd2849c251e35909928322b7dbdff
329	329-ctle-adaptation-loop	SerDes数据通路与均衡	连续时间均衡自适应	rebuild_topic	not_selected	spec-modeling	ctle_boost_core 是码控静态增益，edge_metric_in 由外部 PWL 输入；先选 FFE/历史补偿，CTLE 自适应环需重建。	benchmark/reference/v4/release/benchmarkv4-r53/tasks/329-ctle-adaptation-loop/evaluator/solution/ctle_boost_core.va;benchmark/reference/v4/release/benchmarkv4-r53/tasks/329-ctle-adaptation-loop/evaluator/solution/ctle_adaptation_loop_top.va;benchmark/reference/v4/release/benchmarkv4-r53/tasks/329-ctle-adaptation-loop/evaluator/solution/boost_adapt_controller.va;benchmark/reference/v4/release/benchmarkv4-r53/tasks/329-ctle-adaptation-loop/evaluator/family_spec.json;benchmark/reference/v4/release/benchmarkv4-r53/tasks/329-ctle-adaptation-loop/evaluator/score_tb.scs	新增有极零行为的连续时间核心与输出驱动的误差测量；现控制码状态可复用;正式题面、独立 checker、边界激励和负例需重新建设并实际校准；旧源码或审核标签均不是验证通过证据	runs/v4-audit-20261010-r3/families/329/review.json;runs/v4-audit-20261010-r3/families/329/status.json;benchmark/reference/v4/release/benchmarkv4-r53/tasks/329-ctle-adaptation-loop/evaluator/family_spec.json;benchmark/reference/v4/release/benchmarkv4-r53/tasks/329-ctle-adaptation-loop/evaluator/solution/ctle_boost_core.va;benchmark/reference/v4/release/benchmarkv4-r53/tasks/329-ctle-adaptation-loop/evaluator/solution/ctle_adaptation_loop_top.va;benchmark/reference/v4/release/benchmarkv4-r53/tasks/329-ctle-adaptation-loop/evaluator/solution/boost_adapt_controller.va;benchmark/reference/v4/release/benchmarkv4-r53/tasks/329-ctle-adaptation-loop/evaluator/score_tb.scs	true	accepted_draft	892d935eb31407dacad0f0f6622cf93a75cb406dbe00efac187e22f33016ac75
330	330-ffe-tap-adaptation-monitor	SerDes数据通路与均衡	SerDes 数据通路与均衡	support_component	not_selected	spec-modeling	报告所述功能为资产能证明的因果链是一个时钟域符号误差监测器。先以 331/353/355/392/393 覆盖历史补偿、电平映射与帧序；本项保留接收或监测功能备选。	benchmark/reference/v4/release/benchmarkv4-r53/tasks/330-ffe-tap-adaptation-monitor/evaluator/solution/ffe_tap_adaptation_monitor_top.va;benchmark/reference/v4/release/benchmarkv4-r53/tasks/330-ffe-tap-adaptation-monitor/evaluator/solution/cursor_metric_core.va;benchmark/reference/v4/release/benchmarkv4-r53/tasks/330-ffe-tap-adaptation-monitor/evaluator/solution/tap_update_controller.va;benchmark/reference/v4/release/benchmarkv4-r53/tasks/330-ffe-tap-adaptation-monitor/evaluator/family_spec.json;benchmark/reference/v4/release/benchmarkv4-r53/tasks/330-ffe-tap-adaptation-monitor/evaluator/score_tb.scs	正式题面、独立 checker、边界激励和负例需重新建设并实际校准；旧源码或审核标签均不是验证通过证据	runs/v4-audit-20261010-r3/families/330/review.json;runs/v4-audit-20261010-r3/families/330/status.json;benchmark/reference/v4/release/benchmarkv4-r53/tasks/330-ffe-tap-adaptation-monitor/evaluator/family_spec.json	false	accepted_draft	d5f797998cb42a7f9ad4531c0154b026f31d842025bb2d070b7a61e4efb5a9cf
331	331-dfe-error-proxy-loop	SerDes数据通路与均衡	判决历史与反馈补偿	priority_seed	engineering_prerequisites	spec-modeling;testing-characterization	两个历史符号参与残差和抽头更新；先取历史、补偿和训练状态功能，扩大链路均衡覆盖。	benchmark/reference/v4/release/benchmarkv4-r53/tasks/331-dfe-error-proxy-loop/evaluator/solution/decision_history.va;benchmark/reference/v4/release/benchmarkv4-r53/tasks/331-dfe-error-proxy-loop/evaluator/solution/feedback_correction_core.va;benchmark/reference/v4/release/benchmarkv4-r53/tasks/331-dfe-error-proxy-loop/evaluator/solution/dfe_error_proxy_loop_top.va;benchmark/reference/v4/release/benchmarkv4-r53/tasks/331-dfe-error-proxy-loop/evaluator/family_spec.json;benchmark/reference/v4/release/benchmarkv4-r53/tasks/331-dfe-error-proxy-loop/evaluator/score_tb.scs	当前历史判决来自原 sample_in；真实 DFE 接收反馈应重接校正后判决，并补信道和训练序列；error_metric 不作 BER;正式题面、独立 checker、边界激励和负例需重新建设并实际校准；旧源码或审核标签均不是验证通过证据	runs/v4-audit-20261010-r3/families/331/review.json;runs/v4-audit-20261010-r3/families/331/status.json;benchmark/reference/v4/release/benchmarkv4-r53/tasks/331-dfe-error-proxy-loop/evaluator/family_spec.json;benchmark/reference/v4/release/benchmarkv4-r53/tasks/331-dfe-error-proxy-loop/evaluator/solution/decision_history.va;benchmark/reference/v4/release/benchmarkv4-r53/tasks/331-dfe-error-proxy-loop/evaluator/solution/feedback_correction_core.va;benchmark/reference/v4/release/benchmarkv4-r53/tasks/331-dfe-error-proxy-loop/evaluator/solution/dfe_error_proxy_loop_top.va	true	accepted_draft	9489b35a9e292943db0be9b0ec2a765cf5573073e283a6ded4b43d2e18457ee7
332	332-polyphase-iq-balance-monitor	RF与I/Q	RF、I/Q 与前端	reserve_candidate	not_selected	spec-modeling	报告所述功能为双通道 I/Q 电压域采样监测行为模型：在使能的 clk 上升沿用 cross 事件采样保持 i_in/q_in，保持节点连续馈入两个子模块——幅度归一化器与双误差度量核，top 用两条件同刻成立的连续两次采样去抖驱动 balanced 标志，复位/禁用时清全部状态。先以 336/364 覆盖包络动态与变频路径；本项保留不同前端或调制行为备选。	benchmark/reference/v4/release/benchmarkv4-r53/tasks/332-polyphase-iq-balance-monitor/evaluator/solution/polyphase_iq_balance_monitor_top.va;benchmark/reference/v4/release/benchmarkv4-r53/tasks/332-polyphase-iq-balance-monitor/evaluator/solution/iq_normalizer.va;benchmark/reference/v4/release/benchmarkv4-r53/tasks/332-polyphase-iq-balance-monitor/evaluator/solution/balance_metric_core.va;benchmark/reference/v4/release/benchmarkv4-r53/tasks/332-polyphase-iq-balance-monitor/evaluator/family_spec.json;benchmark/reference/v4/release/benchmarkv4-r53/tasks/332-polyphase-iq-balance-monitor/evaluator/score_tb.scs	正式题面、独立 checker、边界激励和负例需重新建设并实际校准；旧源码或审核标签均不是验证通过证据	runs/v4-audit-20261010-r3/families/332/review.json;runs/v4-audit-20261010-r3/families/332/status.json;benchmark/reference/v4/release/benchmarkv4-r53/tasks/332-polyphase-iq-balance-monitor/evaluator/family_spec.json	false	accepted_draft	93ffcf82f5a197f5e99eadb90071dd06fb23b7c0c7a5d5adea1c21aa51d1293c
333	333-image-reject-mixer-calibration-loop	RF与I/Q	RF、I/Q 与前端	reserve_candidate	not_selected	spec-modeling	报告所述功能为三模块行为级闭环。先以 336/364 覆盖包络动态与变频路径；本项保留不同前端或调制行为备选。	benchmark/reference/v4/release/benchmarkv4-r53/tasks/333-image-reject-mixer-calibration-loop/evaluator/solution/image_reject_mixer_cal_loop_top.va;benchmark/reference/v4/release/benchmarkv4-r53/tasks/333-image-reject-mixer-calibration-loop/evaluator/solution/quadrature_mixer_proxy.va;benchmark/reference/v4/release/benchmarkv4-r53/tasks/333-image-reject-mixer-calibration-loop/evaluator/solution/image_cal_controller.va;benchmark/reference/v4/release/benchmarkv4-r53/tasks/333-image-reject-mixer-calibration-loop/evaluator/family_spec.json;benchmark/reference/v4/release/benchmarkv4-r53/tasks/333-image-reject-mixer-calibration-loop/evaluator/score_tb.scs	正式题面、独立 checker、边界激励和负例需重新建设并实际校准；旧源码或审核标签均不是验证通过证据	runs/v4-audit-20261010-r3/families/333/review.json;runs/v4-audit-20261010-r3/families/333/status.json;benchmark/reference/v4/release/benchmarkv4-r53/tasks/333-image-reject-mixer-calibration-loop/evaluator/family_spec.json	false	accepted_draft	b4805b4e86d4858861e443da1697b3bc84762ed4f9d163b65a0793399f00ea6b
334	334-baseband-anti-alias-filter-macro	放大、滤波与基带调理	滤波、积分与采样	reserve_candidate	not_selected	spec-modeling	报告所述功能为可编程带宽的时钟采样一阶离散低通宏模型。先以 307/308 覆盖两相状态与样本差分；本项保留不同采样或滤波结构备选。	benchmark/reference/v4/release/benchmarkv4-r53/tasks/334-baseband-anti-alias-filter-macro/evaluator/solution/baseband_antialias_filter_macro.va;benchmark/reference/v4/release/benchmarkv4-r53/tasks/334-baseband-anti-alias-filter-macro/evaluator/family_spec.json;benchmark/reference/v4/release/benchmarkv4-r53/tasks/334-baseband-anti-alias-filter-macro/evaluator/score_tb.scs	正式题面、独立 checker、边界激励和负例需重新建设并实际校准；旧源码或审核标签均不是验证通过证据	runs/v4-audit-20261010-r3/families/334/review.json;runs/v4-audit-20261010-r3/families/334/status.json;benchmark/reference/v4/release/benchmarkv4-r53/tasks/334-baseband-anti-alias-filter-macro/evaluator/family_spec.json	false	accepted_draft	a2dec7903c4c3c8248feff627904d4f4d4b73a743be5bb3b9d70c1712b9e1176
335	335-quadrature-oscillator-phase-error-monitor	时钟与PLL	正交时钟相位测量	reserve_candidate	not_selected	testing-characterization	记录 I/Q 上升沿及 I 周期，测相对四分之一周期的偏差并资格计数；先取 362 频率测量，本项保留 VA 随仿真正交测相的不同指标覆盖。	benchmark/reference/v4/release/benchmarkv4-r53/tasks/335-quadrature-oscillator-phase-error-monitor/evaluator/solution/quadrature_oscillator_phase_error_monitor.va;benchmark/reference/v4/release/benchmarkv4-r53/tasks/335-quadrature-oscillator-phase-error-monitor/evaluator/family_spec.json;benchmark/reference/v4/release/benchmarkv4-r53/tasks/335-quadrature-oscillator-phase-error-monitor/evaluator/score_tb.scs	公开 Q 超前/滞后的相位配对、缺沿与首次周期资格；tick 分辨率和容差需校准;正式题面、独立 checker、边界激励和负例需重新建设并实际校准；旧源码或审核标签均不是验证通过证据	runs/v4-audit-20261010-r3/families/335/review.json;runs/v4-audit-20261010-r3/families/335/status.json;benchmark/reference/v4/release/benchmarkv4-r53/tasks/335-quadrature-oscillator-phase-error-monitor/evaluator/family_spec.json	false	accepted_draft	035b611b0a9f3eb7d7324e78dbabcb66ae20c2674ded4c7c9132d107b6fe9ccc
336	336-rf-envelope-detector-attack-release	RF与I/Q	包络攻击与恢复	priority_seed	engineering_prerequisites	spec-modeling;testing-characterization	时钟采样幅值按不同 attack/release 步长更新；提供可独立测量的非对称状态响应。	benchmark/reference/v4/release/benchmarkv4-r53/tasks/336-rf-envelope-detector-attack-release/evaluator/solution/rf_envelope_detector_attack_release.va;benchmark/reference/v4/release/benchmarkv4-r53/tasks/336-rf-envelope-detector-attack-release/evaluator/family_spec.json;benchmark/reference/v4/release/benchmarkv4-r53/tasks/336-rf-envelope-detector-attack-release/evaluator/score_tb.scs	明确每拍步长与采样时刻；若考真实 RF 连续包络需补连续时间或实测依据;正式题面、独立 checker、边界激励和负例需重新建设并实际校准；旧源码或审核标签均不是验证通过证据	runs/v4-audit-20261010-r3/families/336/review.json;runs/v4-audit-20261010-r3/families/336/status.json;benchmark/reference/v4/release/benchmarkv4-r53/tasks/336-rf-envelope-detector-attack-release/evaluator/family_spec.json;benchmark/reference/v4/release/benchmarkv4-r53/tasks/336-rf-envelope-detector-attack-release/evaluator/solution/rf_envelope_detector_attack_release.va	true	accepted_draft	9418daf9faccb9a52da0b184de59562b0b7fac10a045178a11638c839fe413ee
337	337-vga-step-response-classifier	放大、滤波与基带调理	信号调理与在线测量	reserve_candidate	not_selected	spec-modeling	报告所述功能为时钟驱动的可编程增益放大器行为宏模型：每 tick=250ps 轮询控制，在使能的 clk 上升沿解码 3 位增益码，按 target=clamp(vcm+(1+gain_lsb*code)*(vin-vcm), vss, vdd) 采样更新输出，经 tr=200ps transition 平滑；复位/禁用时回 vcm。先以 308/336 和已有增益/RMS 测量方向覆盖清楚的实验目标；本项保留传输或测量定义的备选。	benchmark/reference/v4/release/benchmarkv4-r53/tasks/337-vga-step-response-classifier/evaluator/solution/vga_step_response_classifier.va;benchmark/reference/v4/release/benchmarkv4-r53/tasks/337-vga-step-response-classifier/evaluator/family_spec.json;benchmark/reference/v4/release/benchmarkv4-r53/tasks/337-vga-step-response-classifier/evaluator/score_tb.scs	正式题面、独立 checker、边界激励和负例需重新建设并实际校准；旧源码或审核标签均不是验证通过证据	runs/v4-audit-20261010-r3/families/337/review.json;runs/v4-audit-20261010-r3/families/337/status.json;benchmark/reference/v4/release/benchmarkv4-r53/tasks/337-vga-step-response-classifier/evaluator/family_spec.json	false	accepted_draft	209232095b83a9c0e4444fb2a7f05ca30a569fac981a3f2dd340db70d6f47142
338	338-lna-blocker-compression-detector	RF与I/Q	RF、I/Q 与前端	reserve_candidate	not_selected	spec-modeling	报告所述功能为电压域行为级宏模型：带复位/使能的放大通道。先以 336/364 覆盖包络动态与变频路径；本项保留不同前端或调制行为备选。	benchmark/reference/v4/release/benchmarkv4-r53/tasks/338-lna-blocker-compression-detector/evaluator/solution/lna_blocker_compression_detector.va;benchmark/reference/v4/release/benchmarkv4-r53/tasks/338-lna-blocker-compression-detector/evaluator/family_spec.json;benchmark/reference/v4/release/benchmarkv4-r53/tasks/338-lna-blocker-compression-detector/evaluator/score_tb.scs	正式题面、独立 checker、边界激励和负例需重新建设并实际校准；旧源码或审核标签均不是验证通过证据	runs/v4-audit-20261010-r3/families/338/review.json;runs/v4-audit-20261010-r3/families/338/status.json;benchmark/reference/v4/release/benchmarkv4-r53/tasks/338-lna-blocker-compression-detector/evaluator/family_spec.json	false	accepted_draft	f379d06e7825d3afecd9efdf8180d1f2ab3e924dc9cd0b8fec3d508561ca2097
339	339-pa-ampm-memory-tap-macro	RF与I/Q	PA 记忆与 AM-PM	rebuild_topic	not_selected	spec-modeling	输出有 prev_amp 记忆项，但 pm_metric 是幅差公式且未作用于相位；优先包络动态，AM-PM 需新信号路径。	benchmark/reference/v4/release/benchmarkv4-r53/tasks/339-pa-ampm-memory-tap-macro/evaluator/solution/pa_ampm_memory_tap_macro.va;benchmark/reference/v4/release/benchmarkv4-r53/tasks/339-pa-ampm-memory-tap-macro/evaluator/family_spec.json;benchmark/reference/v4/release/benchmarkv4-r53/tasks/339-pa-ampm-memory-tap-macro/evaluator/score_tb.scs	保留幅度记忆和压缩；建立相位状态或 I/Q 旋转与独立测相;正式题面、独立 checker、边界激励和负例需重新建设并实际校准；旧源码或审核标签均不是验证通过证据	runs/v4-audit-20261010-r3/families/339/review.json;runs/v4-audit-20261010-r3/families/339/status.json;benchmark/reference/v4/release/benchmarkv4-r53/tasks/339-pa-ampm-memory-tap-macro/evaluator/family_spec.json;benchmark/reference/v4/release/benchmarkv4-r53/tasks/339-pa-ampm-memory-tap-macro/evaluator/solution/pa_ampm_memory_tap_macro.va	true	accepted_draft	7d57d4b088da37a7eeb460b18d4eb6501ade98bdb89b7943a0ce2d9e2d0ce760
340	340-thermal-foldback-power-limiter	电源、基准与保护	电源控制与保护扩展	priority_seed	engineering_prerequisites	spec-modeling;testing-characterization	温度编码输入经折返因子实际限制控制输出，作为电源保护候选；先明确温度编码与保护合同，不宣称已有热网络或整机功率校准。	benchmark/reference/v4/release/benchmarkv4-r53/tasks/340-thermal-foldback-power-limiter/evaluator/solution/foldback_controller.va;benchmark/reference/v4/release/benchmarkv4-r53/tasks/340-thermal-foldback-power-limiter/evaluator/solution/thermal_foldback_power_limiter_top.va;benchmark/reference/v4/release/benchmarkv4-r53/tasks/340-thermal-foldback-power-limiter/evaluator/solution/command_limiter.va;benchmark/reference/v4/release/benchmarkv4-r53/tasks/340-thermal-foldback-power-limiter/evaluator/family_spec.json;benchmark/reference/v4/release/benchmarkv4-r53/tasks/340-thermal-foldback-power-limiter/evaluator/score_tb.scs	正式题面、独立 checker、边界激励和负例需重新建设并实际校准；旧源码或审核标签均不是验证通过证据	runs/v4-audit-20261010-r3/families/340/review.json;runs/v4-audit-20261010-r3/families/340/status.json;benchmark/reference/v4/release/benchmarkv4-r53/tasks/340-thermal-foldback-power-limiter/evaluator/family_spec.json	true	accepted_draft	e9631289119e54f6eb8f062314c85573fbcd8b1eece5d7b0a2cab3930e763eb2
341	341-buck-soft-start-ramp-controller	电源、基准与保护	电源控制与保护扩展	priority_seed	engineering_prerequisites	spec-modeling;testing-characterization	时钟驱动参考值按步长接近目标，保留软启动控制候选；完整Buck性能需另有被控对象，控制器可独立按规格立题。	benchmark/reference/v4/release/benchmarkv4-r53/tasks/341-buck-soft-start-ramp-controller/evaluator/solution/buck_soft_start_ramp_controller.va;benchmark/reference/v4/release/benchmarkv4-r53/tasks/341-buck-soft-start-ramp-controller/evaluator/family_spec.json;benchmark/reference/v4/release/benchmarkv4-r53/tasks/341-buck-soft-start-ramp-controller/evaluator/score_tb.scs	正式题面、独立 checker、边界激励和负例需重新建设并实际校准；旧源码或审核标签均不是验证通过证据	runs/v4-audit-20261010-r3/families/341/review.json;runs/v4-audit-20261010-r3/families/341/status.json;benchmark/reference/v4/release/benchmarkv4-r53/tasks/341-buck-soft-start-ramp-controller/evaluator/family_spec.json	true	accepted_draft	43a4cef986b7c60b4f768521b4cc8f131b04a6de71c90399dbc1c3d30ec3dad3
342	342-sar-adc-system-4b	转换器与采样	采样与逐位 SAR 转换系统	reserve_candidate	not_selected	spec-modeling;testing-characterization	采样保持、试验 DAC、比较器与 MSB-first 控制器在报告中形成完整 SAR 反馈；先完成已有 SAR 握手方向，本项保留多模块逐位转换的后续系统覆盖，不视为单纯位宽重复。	benchmark/reference/v4/release/benchmarkv4-r53/tasks/342-sar-adc-system-4b/evaluator/solution/binary_weighted_cdac.va;benchmark/reference/v4/release/benchmarkv4-r53/tasks/342-sar-adc-system-4b/evaluator/solution/sample_hold.va;benchmark/reference/v4/release/benchmarkv4-r53/tasks/342-sar-adc-system-4b/evaluator/solution/sar_adc_top.va;benchmark/reference/v4/release/benchmarkv4-r53/tasks/342-sar-adc-system-4b/evaluator/solution/sar_controller.va;benchmark/reference/v4/release/benchmarkv4-r53/tasks/342-sar-adc-system-4b/evaluator/solution/sar_comparator.va;benchmark/reference/v4/release/benchmarkv4-r53/tasks/342-sar-adc-system-4b/evaluator/family_spec.json;benchmark/reference/v4/release/benchmarkv4-r53/tasks/342-sar-adc-system-4b/evaluator/score_tb.scs	重新核对采样使能同沿传播、DAC建立后判决和 done 保持；保留电压域行为合同，精度性能另需非理想或实测依据;正式题面、独立 checker、边界激励和负例需重新建设并实际校准；旧源码或审核标签均不是验证通过证据	runs/v4-audit-20261010-r3/families/342/review.json;runs/v4-audit-20261010-r3/families/342/status.json;benchmark/reference/v4/release/benchmarkv4-r53/tasks/342-sar-adc-system-4b/evaluator/family_spec.json	false	accepted_draft	87532b4aaaed05fe08e5c0a455ef47a2fc9fd90a8185f4f91472f8ad4414f9c7
343	343-pipeline-adc-two-stage	转换器与采样	流水线量化与残差	priority_seed	engineering_prerequisites	spec-modeling;testing-characterization	两级量化、4 倍残差和码对齐都有实际连接；补 SAR 以外的转换结构与级间交互。	benchmark/reference/v4/release/benchmarkv4-r53/tasks/343-pipeline-adc-two-stage/evaluator/solution/residue_amp.va;benchmark/reference/v4/release/benchmarkv4-r53/tasks/343-pipeline-adc-two-stage/evaluator/solution/code_aligner.va;benchmark/reference/v4/release/benchmarkv4-r53/tasks/343-pipeline-adc-two-stage/evaluator/solution/stage1_quantizer.va;benchmark/reference/v4/release/benchmarkv4-r53/tasks/343-pipeline-adc-two-stage/evaluator/solution/stage2_quantizer.va;benchmark/reference/v4/release/benchmarkv4-r53/tasks/343-pipeline-adc-two-stage/evaluator/solution/pipeline_adc_top.va;benchmark/reference/v4/release/benchmarkv4-r53/tasks/343-pipeline-adc-two-stage/evaluator/family_spec.json;benchmark/reference/v4/release/benchmarkv4-r53/tasks/343-pipeline-adc-two-stage/evaluator/score_tb.scs	输入样本与粗码的级间对齐、valid 流水时延及模拟残差保持必须重新校准;正式题面、独立 checker、边界激励和负例需重新建设并实际校准；旧源码或审核标签均不是验证通过证据	runs/v4-audit-20261010-r3/families/343/review.json;runs/v4-audit-20261010-r3/families/343/status.json;benchmark/reference/v4/release/benchmarkv4-r53/tasks/343-pipeline-adc-two-stage/evaluator/family_spec.json;benchmark/reference/v4/release/benchmarkv4-r53/tasks/343-pipeline-adc-two-stage/evaluator/solution/residue_amp.va;benchmark/reference/v4/release/benchmarkv4-r53/tasks/343-pipeline-adc-two-stage/evaluator/solution/code_aligner.va;benchmark/reference/v4/release/benchmarkv4-r53/tasks/343-pipeline-adc-two-stage/evaluator/solution/stage1_quantizer.va;benchmark/reference/v4/release/benchmarkv4-r53/tasks/343-pipeline-adc-two-stage/evaluator/solution/stage2_quantizer.va;benchmark/reference/v4/release/benchmarkv4-r53/tasks/343-pipeline-adc-two-stage/evaluator/solution/pipeline_adc_top.va	true	accepted_draft	4e90ce436be00a3eedfe0551c018114be41f4f7d93d36037e7ac02ccacfa4dc7
344	344-segmented-dac-dem-system	转换器与采样	DAC 单元轮换控制	priority_seed	engineering_prerequisites	spec-modeling;testing-characterization	dwa_rotator 按请求数量循环选择单元并推进指针；优先控制与状态题，扩大 DAC 元件分配功能。	benchmark/reference/v4/release/benchmarkv4-r53/tasks/344-segmented-dac-dem-system/evaluator/solution/binary_decoder.va;benchmark/reference/v4/release/benchmarkv4-r53/tasks/344-segmented-dac-dem-system/evaluator/solution/segmented_dac_dem_top.va;benchmark/reference/v4/release/benchmarkv4-r53/tasks/344-segmented-dac-dem-system/evaluator/solution/thermometer_decoder.va;benchmark/reference/v4/release/benchmarkv4-r53/tasks/344-segmented-dac-dem-system/evaluator/solution/dac_driver.va;benchmark/reference/v4/release/benchmarkv4-r53/tasks/344-segmented-dac-dem-system/evaluator/solution/dwa_rotator.va;benchmark/reference/v4/release/benchmarkv4-r53/tasks/344-segmented-dac-dem-system/evaluator/family_spec.json;benchmark/reference/v4/release/benchmarkv4-r53/tasks/344-segmented-dac-dem-system/evaluator/score_tb.scs	dac_driver 仅读 req/fine 而不读 sel；考失配抑制需新增带单元误差的模拟输出并连接 sel;正式题面、独立 checker、边界激励和负例需重新建设并实际校准；旧源码或审核标签均不是验证通过证据	runs/v4-audit-20261010-r3/families/344/review.json;runs/v4-audit-20261010-r3/families/344/status.json;benchmark/reference/v4/release/benchmarkv4-r53/tasks/344-segmented-dac-dem-system/evaluator/family_spec.json;benchmark/reference/v4/release/benchmarkv4-r53/tasks/344-segmented-dac-dem-system/evaluator/solution/binary_decoder.va;benchmark/reference/v4/release/benchmarkv4-r53/tasks/344-segmented-dac-dem-system/evaluator/solution/segmented_dac_dem_top.va;benchmark/reference/v4/release/benchmarkv4-r53/tasks/344-segmented-dac-dem-system/evaluator/solution/thermometer_decoder.va;benchmark/reference/v4/release/benchmarkv4-r53/tasks/344-segmented-dac-dem-system/evaluator/solution/dac_driver.va;benchmark/reference/v4/release/benchmarkv4-r53/tasks/344-segmented-dac-dem-system/evaluator/solution/dwa_rotator.va	true	accepted_draft	0eaf7b3059bee87e29f6a7e90c950a6eae1e98e8c04d2d9fb5e26b011cc36c99
345	345-offset-calibrated-comparator-system	比较器与判决	比较器与判决	support_component	not_selected	spec-modeling	FSM 读取独立 cal_ref，decision 未回接；可保留失调 DAC 和控制状态，优先既有响应驱动校准，先不称比较器校准闭环。	benchmark/reference/v4/release/benchmarkv4-r53/tasks/345-offset-calibrated-comparator-system/evaluator/solution/offset_dac.va;benchmark/reference/v4/release/benchmarkv4-r53/tasks/345-offset-calibrated-comparator-system/evaluator/solution/calibration_fsm.va;benchmark/reference/v4/release/benchmarkv4-r53/tasks/345-offset-calibrated-comparator-system/evaluator/solution/comparator_core.va;benchmark/reference/v4/release/benchmarkv4-r53/tasks/345-offset-calibrated-comparator-system/evaluator/solution/calibrated_comparator_top.va;benchmark/reference/v4/release/benchmarkv4-r53/tasks/345-offset-calibrated-comparator-system/evaluator/family_spec.json;benchmark/reference/v4/release/benchmarkv4-r53/tasks/345-offset-calibrated-comparator-system/evaluator/score_tb.scs	正式题面、独立 checker、边界激励和负例需重新建设并实际校准；旧源码或审核标签均不是验证通过证据	runs/v4-audit-20261010-r3/families/345/review.json;runs/v4-audit-20261010-r3/families/345/status.json;benchmark/reference/v4/release/benchmarkv4-r53/tasks/345-offset-calibrated-comparator-system/evaluator/family_spec.json;benchmark/reference/v4/release/benchmarkv4-r53/tasks/345-offset-calibrated-comparator-system/evaluator/solution/offset_dac.va;benchmark/reference/v4/release/benchmarkv4-r53/tasks/345-offset-calibrated-comparator-system/evaluator/solution/calibration_fsm.va;benchmark/reference/v4/release/benchmarkv4-r53/tasks/345-offset-calibrated-comparator-system/evaluator/solution/comparator_core.va;benchmark/reference/v4/release/benchmarkv4-r53/tasks/345-offset-calibrated-comparator-system/evaluator/solution/calibrated_comparator_top.va;benchmark/reference/v4/release/benchmarkv4-r53/tasks/345-offset-calibrated-comparator-system/evaluator/score_tb.scs	true	accepted_draft	f89b7e389e6d5a7dcf8c1b354ecf2a023fad58fb0e626d52c926b38042bc6396
346	346-tdc-measurement-system	测量与测试激励	信号调理与在线测量	reserve_candidate	not_selected	testing-characterization	start/stop 武装、粗时钟计数和溢出是明确 TDC 测量功能；先取 362 实际边沿频率方向，保留间隔计数作另一测量代表。	benchmark/reference/v4/release/benchmarkv4-r53/tasks/346-tdc-measurement-system/evaluator/solution/valid_latch.va;benchmark/reference/v4/release/benchmarkv4-r53/tasks/346-tdc-measurement-system/evaluator/solution/binary_encoder.va;benchmark/reference/v4/release/benchmarkv4-r53/tasks/346-tdc-measurement-system/evaluator/solution/interval_counter.va;benchmark/reference/v4/release/benchmarkv4-r53/tasks/346-tdc-measurement-system/evaluator/solution/edge_detector.va;benchmark/reference/v4/release/benchmarkv4-r53/tasks/346-tdc-measurement-system/evaluator/solution/tdc_measurement_top.va;benchmark/reference/v4/release/benchmarkv4-r53/tasks/346-tdc-measurement-system/evaluator/family_spec.json;benchmark/reference/v4/release/benchmarkv4-r53/tasks/346-tdc-measurement-system/evaluator/score_tb.scs	正式题面、独立 checker、边界激励和负例需重新建设并实际校准；旧源码或审核标签均不是验证通过证据	runs/v4-audit-20261010-r3/families/346/review.json;runs/v4-audit-20261010-r3/families/346/status.json;benchmark/reference/v4/release/benchmarkv4-r53/tasks/346-tdc-measurement-system/evaluator/family_spec.json	false	accepted_draft	528f9bcda8aacf58fb051e38fe08ad76303319d8afc8867545268c6d588120ad
347	347-power-reset-sequencer-system	电源、基准与保护	电源控制与保护	reserve_candidate	not_selected	spec-modeling	报告所述功能为上电复位与电源时序控制器。先以 272/372 和既有电源资格组覆盖释放与控制；本项保留不同保护或基准行为备选。	benchmark/reference/v4/release/benchmarkv4-r53/tasks/347-power-reset-sequencer-system/evaluator/solution/enable_sequencer.va;benchmark/reference/v4/release/benchmarkv4-r53/tasks/347-power-reset-sequencer-system/evaluator/solution/por_detector.va;benchmark/reference/v4/release/benchmarkv4-r53/tasks/347-power-reset-sequencer-system/evaluator/solution/power_reset_seq_top.va;benchmark/reference/v4/release/benchmarkv4-r53/tasks/347-power-reset-sequencer-system/evaluator/solution/reset_synchronizer.va;benchmark/reference/v4/release/benchmarkv4-r53/tasks/347-power-reset-sequencer-system/evaluator/solution/ready_flag.va;benchmark/reference/v4/release/benchmarkv4-r53/tasks/347-power-reset-sequencer-system/evaluator/family_spec.json;benchmark/reference/v4/release/benchmarkv4-r53/tasks/347-power-reset-sequencer-system/evaluator/score_tb.scs	正式题面、独立 checker、边界激励和负例需重新建设并实际校准；旧源码或审核标签均不是验证通过证据	runs/v4-audit-20261010-r3/families/347/review.json;runs/v4-audit-20261010-r3/families/347/status.json;benchmark/reference/v4/release/benchmarkv4-r53/tasks/347-power-reset-sequencer-system/evaluator/family_spec.json	false	accepted_draft	f26366bc945efd68b585746fc418a807b48dac3cf345b3fc6ec14099281bdd1a
348	348-vga-gain-calibration-loop	校准与修调	校准与修调	support_component	not_selected	spec-modeling	peak_detector 和 lock_detector 读 vin 而非 vout；保留增益控制素材，优先有实际观测响应的校准方向，输出 AGC 闭环需重新连接。	benchmark/reference/v4/release/benchmarkv4-r53/tasks/348-vga-gain-calibration-loop/evaluator/solution/lock_detector.va;benchmark/reference/v4/release/benchmarkv4-r53/tasks/348-vga-gain-calibration-loop/evaluator/solution/vga_model.va;benchmark/reference/v4/release/benchmarkv4-r53/tasks/348-vga-gain-calibration-loop/evaluator/solution/vga_cal_loop_top.va;benchmark/reference/v4/release/benchmarkv4-r53/tasks/348-vga-gain-calibration-loop/evaluator/solution/peak_detector.va;benchmark/reference/v4/release/benchmarkv4-r53/tasks/348-vga-gain-calibration-loop/evaluator/solution/gain_controller.va;benchmark/reference/v4/release/benchmarkv4-r53/tasks/348-vga-gain-calibration-loop/evaluator/family_spec.json;benchmark/reference/v4/release/benchmarkv4-r53/tasks/348-vga-gain-calibration-loop/evaluator/score_tb.scs	正式题面、独立 checker、边界激励和负例需重新建设并实际校准；旧源码或审核标签均不是验证通过证据	runs/v4-audit-20261010-r3/families/348/review.json;runs/v4-audit-20261010-r3/families/348/status.json;benchmark/reference/v4/release/benchmarkv4-r53/tasks/348-vga-gain-calibration-loop/evaluator/family_spec.json;benchmark/reference/v4/release/benchmarkv4-r53/tasks/348-vga-gain-calibration-loop/evaluator/solution/lock_detector.va;benchmark/reference/v4/release/benchmarkv4-r53/tasks/348-vga-gain-calibration-loop/evaluator/solution/vga_model.va;benchmark/reference/v4/release/benchmarkv4-r53/tasks/348-vga-gain-calibration-loop/evaluator/solution/vga_cal_loop_top.va;benchmark/reference/v4/release/benchmarkv4-r53/tasks/348-vga-gain-calibration-loop/evaluator/solution/peak_detector.va;benchmark/reference/v4/release/benchmarkv4-r53/tasks/348-vga-gain-calibration-loop/evaluator/solution/gain_controller.va	true	accepted_draft	01f17be2985b0fa7c4fe428925365eaa942b7d104916df2e989280c57994f94d
349	349-multichannel-sample-readout	转换器与采样	多通道采样与顺序读出	reserve_candidate	not_selected	spec-modeling	四通道同步保持、读指针回绕和实际模拟输出组成独立读出前端；先以 307/308 作采样代表，本项保留通道序列和同时采读的不同工程需求。	benchmark/reference/v4/release/benchmarkv4-r53/tasks/349-multichannel-sample-readout/evaluator/solution/sample_hold_bank.va;benchmark/reference/v4/release/benchmarkv4-r53/tasks/349-multichannel-sample-readout/evaluator/solution/output_driver.va;benchmark/reference/v4/release/benchmarkv4-r53/tasks/349-multichannel-sample-readout/evaluator/solution/sample_mux_readout_top.va;benchmark/reference/v4/release/benchmarkv4-r53/tasks/349-multichannel-sample-readout/evaluator/solution/mux_controller.va;benchmark/reference/v4/release/benchmarkv4-r53/tasks/349-multichannel-sample-readout/evaluator/family_spec.json;benchmark/reference/v4/release/benchmarkv4-r53/tasks/349-multichannel-sample-readout/evaluator/score_tb.scs	正式题面、独立 checker、边界激励和负例需重新建设并实际校准；旧源码或审核标签均不是验证通过证据	runs/v4-audit-20261010-r3/families/349/review.json;runs/v4-audit-20261010-r3/families/349/status.json;benchmark/reference/v4/release/benchmarkv4-r53/tasks/349-multichannel-sample-readout/evaluator/family_spec.json;benchmark/reference/v4/release/benchmarkv4-r53/tasks/349-multichannel-sample-readout/evaluator/solution/sample_hold_bank.va;benchmark/reference/v4/release/benchmarkv4-r53/tasks/349-multichannel-sample-readout/evaluator/solution/output_driver.va;benchmark/reference/v4/release/benchmarkv4-r53/tasks/349-multichannel-sample-readout/evaluator/solution/sample_mux_readout_top.va;benchmark/reference/v4/release/benchmarkv4-r53/tasks/349-multichannel-sample-readout/evaluator/solution/mux_controller.va	true	accepted_draft	a08825cdcc20ca1ebafafb4db8f36877992a064e7dbc77cfa9a4143574445483
350	350-sigma-delta-mini-loop	转换器与采样	ΣΔ 积分反馈与抽取	priority_seed	engineering_prerequisites	spec-modeling;testing-characterization	积分状态、1bit 判决、反馈 DAC 与抽取有连接；补充反馈式转换的建模和集成方向。	benchmark/reference/v4/release/benchmarkv4-r53/tasks/350-sigma-delta-mini-loop/evaluator/solution/integrator_state.va;benchmark/reference/v4/release/benchmarkv4-r53/tasks/350-sigma-delta-mini-loop/evaluator/solution/sigma_delta_top.va;benchmark/reference/v4/release/benchmarkv4-r53/tasks/350-sigma-delta-mini-loop/evaluator/solution/sd_comparator.va;benchmark/reference/v4/release/benchmarkv4-r53/tasks/350-sigma-delta-mini-loop/evaluator/solution/decimator_lite.va;benchmark/reference/v4/release/benchmarkv4-r53/tasks/350-sigma-delta-mini-loop/evaluator/solution/feedback_dac.va;benchmark/reference/v4/release/benchmarkv4-r53/tasks/350-sigma-delta-mini-loop/evaluator/family_spec.json;benchmark/reference/v4/release/benchmarkv4-r53/tasks/350-sigma-delta-mini-loop/evaluator/score_tb.scs	重新推导共模与状态更新归一化、抽取窗口和边界时序；不能从旧宏直接宣称 SNDR 或噪声整形指标成立;正式题面、独立 checker、边界激励和负例需重新建设并实际校准；旧源码或审核标签均不是验证通过证据	runs/v4-audit-20261010-r3/families/350/review.json;runs/v4-audit-20261010-r3/families/350/status.json;benchmark/reference/v4/release/benchmarkv4-r53/tasks/350-sigma-delta-mini-loop/evaluator/family_spec.json;benchmark/reference/v4/release/benchmarkv4-r53/tasks/350-sigma-delta-mini-loop/evaluator/solution/integrator_state.va;benchmark/reference/v4/release/benchmarkv4-r53/tasks/350-sigma-delta-mini-loop/evaluator/solution/sigma_delta_top.va;benchmark/reference/v4/release/benchmarkv4-r53/tasks/350-sigma-delta-mini-loop/evaluator/solution/sd_comparator.va;benchmark/reference/v4/release/benchmarkv4-r53/tasks/350-sigma-delta-mini-loop/evaluator/solution/decimator_lite.va;benchmark/reference/v4/release/benchmarkv4-r53/tasks/350-sigma-delta-mini-loop/evaluator/solution/feedback_dac.va	true	accepted_draft	281f1fbaabae5ded3ed7a13b91691bc314e0f49ecb8e9926c1a5e1a1b32decd8
351	351-pll-timing-monitor-system	时钟与PLL	时钟、分频与时序	reserve_candidate	not_selected	spec-modeling	报告所述功能为开环两时钟相位监测器，而非 PLL 环。先以 249/362 和已有 BBPD/PFD 组覆盖状态与实际时钟测量；本项保留不同检测或延迟结构的备选。	benchmark/reference/v4/release/benchmarkv4-r53/tasks/351-pll-timing-monitor-system/evaluator/solution/lock_detector.va;benchmark/reference/v4/release/benchmarkv4-r53/tasks/351-pll-timing-monitor-system/evaluator/solution/reacquire_timer.va;benchmark/reference/v4/release/benchmarkv4-r53/tasks/351-pll-timing-monitor-system/evaluator/solution/divider.va;benchmark/reference/v4/release/benchmarkv4-r53/tasks/351-pll-timing-monitor-system/evaluator/solution/phase_detector.va;benchmark/reference/v4/release/benchmarkv4-r53/tasks/351-pll-timing-monitor-system/evaluator/solution/pll_timing_monitor_top.va;benchmark/reference/v4/release/benchmarkv4-r53/tasks/351-pll-timing-monitor-system/evaluator/family_spec.json;benchmark/reference/v4/release/benchmarkv4-r53/tasks/351-pll-timing-monitor-system/evaluator/score_tb.scs	正式题面、独立 checker、边界激励和负例需重新建设并实际校准；旧源码或审核标签均不是验证通过证据	runs/v4-audit-20261010-r3/families/351/review.json;runs/v4-audit-20261010-r3/families/351/status.json;benchmark/reference/v4/release/benchmarkv4-r53/tasks/351-pll-timing-monitor-system/evaluator/family_spec.json	false	accepted_draft	ad832fd7e6c7501f3f89a96e8c42da0067a6b287eaf4ee9e16761ba363d4e948
352	352-ctle-equalizer-macro	SerDes数据通路与均衡	连续时间 CTLE	rebuild_topic	not_selected	spec-modeling	vout 在 clk 沿用 vin[n]-vin[n-1] 加重，实际是离散差分均衡；可改名保留该功能，CTLE 身份需重建。	benchmark/reference/v4/release/benchmarkv4-r53/tasks/352-ctle-equalizer-macro/evaluator/solution/ctle_equalizer.va;benchmark/reference/v4/release/benchmarkv4-r53/tasks/352-ctle-equalizer-macro/evaluator/family_spec.json;benchmark/reference/v4/release/benchmarkv4-r53/tasks/352-ctle-equalizer-macro/evaluator/score_tb.scs	按采样加重合同保留源码，或重建具有公开极零和频率响应的连续时间模型;正式题面、独立 checker、边界激励和负例需重新建设并实际校准；旧源码或审核标签均不是验证通过证据	runs/v4-audit-20261010-r3/families/352/review.json;runs/v4-audit-20261010-r3/families/352/status.json;benchmark/reference/v4/release/benchmarkv4-r53/tasks/352-ctle-equalizer-macro/evaluator/family_spec.json;benchmark/reference/v4/release/benchmarkv4-r53/tasks/352-ctle-equalizer-macro/evaluator/solution/ctle_equalizer.va	true	accepted_draft	5828feb358870d9fb5daddb8f928952b9a27590e7554273e14ecf5fa2672096c
353	353-ffe-transmitter-3tap	SerDes数据通路与均衡	三抽头发送 FFE	priority_seed	first	spec-modeling;testing-characterization	NRZ 历史移位和系数共同形成输出；能考抽头贡献、符号索引及扩展集成。	benchmark/reference/v4/release/benchmarkv4-r53/tasks/353-ffe-transmitter-3tap/evaluator/solution/ffe_tx_3tap.va;benchmark/reference/v4/release/benchmarkv4-r53/tasks/353-ffe-transmitter-3tap/evaluator/family_spec.json;benchmark/reference/v4/release/benchmarkv4-r53/tasks/353-ffe-transmitter-3tap/evaluator/score_tb.scs	公开因果时延和 pre/post 命名含义；均衡效果与眼图需补信道及实际观测;正式题面、独立 checker、边界激励和负例需重新建设并实际校准；旧源码或审核标签均不是验证通过证据	runs/v4-audit-20261010-r3/families/353/review.json;runs/v4-audit-20261010-r3/families/353/status.json;benchmark/reference/v4/release/benchmarkv4-r53/tasks/353-ffe-transmitter-3tap/evaluator/family_spec.json;benchmark/reference/v4/release/benchmarkv4-r53/tasks/353-ffe-transmitter-3tap/evaluator/solution/ffe_tx_3tap.va	true	accepted_draft	4bc5003a7569aaa400ce60e9a31da88f2533c5fe805de4dc053cb7c599b18ad1
354	354-dfe-receiver-2tap	SerDes数据通路与均衡	固定抽头 DFE 接收反馈	priority_seed	engineering_prerequisites	spec-modeling;testing-characterization	root完整静态核对四模块：校正输入→时钟判决→两级历史→抽头反馈→减法路径成立；先取固定抽头DFE接收工程代表，331训练代理仍保留独立素材，不以代理误差当BER。	benchmark/reference/v4/release/benchmarkv4-r53/tasks/354-dfe-receiver-2tap/evaluator/solution/dfe_rx_top.va;benchmark/reference/v4/release/benchmarkv4-r53/tasks/354-dfe-receiver-2tap/evaluator/solution/feedback_filter.va;benchmark/reference/v4/release/benchmarkv4-r53/tasks/354-dfe-receiver-2tap/evaluator/solution/slicer.va;benchmark/reference/v4/release/benchmarkv4-r53/tasks/354-dfe-receiver-2tap/evaluator/solution/decision_latch.va;benchmark/reference/v4/release/benchmarkv4-r53/tasks/354-dfe-receiver-2tap/evaluator/family_spec.json;benchmark/reference/v4/release/benchmarkv4-r53/tasks/354-dfe-receiver-2tap/evaluator/score_tb.scs	先校准采样拍次、复位和反馈传播，建立健康固定抽头基线；引入公开固定信道/ISI及训练或测试序列后再定义均衡效果;独立checker须检查实际输出、历史与反馈作用；眼图/BER性能需固定信道条件和独立观测，不能只读error/debug或报告标签;公开首拍与历史有效性：初态/复位将历史bit清0，filter把0解释为-1且无rst，因此非零tap时初始反馈并非0；可规定该初态，但不能默认空历史等于零反馈	runs/v4-audit-20261010-r3/families/354/review.json;runs/v4-audit-20261010-r3/families/354/status.json;benchmark/reference/v4/release/benchmarkv4-r53/tasks/354-dfe-receiver-2tap/evaluator/family_spec.json;benchmark/reference/v4/release/benchmarkv4-r53/tasks/354-dfe-receiver-2tap/evaluator/solution/dfe_rx_top.va;benchmark/reference/v4/release/benchmarkv4-r53/tasks/354-dfe-receiver-2tap/evaluator/solution/feedback_filter.va;benchmark/reference/v4/release/benchmarkv4-r53/tasks/354-dfe-receiver-2tap/evaluator/solution/slicer.va;benchmark/reference/v4/release/benchmarkv4-r53/tasks/354-dfe-receiver-2tap/evaluator/solution/decision_latch.va	true	accepted_draft	0eef7722a8f6960a3c08abdf47c5193efaaafa1a5528bd4b5cadecf58238663d
355	355-pam4-tx-driver	SerDes数据通路与均衡	PAM4 映射与发送输出	priority_seed	engineering_prerequisites	spec-modeling;testing-characterization	Gray 映射、电平码转换和相邻码差预加重组成可观察发送通路；补充四电平链路功能。	benchmark/reference/v4/release/benchmarkv4-r53/tasks/355-pam4-tx-driver/evaluator/solution/pam4_tx_top.va;benchmark/reference/v4/release/benchmarkv4-r53/tasks/355-pam4-tx-driver/evaluator/solution/gray_mapper.va;benchmark/reference/v4/release/benchmarkv4-r53/tasks/355-pam4-tx-driver/evaluator/solution/preemphasis_driver.va;benchmark/reference/v4/release/benchmarkv4-r53/tasks/355-pam4-tx-driver/evaluator/solution/level_dac.va;benchmark/reference/v4/release/benchmarkv4-r53/tasks/355-pam4-tx-driver/evaluator/family_spec.json;benchmark/reference/v4/release/benchmarkv4-r53/tasks/355-pam4-tx-driver/evaluator/score_tb.scs	校准映射到采样输出的传播时序与边界；性能题需补信道，不用 debug 端口替代实际输出;正式题面、独立 checker、边界激励和负例需重新建设并实际校准；旧源码或审核标签均不是验证通过证据	runs/v4-audit-20261010-r3/families/355/review.json;runs/v4-audit-20261010-r3/families/355/status.json;benchmark/reference/v4/release/benchmarkv4-r53/tasks/355-pam4-tx-driver/evaluator/family_spec.json;benchmark/reference/v4/release/benchmarkv4-r53/tasks/355-pam4-tx-driver/evaluator/solution/pam4_tx_top.va;benchmark/reference/v4/release/benchmarkv4-r53/tasks/355-pam4-tx-driver/evaluator/solution/gray_mapper.va;benchmark/reference/v4/release/benchmarkv4-r53/tasks/355-pam4-tx-driver/evaluator/solution/preemphasis_driver.va;benchmark/reference/v4/release/benchmarkv4-r53/tasks/355-pam4-tx-driver/evaluator/solution/level_dac.va	true	accepted_draft	c7ebc9fd6664e4cd8b26ebc945cb2f09feb91833768fa78d6ef28980888f3cbf
356	356-sst-driver-impedance-macro	SerDes数据通路与均衡	发射驱动阻抗	rebuild_topic	not_selected	spec-modeling	z 码只改变理想电压源摆幅，z_metric 为码归一化；优先 355 电平输出，阻抗性能题需负载路径。	benchmark/reference/v4/release/benchmarkv4-r53/tasks/356-sst-driver-impedance-macro/evaluator/solution/sst_driver_macro.va;benchmark/reference/v4/release/benchmarkv4-r53/tasks/356-sst-driver-impedance-macro/evaluator/family_spec.json;benchmark/reference/v4/release/benchmarkv4-r53/tasks/356-sst-driver-impedance-macro/evaluator/score_tb.scs	保留时钟锁存与摆幅修调；新增输出阻抗和多负载测试;正式题面、独立 checker、边界激励和负例需重新建设并实际校准；旧源码或审核标签均不是验证通过证据	runs/v4-audit-20261010-r3/families/356/review.json;runs/v4-audit-20261010-r3/families/356/status.json;benchmark/reference/v4/release/benchmarkv4-r53/tasks/356-sst-driver-impedance-macro/evaluator/family_spec.json;benchmark/reference/v4/release/benchmarkv4-r53/tasks/356-sst-driver-impedance-macro/evaluator/solution/sst_driver_macro.va	true	accepted_draft	0d949a05fecbf4ab576daa4c2b3e29a463cbfbe00332fa7e545097af4c3f80ac
357	357-bangbang-cdr-loop	时钟与PLL	Bang-bang延迟型 CDR	reserve_candidate	not_selected	spec-modeling;testing-characterization	报告描述鉴相误差、码滤波和参考沿延迟恢复时钟的闭环；先取既有BBPD/PLL方向，本项保留接收时钟跟踪的系统细分覆盖，锁定和抖动动态待实测。	benchmark/reference/v4/release/benchmarkv4-r53/tasks/357-bangbang-cdr-loop/evaluator/solution/bbpd.va;benchmark/reference/v4/release/benchmarkv4-r53/tasks/357-bangbang-cdr-loop/evaluator/solution/loop_filter_code.va;benchmark/reference/v4/release/benchmarkv4-r53/tasks/357-bangbang-cdr-loop/evaluator/solution/cdr_top.va;benchmark/reference/v4/release/benchmarkv4-r53/tasks/357-bangbang-cdr-loop/evaluator/solution/phase_rotator.va;benchmark/reference/v4/release/benchmarkv4-r53/tasks/357-bangbang-cdr-loop/evaluator/family_spec.json;benchmark/reference/v4/release/benchmarkv4-r53/tasks/357-bangbang-cdr-loop/evaluator/score_tb.scs	明确数据沿配对、重合死区、码饱和与挂起沿；这是参考时钟延迟调节，不自动称自由频率恢复;正式题面、独立 checker、边界激励和负例需重新建设并实际校准；旧源码或审核标签均不是验证通过证据	runs/v4-audit-20261010-r3/families/357/review.json;runs/v4-audit-20261010-r3/families/357/status.json;benchmark/reference/v4/release/benchmarkv4-r53/tasks/357-bangbang-cdr-loop/evaluator/family_spec.json	false	accepted_draft	13c8c4c68368c473cf5bd90683de9b2319d44a1390c81cc007458577f5e02244
358	358-quadrature-phase-interpolator	时钟与PLL	正交相位插值	rebuild_topic	not_selected	spec-modeling	象限 0/2 都取 clk_i，1/3 都取 clk_q，未反相，四象限功能不完整；transition 仍施加码控细延迟，250ps 轮询只构成输入边沿采样误差与待验边界，不能据此断言细延迟不存在。	benchmark/reference/v4/release/benchmarkv4-r53/tasks/358-quadrature-phase-interpolator/evaluator/solution/quadrature_phase_interpolator.va;benchmark/reference/v4/release/benchmarkv4-r53/tasks/358-quadrature-phase-interpolator/evaluator/family_spec.json;benchmark/reference/v4/release/benchmarkv4-r53/tasks/358-quadrature-phase-interpolator/evaluator/score_tb.scs	保留码控 transition 延迟与译码；补四象限极性，明确输入边沿轮询误差和延迟更新时序并实际测量;正式题面、独立 checker、边界激励和负例需重新建设并实际校准；旧源码或审核标签均不是验证通过证据	runs/v4-audit-20261010-r3/families/358/review.json;runs/v4-audit-20261010-r3/families/358/status.json;benchmark/reference/v4/release/benchmarkv4-r53/tasks/358-quadrature-phase-interpolator/evaluator/family_spec.json;benchmark/reference/v4/release/benchmarkv4-r53/tasks/358-quadrature-phase-interpolator/evaluator/solution/quadrature_phase_interpolator.va	true	accepted_draft	b0b1644caf29527632150c6daf4f0a5ba277fa0be76431e6835b436ef8597c1a
359	359-duty-cycle-corrector	时钟与PLL	时钟、分频与时序	reserve_candidate	not_selected	testing-characterization	报告所述功能为占空比校正链。先以 249/362 和已有 BBPD/PFD 组覆盖状态与实际时钟测量；本项保留不同检测或延迟结构的备选。	benchmark/reference/v4/release/benchmarkv4-r53/tasks/359-duty-cycle-corrector/evaluator/solution/duty_meter.va;benchmark/reference/v4/release/benchmarkv4-r53/tasks/359-duty-cycle-corrector/evaluator/solution/trim_controller.va;benchmark/reference/v4/release/benchmarkv4-r53/tasks/359-duty-cycle-corrector/evaluator/solution/dcc_top.va;benchmark/reference/v4/release/benchmarkv4-r53/tasks/359-duty-cycle-corrector/evaluator/solution/delay_pair.va;benchmark/reference/v4/release/benchmarkv4-r53/tasks/359-duty-cycle-corrector/evaluator/family_spec.json;benchmark/reference/v4/release/benchmarkv4-r53/tasks/359-duty-cycle-corrector/evaluator/score_tb.scs	正式题面、独立 checker、边界激励和负例需重新建设并实际校准；旧源码或审核标签均不是验证通过证据	runs/v4-audit-20261010-r3/families/359/review.json;runs/v4-audit-20261010-r3/families/359/status.json;benchmark/reference/v4/release/benchmarkv4-r53/tasks/359-duty-cycle-corrector/evaluator/family_spec.json	false	accepted_draft	38a3efcac54a7781bd368e9add17ec67f824e83519605417f948fdf26ae5f19e
360	360-digitally-controlled-delay-cell	时钟与PLL	时钟、分频与时序	reserve_candidate	not_selected	spec-modeling	报告所述功能为6位数控延迟单元行为模型。先以 249/362 和已有 BBPD/PFD 组覆盖状态与实际时钟测量；本项保留不同检测或延迟结构的备选。	benchmark/reference/v4/release/benchmarkv4-r53/tasks/360-digitally-controlled-delay-cell/evaluator/solution/digitally_controlled_delay_cell.va;benchmark/reference/v4/release/benchmarkv4-r53/tasks/360-digitally-controlled-delay-cell/evaluator/family_spec.json;benchmark/reference/v4/release/benchmarkv4-r53/tasks/360-digitally-controlled-delay-cell/evaluator/score_tb.scs	正式题面、独立 checker、边界激励和负例需重新建设并实际校准；旧源码或审核标签均不是验证通过证据	runs/v4-audit-20261010-r3/families/360/review.json;runs/v4-audit-20261010-r3/families/360/status.json;benchmark/reference/v4/release/benchmarkv4-r53/tasks/360-digitally-controlled-delay-cell/evaluator/family_spec.json	false	accepted_draft	93d6c8ffe096772641e82fedd3c95eb4ca7ff17291863b5ba608cc40677b371c
361	361-dll-delay-line-lock	时钟与PLL	时钟、分频与时序	reserve_candidate	not_selected	spec-modeling	报告所述功能为5位数字控制延迟锁相环行为宏模型。先以 249/362 和已有 BBPD/PFD 组覆盖状态与实际时钟测量；本项保留不同检测或延迟结构的备选。	benchmark/reference/v4/release/benchmarkv4-r53/tasks/361-dll-delay-line-lock/evaluator/solution/lock_detector.va;benchmark/reference/v4/release/benchmarkv4-r53/tasks/361-dll-delay-line-lock/evaluator/solution/delay_line.va;benchmark/reference/v4/release/benchmarkv4-r53/tasks/361-dll-delay-line-lock/evaluator/solution/dll_top.va;benchmark/reference/v4/release/benchmarkv4-r53/tasks/361-dll-delay-line-lock/evaluator/solution/phase_detector.va;benchmark/reference/v4/release/benchmarkv4-r53/tasks/361-dll-delay-line-lock/evaluator/family_spec.json;benchmark/reference/v4/release/benchmarkv4-r53/tasks/361-dll-delay-line-lock/evaluator/score_tb.scs	正式题面、独立 checker、边界激励和负例需重新建设并实际校准；旧源码或审核标签均不是验证通过证据	runs/v4-audit-20261010-r3/families/361/review.json;runs/v4-audit-20261010-r3/families/361/status.json;benchmark/reference/v4/release/benchmarkv4-r53/tasks/361-dll-delay-line-lock/evaluator/family_spec.json	false	accepted_draft	8b177199305ae71de4ff63ef601c7b38a8c9b1bfdf7bdfe5ca22e6b426e578b8
362	362-frequency-word-dco-divider-monitor	时钟与PLL	频率字 DCO 与分频测量	priority_seed	first	spec-modeling;testing-characterization	码频映射、半周期调度和分频输出可直接观察；延续振荡分频与 VA 在线时钟测量方向。	benchmark/reference/v4/release/benchmarkv4-r53/tasks/362-frequency-word-dco-divider-monitor/evaluator/solution/frequency_word_dco.va;benchmark/reference/v4/release/benchmarkv4-r53/tasks/362-frequency-word-dco-divider-monitor/evaluator/family_spec.json;benchmark/reference/v4/release/benchmarkv4-r53/tasks/362-frequency-word-dco-divider-monitor/evaluator/score_tb.scs	分频翻转对应实际频率比、换码生效沿和暂停重启需明示；指标必须由实际边沿测量;正式题面、独立 checker、边界激励和负例需重新建设并实际校准；旧源码或审核标签均不是验证通过证据	runs/v4-audit-20261010-r3/families/362/review.json;runs/v4-audit-20261010-r3/families/362/status.json;benchmark/reference/v4/release/benchmarkv4-r53/tasks/362-frequency-word-dco-divider-monitor/evaluator/family_spec.json;benchmark/reference/v4/release/benchmarkv4-r53/tasks/362-frequency-word-dco-divider-monitor/evaluator/solution/frequency_word_dco.va	true	accepted_draft	47db6ffdb1cd723cd605d0741b4bbdc02f773e756668d7ad84c8d753e2347328
363	363-fractional-n-synthesizer-mini-loop	时钟与PLL	时钟、分频与时序	reserve_candidate	not_selected	spec-modeling	报告所述功能为资产支持的是一个分数-N 分频内核，而非完整合成器环。先以 249/362 和已有 BBPD/PFD 组覆盖状态与实际时钟测量；本项保留不同检测或延迟结构的备选。	benchmark/reference/v4/release/benchmarkv4-r53/tasks/363-fractional-n-synthesizer-mini-loop/evaluator/solution/ratio_monitor.va;benchmark/reference/v4/release/benchmarkv4-r53/tasks/363-fractional-n-synthesizer-mini-loop/evaluator/solution/accumulator.va;benchmark/reference/v4/release/benchmarkv4-r53/tasks/363-fractional-n-synthesizer-mini-loop/evaluator/solution/multi_modulus_divider.va;benchmark/reference/v4/release/benchmarkv4-r53/tasks/363-fractional-n-synthesizer-mini-loop/evaluator/solution/fracn_synth_top.va;benchmark/reference/v4/release/benchmarkv4-r53/tasks/363-fractional-n-synthesizer-mini-loop/evaluator/family_spec.json;benchmark/reference/v4/release/benchmarkv4-r53/tasks/363-fractional-n-synthesizer-mini-loop/evaluator/score_tb.scs	正式题面、独立 checker、边界激励和负例需重新建设并实际校准；旧源码或审核标签均不是验证通过证据	runs/v4-audit-20261010-r3/families/363/review.json;runs/v4-audit-20261010-r3/families/363/status.json;benchmark/reference/v4/release/benchmarkv4-r53/tasks/363-fractional-n-synthesizer-mini-loop/evaluator/family_spec.json	false	accepted_draft	9040adf59916f21e19a5d5497a7dc0e65e1f11c10f926938cf47763857206ad6
364	364-iq-upconversion-mixer-chain	RF与I/Q	I/Q 上变频与 LO 极性	priority_seed	engineering_prerequisites	spec-modeling;testing-characterization	I/Q 偏差分别乘 LO 符号后合成 RF 输出；保留实际变频信号路径而非只取遥测公式。	benchmark/reference/v4/release/benchmarkv4-r53/tasks/364-iq-upconversion-mixer-chain/evaluator/solution/iq_upconversion_mixer.va;benchmark/reference/v4/release/benchmarkv4-r53/tasks/364-iq-upconversion-mixer-chain/evaluator/family_spec.json;benchmark/reference/v4/release/benchmarkv4-r53/tasks/364-iq-upconversion-mixer-chain/evaluator/score_tb.scs	用正交 LO 和可分析基带重新设计频率转换测量；镜像抑制、噪声和线性度需要新增依据;正式题面、独立 checker、边界激励和负例需重新建设并实际校准；旧源码或审核标签均不是验证通过证据	runs/v4-audit-20261010-r3/families/364/review.json;runs/v4-audit-20261010-r3/families/364/status.json;benchmark/reference/v4/release/benchmarkv4-r53/tasks/364-iq-upconversion-mixer-chain/evaluator/family_spec.json;benchmark/reference/v4/release/benchmarkv4-r53/tasks/364-iq-upconversion-mixer-chain/evaluator/solution/iq_upconversion_mixer.va	true	accepted_draft	18949e096962e38325256641d1a0288c4aebbd6dac6bfa929f2194ff79ab5381
365	365-quadrature-correction-loop	RF与I/Q	I/Q 修调与残差估计	reserve_candidate	not_selected	spec-modeling	增益残差 |I|-|Q|-G 仅在特定符号区间等价于输出幅差；相位残差 IQ-P 一般不等于校正输出乘积，先取 364 混频，本项保留修调结构但需重建实际增益/相位目标。	benchmark/reference/v4/release/benchmarkv4-r53/tasks/365-quadrature-correction-loop/evaluator/solution/quad_corr_top.va;benchmark/reference/v4/release/benchmarkv4-r53/tasks/365-quadrature-correction-loop/evaluator/solution/corrector.va;benchmark/reference/v4/release/benchmarkv4-r53/tasks/365-quadrature-correction-loop/evaluator/solution/skew_estimator.va;benchmark/reference/v4/release/benchmarkv4-r53/tasks/365-quadrature-correction-loop/evaluator/solution/gain_trim.va;benchmark/reference/v4/release/benchmarkv4-r53/tasks/365-quadrature-correction-loop/evaluator/family_spec.json;benchmark/reference/v4/release/benchmarkv4-r53/tasks/365-quadrature-correction-loop/evaluator/score_tb.scs	明确输出幅度平衡与正交目标，重新推导与 corrector 等价的残差；gain 校正含符号分支，phase 校正实际为 Q-P*I/vcm，不能采用 IQ-P 直接证明正交;正式题面、独立 checker、边界激励和负例需重新建设并实际校准；旧源码或审核标签均不是验证通过证据	runs/v4-audit-20261010-r3/families/365/review.json;runs/v4-audit-20261010-r3/families/365/status.json;benchmark/reference/v4/release/benchmarkv4-r53/tasks/365-quadrature-correction-loop/evaluator/family_spec.json;benchmark/reference/v4/release/benchmarkv4-r53/tasks/365-quadrature-correction-loop/evaluator/solution/quad_corr_top.va;benchmark/reference/v4/release/benchmarkv4-r53/tasks/365-quadrature-correction-loop/evaluator/solution/corrector.va;benchmark/reference/v4/release/benchmarkv4-r53/tasks/365-quadrature-correction-loop/evaluator/solution/skew_estimator.va;benchmark/reference/v4/release/benchmarkv4-r53/tasks/365-quadrature-correction-loop/evaluator/solution/gain_trim.va	true	accepted_draft	12771bc05e8db375fb2fe8b5a57541053eb9945cf46da0bfbc563be83486a867
366	366-polyphase-quadrature-filter-macro	RF与I/Q	多相正交滤波	rebuild_topic	not_selected	spec-modeling	I 为一阶低通，Q 追随旧 I；phase_metric 只是 I>=Q 二值编码，不能支持固定正交滤波身份。	benchmark/reference/v4/release/benchmarkv4-r53/tasks/366-polyphase-quadrature-filter-macro/evaluator/solution/polyphase_quadrature_filter.va;benchmark/reference/v4/release/benchmarkv4-r53/tasks/366-polyphase-quadrature-filter-macro/evaluator/family_spec.json;benchmark/reference/v4/release/benchmarkv4-r53/tasks/366-polyphase-quadrature-filter-macro/evaluator/score_tb.scs	可保留级联离散 IIR；正交滤波需重新推导传函和相位测量;正式题面、独立 checker、边界激励和负例需重新建设并实际校准；旧源码或审核标签均不是验证通过证据	runs/v4-audit-20261010-r3/families/366/review.json;runs/v4-audit-20261010-r3/families/366/status.json;benchmark/reference/v4/release/benchmarkv4-r53/tasks/366-polyphase-quadrature-filter-macro/evaluator/family_spec.json;benchmark/reference/v4/release/benchmarkv4-r53/tasks/366-polyphase-quadrature-filter-macro/evaluator/solution/polyphase_quadrature_filter.va	true	accepted_draft	f3eb1544efe114768079a6c03698363c5c6ff16c8cd5bb6f38197ebd26355a2e
367	367-baseband-agc-filter-chain	放大、滤波与基带调理	信号调理与在线测量	support_component	not_selected	spec-modeling	level_meter 读 vin 而非 VGA 输出，改增益不会改变测得 level；先取精密前端与真实反馈校准，保留 VGA/滤波链作工程素材。	benchmark/reference/v4/release/benchmarkv4-r53/tasks/367-baseband-agc-filter-chain/evaluator/solution/vga_stage.va;benchmark/reference/v4/release/benchmarkv4-r53/tasks/367-baseband-agc-filter-chain/evaluator/solution/level_meter.va;benchmark/reference/v4/release/benchmarkv4-r53/tasks/367-baseband-agc-filter-chain/evaluator/solution/filter_stage.va;benchmark/reference/v4/release/benchmarkv4-r53/tasks/367-baseband-agc-filter-chain/evaluator/solution/agc_chain_top.va;benchmark/reference/v4/release/benchmarkv4-r53/tasks/367-baseband-agc-filter-chain/evaluator/solution/gain_controller.va;benchmark/reference/v4/release/benchmarkv4-r53/tasks/367-baseband-agc-filter-chain/evaluator/family_spec.json;benchmark/reference/v4/release/benchmarkv4-r53/tasks/367-baseband-agc-filter-chain/evaluator/score_tb.scs	正式题面、独立 checker、边界激励和负例需重新建设并实际校准；旧源码或审核标签均不是验证通过证据	runs/v4-audit-20261010-r3/families/367/review.json;runs/v4-audit-20261010-r3/families/367/status.json;benchmark/reference/v4/release/benchmarkv4-r53/tasks/367-baseband-agc-filter-chain/evaluator/family_spec.json;benchmark/reference/v4/release/benchmarkv4-r53/tasks/367-baseband-agc-filter-chain/evaluator/solution/vga_stage.va;benchmark/reference/v4/release/benchmarkv4-r53/tasks/367-baseband-agc-filter-chain/evaluator/solution/level_meter.va;benchmark/reference/v4/release/benchmarkv4-r53/tasks/367-baseband-agc-filter-chain/evaluator/solution/filter_stage.va;benchmark/reference/v4/release/benchmarkv4-r53/tasks/367-baseband-agc-filter-chain/evaluator/solution/agc_chain_top.va;benchmark/reference/v4/release/benchmarkv4-r53/tasks/367-baseband-agc-filter-chain/evaluator/solution/gain_controller.va	true	accepted_draft	08b9d59fa04153d430a671f09ccb27bdc09a949dd3ffba0cdb60ecda6cf730db
368	368-tia-limiting-receiver-macro	RF与I/Q	限幅接收与判决资格	reserve_candidate	not_selected	spec-modeling	输入偏差经增益及限幅实际驱动输出，时钟判决与两次幅值资格形成独立接收功能；先选 355 四电平通路，本项保留二电平限幅接收备选。	benchmark/reference/v4/release/benchmarkv4-r53/tasks/368-tia-limiting-receiver-macro/evaluator/solution/tia_limiting_receiver.va;benchmark/reference/v4/release/benchmarkv4-r53/tasks/368-tia-limiting-receiver-macro/evaluator/family_spec.json;benchmark/reference/v4/release/benchmarkv4-r53/tasks/368-tia-limiting-receiver-macro/evaluator/score_tb.scs	正式题面、独立 checker、边界激励和负例需重新建设并实际校准；旧源码或审核标签均不是验证通过证据	runs/v4-audit-20261010-r3/families/368/review.json;runs/v4-audit-20261010-r3/families/368/status.json;benchmark/reference/v4/release/benchmarkv4-r53/tasks/368-tia-limiting-receiver-macro/evaluator/family_spec.json;benchmark/reference/v4/release/benchmarkv4-r53/tasks/368-tia-limiting-receiver-macro/evaluator/solution/tia_limiting_receiver.va	true	accepted_draft	4daaac682beb8a39b2c5708598a579dc5565b88e8de72aec4658df2b23773d43
369	369-offset-cancellation-servo	校准与修调	失调残差修调伺服	reserve_candidate	not_selected	spec-modeling;testing-characterization	sampled_error-trim_state*lsb 与修正输出在稳态/理想采样下等价，存在残差反馈；先选既有判决搜索代表，本项保留电压残差伺服备选，采样/码输出延迟未被等价模型完整覆盖。	benchmark/reference/v4/release/benchmarkv4-r53/tasks/369-offset-cancellation-servo/evaluator/solution/error_integrator.va;benchmark/reference/v4/release/benchmarkv4-r53/tasks/369-offset-cancellation-servo/evaluator/solution/offset_sampler.va;benchmark/reference/v4/release/benchmarkv4-r53/tasks/369-offset-cancellation-servo/evaluator/solution/trim_dac.va;benchmark/reference/v4/release/benchmarkv4-r53/tasks/369-offset-cancellation-servo/evaluator/solution/offset_servo_top.va;benchmark/reference/v4/release/benchmarkv4-r53/tasks/369-offset-cancellation-servo/evaluator/family_spec.json;benchmark/reference/v4/release/benchmarkv4-r53/tasks/369-offset-cancellation-servo/evaluator/score_tb.scs	复核 sampled_error 与已输出修调码的拍次和 transition 延迟，避免用稳态等价替代瞬态闭环验收;正式题面、独立 checker、边界激励和负例需重新建设并实际校准；旧源码或审核标签均不是验证通过证据	runs/v4-audit-20261010-r3/families/369/review.json;runs/v4-audit-20261010-r3/families/369/status.json;benchmark/reference/v4/release/benchmarkv4-r53/tasks/369-offset-cancellation-servo/evaluator/family_spec.json;benchmark/reference/v4/release/benchmarkv4-r53/tasks/369-offset-cancellation-servo/evaluator/solution/error_integrator.va;benchmark/reference/v4/release/benchmarkv4-r53/tasks/369-offset-cancellation-servo/evaluator/solution/offset_sampler.va;benchmark/reference/v4/release/benchmarkv4-r53/tasks/369-offset-cancellation-servo/evaluator/solution/trim_dac.va;benchmark/reference/v4/release/benchmarkv4-r53/tasks/369-offset-cancellation-servo/evaluator/solution/offset_servo_top.va	true	accepted_draft	da5f256d829c6888cf6515098ebbf1ddda33332dca0e83a9944f038f71f658cb
370	370-opamp-feedback-settling-monitor	放大、滤波与基带调理	采样增益级与建立监测	reserve_candidate	not_selected	spec-modeling;testing-characterization	输出按上一拍状态向码控增益目标递推，连续残差合格后置settled，支持真实离散状态与建立监测；先选已有运放表征和CDS，本项保留时钟型PGA建立的不同细分功能，不外推连续运放性能。	benchmark/reference/v4/release/benchmarkv4-r53/tasks/370-opamp-feedback-settling-monitor/evaluator/solution/opamp_feedback_settling.va;benchmark/reference/v4/release/benchmarkv4-r53/tasks/370-opamp-feedback-settling-monitor/evaluator/family_spec.json;benchmark/reference/v4/release/benchmarkv4-r53/tasks/370-opamp-feedback-settling-monitor/evaluator/score_tb.scs	明确时钟采样、目标变更与建立计数窗口，观测实际输出残差；若改连续运放题须另建带宽/补偿等行为依据;正式题面、独立 checker、边界激励和负例需重新建设并实际校准；旧源码或审核标签均不是验证通过证据	runs/v4-audit-20261010-r3/families/370/review.json;runs/v4-audit-20261010-r3/families/370/status.json;benchmark/reference/v4/release/benchmarkv4-r53/tasks/370-opamp-feedback-settling-monitor/evaluator/family_spec.json	false	accepted_draft	ad3a88d6469dc661f65467ee7a79bc1694aa5cf9395d15bce35dff7c054432c5
371	371-bandgap-startup-trim-system	电源、基准与保护	电源控制与保护	reserve_candidate	not_selected	spec-modeling	报告所述功能为电压域行为级“带隙基准+启动判定+数字修调”系统。先以 272/372 和既有电源资格组覆盖释放与控制；本项保留不同保护或基准行为备选。	benchmark/reference/v4/release/benchmarkv4-r53/tasks/371-bandgap-startup-trim-system/evaluator/solution/startup_detector.va;benchmark/reference/v4/release/benchmarkv4-r53/tasks/371-bandgap-startup-trim-system/evaluator/solution/trim_controller.va;benchmark/reference/v4/release/benchmarkv4-r53/tasks/371-bandgap-startup-trim-system/evaluator/solution/bandgap_trim_top.va;benchmark/reference/v4/release/benchmarkv4-r53/tasks/371-bandgap-startup-trim-system/evaluator/solution/ptat_ctat_core.va;benchmark/reference/v4/release/benchmarkv4-r53/tasks/371-bandgap-startup-trim-system/evaluator/family_spec.json;benchmark/reference/v4/release/benchmarkv4-r53/tasks/371-bandgap-startup-trim-system/evaluator/score_tb.scs	正式题面、独立 checker、边界激励和负例需重新建设并实际校准；旧源码或审核标签均不是验证通过证据	runs/v4-audit-20261010-r3/families/371/review.json;runs/v4-audit-20261010-r3/families/371/status.json;benchmark/reference/v4/release/benchmarkv4-r53/tasks/371-bandgap-startup-trim-system/evaluator/family_spec.json	false	accepted_draft	cfe87c257999c5fa05fd37bbafffe80eea044181613aeafe4e2582b663db5d03
372	372-buck-converter-controller-macro	电源、基准与保护	Buck 软启动与 PWM 控制	priority_seed	engineering_prerequisites	spec-modeling;testing-characterization	软启动参考驱动误差判决和 PWM 占空比更新；作为电源组的控制器扩展，功能范围明确。	benchmark/reference/v4/release/benchmarkv4-r53/tasks/372-buck-converter-controller-macro/evaluator/solution/power_good.va;benchmark/reference/v4/release/benchmarkv4-r53/tasks/372-buck-converter-controller-macro/evaluator/solution/pwm_modulator.va;benchmark/reference/v4/release/benchmarkv4-r53/tasks/372-buck-converter-controller-macro/evaluator/solution/error_comparator.va;benchmark/reference/v4/release/benchmarkv4-r53/tasks/372-buck-converter-controller-macro/evaluator/solution/soft_start.va;benchmark/reference/v4/release/benchmarkv4-r53/tasks/372-buck-converter-controller-macro/evaluator/solution/buck_ctrl_top.va;benchmark/reference/v4/release/benchmarkv4-r53/tasks/372-buck-converter-controller-macro/evaluator/family_spec.json;benchmark/reference/v4/release/benchmarkv4-r53/tasks/372-buck-converter-controller-macro/evaluator/score_tb.scs	score_tb 的 vfb 是预设 PWL；若考稳压闭环需新增受 pwm 控制的功率级与负载反馈;正式题面、独立 checker、边界激励和负例需重新建设并实际校准；旧源码或审核标签均不是验证通过证据	runs/v4-audit-20261010-r3/families/372/review.json;runs/v4-audit-20261010-r3/families/372/status.json;benchmark/reference/v4/release/benchmarkv4-r53/tasks/372-buck-converter-controller-macro/evaluator/family_spec.json;benchmark/reference/v4/release/benchmarkv4-r53/tasks/372-buck-converter-controller-macro/evaluator/solution/power_good.va;benchmark/reference/v4/release/benchmarkv4-r53/tasks/372-buck-converter-controller-macro/evaluator/solution/pwm_modulator.va;benchmark/reference/v4/release/benchmarkv4-r53/tasks/372-buck-converter-controller-macro/evaluator/solution/error_comparator.va;benchmark/reference/v4/release/benchmarkv4-r53/tasks/372-buck-converter-controller-macro/evaluator/solution/soft_start.va;benchmark/reference/v4/release/benchmarkv4-r53/tasks/372-buck-converter-controller-macro/evaluator/solution/buck_ctrl_top.va;benchmark/reference/v4/release/benchmarkv4-r53/tasks/372-buck-converter-controller-macro/evaluator/score_tb.scs	true	accepted_draft	3e20c94cfc104a73dcba148c9123362001c3544b5aff3479e5ed61c558a6619f
373	373-charge-pump-voltage-multiplier-controller	电源、基准与保护	电源控制与保护	reserve_candidate	not_selected	spec-modeling	报告所述功能为clk 上升沿驱动的电荷泵升压控制器行为模型。先以 272/372 和既有电源资格组覆盖释放与控制；本项保留不同保护或基准行为备选。	benchmark/reference/v4/release/benchmarkv4-r53/tasks/373-charge-pump-voltage-multiplier-controller/evaluator/solution/voltage_multiplier_top.va;benchmark/reference/v4/release/benchmarkv4-r53/tasks/373-charge-pump-voltage-multiplier-controller/evaluator/solution/pump_stage_model.va;benchmark/reference/v4/release/benchmarkv4-r53/tasks/373-charge-pump-voltage-multiplier-controller/evaluator/solution/phase_generator.va;benchmark/reference/v4/release/benchmarkv4-r53/tasks/373-charge-pump-voltage-multiplier-controller/evaluator/solution/regulation_comparator.va;benchmark/reference/v4/release/benchmarkv4-r53/tasks/373-charge-pump-voltage-multiplier-controller/evaluator/family_spec.json;benchmark/reference/v4/release/benchmarkv4-r53/tasks/373-charge-pump-voltage-multiplier-controller/evaluator/score_tb.scs	正式题面、独立 checker、边界激励和负例需重新建设并实际校准；旧源码或审核标签均不是验证通过证据	runs/v4-audit-20261010-r3/families/373/review.json;runs/v4-audit-20261010-r3/families/373/status.json;benchmark/reference/v4/release/benchmarkv4-r53/tasks/373-charge-pump-voltage-multiplier-controller/evaluator/family_spec.json	false	accepted_draft	bb213433ab272a81db0b5dbe743a6ceffd11584e996d2106b2fad3f8ee285e15
374	374-crystal-oscillator-startup-monitor	时钟与PLL	晶振启动表征	rebuild_topic	not_selected	testing-characterization	幅度按参考时钟固定累加且 osc_out 满摆幅翻转；未观察晶体振荡建立，先取 DCO 源，晶振启动需重建。	benchmark/reference/v4/release/benchmarkv4-r53/tasks/374-crystal-oscillator-startup-monitor/evaluator/solution/crystal_oscillator_startup_monitor.va;benchmark/reference/v4/release/benchmarkv4-r53/tasks/374-crystal-oscillator-startup-monitor/evaluator/family_spec.json;benchmark/reference/v4/release/benchmarkv4-r53/tasks/374-crystal-oscillator-startup-monitor/evaluator/score_tb.scs	保留使能/启动资格计数；新增振荡幅度建立路径或真实启动记录;正式题面、独立 checker、边界激励和负例需重新建设并实际校准；旧源码或审核标签均不是验证通过证据	runs/v4-audit-20261010-r3/families/374/review.json;runs/v4-audit-20261010-r3/families/374/status.json;benchmark/reference/v4/release/benchmarkv4-r53/tasks/374-crystal-oscillator-startup-monitor/evaluator/family_spec.json;benchmark/reference/v4/release/benchmarkv4-r53/tasks/374-crystal-oscillator-startup-monitor/evaluator/solution/crystal_oscillator_startup_monitor.va	true	accepted_draft	df9c6e6c5db119972c7b37a698f4c6558bd7975a22567c76cbdf7386f7d1dce0
375	375-nonoverlap-clock-generator	时钟与PLL	两相非交叠时钟	reserve_candidate	not_selected	spec-modeling;testing-characterization	输入双沿先关两相再调度 pending 相位，死区作用于实际输出，是完整时钟生成器；先选 307 积分路径，本项保留供其配套或独立死区建模/测量。	benchmark/reference/v4/release/benchmarkv4-r53/tasks/375-nonoverlap-clock-generator/evaluator/solution/nonoverlap_clock_generator.va;benchmark/reference/v4/release/benchmarkv4-r53/tasks/375-nonoverlap-clock-generator/evaluator/family_spec.json;benchmark/reference/v4/release/benchmarkv4-r53/tasks/375-nonoverlap-clock-generator/evaluator/score_tb.scs	正式题面、独立 checker、边界激励和负例需重新建设并实际校准；旧源码或审核标签均不是验证通过证据	runs/v4-audit-20261010-r3/families/375/review.json;runs/v4-audit-20261010-r3/families/375/status.json;benchmark/reference/v4/release/benchmarkv4-r53/tasks/375-nonoverlap-clock-generator/evaluator/family_spec.json;benchmark/reference/v4/release/benchmarkv4-r53/tasks/375-nonoverlap-clock-generator/evaluator/solution/nonoverlap_clock_generator.va	true	accepted_draft	408c7ed5c325c4bff96b601df41b2b74774fea204f9f8c7479054a790436de6c
376	376-pwm-ramp-modulator-front-end	电源、基准与保护	计数式 DPWM 调制	reserve_candidate	not_selected	spec-modeling;testing-characterization	时钟沿推进计数斜坡并比较控制电压生成实际PWM，是独立调制前端；先以372软启动/PWM控制器代表，本项保留坡回绕与量化占空比的细分表征。	benchmark/reference/v4/release/benchmarkv4-r53/tasks/376-pwm-ramp-modulator-front-end/evaluator/solution/pwm_ramp_modulator.va;benchmark/reference/v4/release/benchmarkv4-r53/tasks/376-pwm-ramp-modulator-front-end/evaluator/family_spec.json;benchmark/reference/v4/release/benchmarkv4-r53/tasks/376-pwm-ramp-modulator-front-end/evaluator/score_tb.scs	题面连续关系与实现拍采样须统一，定义回绕/等值比较和最小最大脉宽；不外推连续模拟PWM与功率级稳压;正式题面、独立 checker、边界激励和负例需重新建设并实际校准；旧源码或审核标签均不是验证通过证据	runs/v4-audit-20261010-r3/families/376/review.json;runs/v4-audit-20261010-r3/families/376/status.json;benchmark/reference/v4/release/benchmarkv4-r53/tasks/376-pwm-ramp-modulator-front-end/evaluator/family_spec.json	false	accepted_draft	db02bb70d059141212db1b1b441f068caafdabdbea29056c4a55bff660fd1a55
377	377-bidirectional-hybrid-macro	RF与I/Q	双向混合网络	rebuild_topic	not_selected	spec-modeling	port_a/port_b 只被读取作和差代数映射，无向端口回馈贡献；优先 I/Q 混频实际输出，双向网络需重建。	benchmark/reference/v4/release/benchmarkv4-r53/tasks/377-bidirectional-hybrid-macro/evaluator/solution/bidirectional_hybrid_macro.va;benchmark/reference/v4/release/benchmarkv4-r53/tasks/377-bidirectional-hybrid-macro/evaluator/family_spec.json;benchmark/reference/v4/release/benchmarkv4-r53/tasks/377-bidirectional-hybrid-macro/evaluator/score_tb.scs	保留和差修调；定义真正双向端口作用和阻抗/终端条件;正式题面、独立 checker、边界激励和负例需重新建设并实际校准；旧源码或审核标签均不是验证通过证据	runs/v4-audit-20261010-r3/families/377/review.json;runs/v4-audit-20261010-r3/families/377/status.json;benchmark/reference/v4/release/benchmarkv4-r53/tasks/377-bidirectional-hybrid-macro/evaluator/family_spec.json;benchmark/reference/v4/release/benchmarkv4-r53/tasks/377-bidirectional-hybrid-macro/evaluator/solution/bidirectional_hybrid_macro.va	true	accepted_draft	2441630486acc4a37d620db14a98a60b77109207c3fcf78f09f4700590954233
378	378-current-limited-regulator-macro	电源、基准与保护	电源控制与保护	reserve_candidate	not_selected	spec-modeling	报告所述功能为电压域 LDO 类调节器宏模型：跟踪 vref 输出；余量不足时 vout 钳位到 vin−dropout；load_demand 是电压编码的负载代理，超过 demand_limit 时按过载量折减 vout 并把过载值输出到 limit_metric；regulation_ok 是 enable 有效、未复位、未限流且余量足够的 PGood 标志。先以 272/372 和既有电源资格组覆盖释放与控制；本项保留不同保护或基准行为备选。	benchmark/reference/v4/release/benchmarkv4-r53/tasks/378-current-limited-regulator-macro/evaluator/solution/current_limited_regulator_macro.va;benchmark/reference/v4/release/benchmarkv4-r53/tasks/378-current-limited-regulator-macro/evaluator/family_spec.json;benchmark/reference/v4/release/benchmarkv4-r53/tasks/378-current-limited-regulator-macro/evaluator/score_tb.scs	正式题面、独立 checker、边界激励和负例需重新建设并实际校准；旧源码或审核标签均不是验证通过证据	runs/v4-audit-20261010-r3/families/378/review.json;runs/v4-audit-20261010-r3/families/378/status.json;benchmark/reference/v4/release/benchmarkv4-r53/tasks/378-current-limited-regulator-macro/evaluator/family_spec.json	false	accepted_draft	053b1a1f5baec9551e9681c6fda7c610691581abbcdc57b7d832163c1655ce7d
379	379-periodic-sampler-aperture-metric	转换器与采样	采样保持与样本差监视	reserve_candidate	not_selected	spec-modeling;testing-characterization	vhold 真正锁存输入，metric 为相邻样本差，支持独立采样与在线变化量测量；先取已有 S/H 组，本项保留使能/历史差分备选，metric 不直接等于孔径误差。	benchmark/reference/v4/release/benchmarkv4-r53/tasks/379-periodic-sampler-aperture-metric/evaluator/solution/periodic_sampler_aperture_metric.va;benchmark/reference/v4/release/benchmarkv4-r53/tasks/379-periodic-sampler-aperture-metric/evaluator/family_spec.json;benchmark/reference/v4/release/benchmarkv4-r53/tasks/379-periodic-sampler-aperture-metric/evaluator/score_tb.scs	正式题面、独立 checker、边界激励和负例需重新建设并实际校准；旧源码或审核标签均不是验证通过证据	runs/v4-audit-20261010-r3/families/379/review.json;runs/v4-audit-20261010-r3/families/379/status.json;benchmark/reference/v4/release/benchmarkv4-r53/tasks/379-periodic-sampler-aperture-metric/evaluator/family_spec.json;benchmark/reference/v4/release/benchmarkv4-r53/tasks/379-periodic-sampler-aperture-metric/evaluator/solution/periodic_sampler_aperture_metric.va	true	accepted_draft	2b866d052fd7ee33859e3196bf4b9eb92db97ad3fa9197d6fdf279dba0c96eff
380	380-am-modulator-source-macro	RF与I/Q	RF、I/Q 与前端	reserve_candidate	not_selected	spec-modeling	报告所述功能为电压域无状态 AM 调制行为宏。先以 336/364 覆盖包络动态与变频路径；本项保留不同前端或调制行为备选。	benchmark/reference/v4/release/benchmarkv4-r53/tasks/380-am-modulator-source-macro/evaluator/solution/am_modulator_source_macro.va;benchmark/reference/v4/release/benchmarkv4-r53/tasks/380-am-modulator-source-macro/evaluator/family_spec.json;benchmark/reference/v4/release/benchmarkv4-r53/tasks/380-am-modulator-source-macro/evaluator/score_tb.scs	正式题面、独立 checker、边界激励和负例需重新建设并实际校准；旧源码或审核标签均不是验证通过证据	runs/v4-audit-20261010-r3/families/380/review.json;runs/v4-audit-20261010-r3/families/380/status.json;benchmark/reference/v4/release/benchmarkv4-r53/tasks/380-am-modulator-source-macro/evaluator/family_spec.json	false	accepted_draft	3ab88f372be06f97a570f56733c91ecf23c2735b21c77fad293a8fd3a0731910
381	381-fm-vco-modulation-source	时钟与PLL	时钟、分频与时序	reserve_candidate	not_selected	spec-modeling	报告所述功能为带使能/复位的行为级线性增益 VCO/FM 源宏：每个 tick=500ps 采样 mod_in，按 f0+kvco·(v−vcm) 生成频率命令，相位累加器驱动 vss/vdd 方波 osc_out；freq_metric 复现归一化频率命令，phase_marker 每振荡周期翻转一次，valid 在使能或复位恢复后首个完整周期置位并保持。先以 249/362 和已有 BBPD/PFD 组覆盖状态与实际时钟测量；本项保留不同检测或延迟结构的备选。	benchmark/reference/v4/release/benchmarkv4-r53/tasks/381-fm-vco-modulation-source/evaluator/solution/fm_vco_modulation_source.va;benchmark/reference/v4/release/benchmarkv4-r53/tasks/381-fm-vco-modulation-source/evaluator/family_spec.json;benchmark/reference/v4/release/benchmarkv4-r53/tasks/381-fm-vco-modulation-source/evaluator/score_tb.scs	正式题面、独立 checker、边界激励和负例需重新建设并实际校准；旧源码或审核标签均不是验证通过证据	runs/v4-audit-20261010-r3/families/381/review.json;runs/v4-audit-20261010-r3/families/381/status.json;benchmark/reference/v4/release/benchmarkv4-r53/tasks/381-fm-vco-modulation-source/evaluator/family_spec.json	false	accepted_draft	b4e548669ab668fa630a59388b60918cc81bce86692c23a5a1508fbaceb4a0bd
382	382-programmable-frequency-divider	时钟与PLL	时钟、分频与时序	reserve_candidate	not_selected	spec-modeling	报告所述功能为可编程分频器：在使能且复位置零时，于每个 clk_in 上升沿采样 4 位控制码 n_3..n_0，得 N=code+1；内部计数器数满 N 个使能上升沿后翻转 clk_div，同时输出电压编码的 ratio_metric≈vdd·N/16 与首次翻转后置位的 valid。先以 249/362 和已有 BBPD/PFD 组覆盖状态与实际时钟测量；本项保留不同检测或延迟结构的备选。	benchmark/reference/v4/release/benchmarkv4-r53/tasks/382-programmable-frequency-divider/evaluator/solution/programmable_frequency_divider.va;benchmark/reference/v4/release/benchmarkv4-r53/tasks/382-programmable-frequency-divider/evaluator/family_spec.json;benchmark/reference/v4/release/benchmarkv4-r53/tasks/382-programmable-frequency-divider/evaluator/score_tb.scs	正式题面、独立 checker、边界激励和负例需重新建设并实际校准；旧源码或审核标签均不是验证通过证据	runs/v4-audit-20261010-r3/families/382/review.json;runs/v4-audit-20261010-r3/families/382/status.json;benchmark/reference/v4/release/benchmarkv4-r53/tasks/382-programmable-frequency-divider/evaluator/family_spec.json	false	accepted_draft	918fd529d0d357f511571c991e59d54e9ad506a6259e3d4bf6428cfd9c0247ea
383	383-fixed-frequency-oscillator-source	时钟与PLL	时钟、分频与时序	reserve_candidate	not_selected	spec-modeling	报告所述功能为带使能与复位的行为级固定频率方波时钟源：每 tick=500ps 采样 enable/rst，相位累加器每 period/2 翻转 osc_out，同时输出电压编码的周期遥测 period_metric 与首个整周期完成标志 valid。先以 249/362 和已有 BBPD/PFD 组覆盖状态与实际时钟测量；本项保留不同检测或延迟结构的备选。	benchmark/reference/v4/release/benchmarkv4-r53/tasks/383-fixed-frequency-oscillator-source/evaluator/solution/fixed_frequency_oscillator_source.va;benchmark/reference/v4/release/benchmarkv4-r53/tasks/383-fixed-frequency-oscillator-source/evaluator/family_spec.json;benchmark/reference/v4/release/benchmarkv4-r53/tasks/383-fixed-frequency-oscillator-source/evaluator/score_tb.scs	正式题面、独立 checker、边界激励和负例需重新建设并实际校准；旧源码或审核标签均不是验证通过证据	runs/v4-audit-20261010-r3/families/383/review.json;runs/v4-audit-20261010-r3/families/383/status.json;benchmark/reference/v4/release/benchmarkv4-r53/tasks/383-fixed-frequency-oscillator-source/evaluator/family_spec.json	false	accepted_draft	f93baa50b55c4721bcb32bd49deba31c1455f12e5e435645c89037740775c37c
384	384-level-shifter-enable-rail-tracking	电源、基准与保护	电平转换与高轨跟踪	reserve_candidate	not_selected	spec-modeling	低轨一半决定逻辑门限，高轨直接乘输出状态，具备实际跨域电平转换；先取优先信号路径组，本项保留移动轨与供电有效性专门方向。	benchmark/reference/v4/release/benchmarkv4-r53/tasks/384-level-shifter-enable-rail-tracking/evaluator/solution/level_shifter_enable_rail_tracking.va;benchmark/reference/v4/release/benchmarkv4-r53/tasks/384-level-shifter-enable-rail-tracking/evaluator/family_spec.json;benchmark/reference/v4/release/benchmarkv4-r53/tasks/384-level-shifter-enable-rail-tracking/evaluator/score_tb.scs	正式题面、独立 checker、边界激励和负例需重新建设并实际校准；旧源码或审核标签均不是验证通过证据	runs/v4-audit-20261010-r3/families/384/review.json;runs/v4-audit-20261010-r3/families/384/status.json;benchmark/reference/v4/release/benchmarkv4-r53/tasks/384-level-shifter-enable-rail-tracking/evaluator/family_spec.json;benchmark/reference/v4/release/benchmarkv4-r53/tasks/384-level-shifter-enable-rail-tracking/evaluator/solution/level_shifter_enable_rail_tracking.va	true	accepted_draft	905cd2fffe3b050e42596978811aaceeaa0c30840ce85315dcc939064147f8e6
385	385-switched-cap-phase-sequencer	时钟与PLL	四相采样时序	reserve_candidate	not_selected	spec-modeling	四状态相位输出和 sample/hold 命令相连，是独立序列器功能；先选 307 两相行为，本项保留四相协议备选，one-hot 状态并不保证模拟沿存在有限死区。	benchmark/reference/v4/release/benchmarkv4-r53/tasks/385-switched-cap-phase-sequencer/evaluator/solution/hold_flagger.va;benchmark/reference/v4/release/benchmarkv4-r53/tasks/385-switched-cap-phase-sequencer/evaluator/solution/sample_switch_scheduler.va;benchmark/reference/v4/release/benchmarkv4-r53/tasks/385-switched-cap-phase-sequencer/evaluator/solution/switched_cap_phase_seq_top.va;benchmark/reference/v4/release/benchmarkv4-r53/tasks/385-switched-cap-phase-sequencer/evaluator/solution/nonoverlap_phase_gen.va;benchmark/reference/v4/release/benchmarkv4-r53/tasks/385-switched-cap-phase-sequencer/evaluator/family_spec.json;benchmark/reference/v4/release/benchmarkv4-r53/tasks/385-switched-cap-phase-sequencer/evaluator/score_tb.scs	正式题面、独立 checker、边界激励和负例需重新建设并实际校准；旧源码或审核标签均不是验证通过证据	runs/v4-audit-20261010-r3/families/385/review.json;runs/v4-audit-20261010-r3/families/385/status.json;benchmark/reference/v4/release/benchmarkv4-r53/tasks/385-switched-cap-phase-sequencer/evaluator/family_spec.json;benchmark/reference/v4/release/benchmarkv4-r53/tasks/385-switched-cap-phase-sequencer/evaluator/solution/hold_flagger.va;benchmark/reference/v4/release/benchmarkv4-r53/tasks/385-switched-cap-phase-sequencer/evaluator/solution/sample_switch_scheduler.va;benchmark/reference/v4/release/benchmarkv4-r53/tasks/385-switched-cap-phase-sequencer/evaluator/solution/switched_cap_phase_seq_top.va;benchmark/reference/v4/release/benchmarkv4-r53/tasks/385-switched-cap-phase-sequencer/evaluator/solution/nonoverlap_phase_gen.va	true	accepted_draft	aa0aa73332020037ae7e20894924156943d72b7c6394597cecfa538397a460bc
386	386-pa-gain-compression-ampm-macro	RF与I/Q	PA AM-PM 压缩	rebuild_topic	not_selected	spec-modeling	phase_metric=clip(vdd*excess/0.45) 只报告公式，vout 仅幅度增益压缩；保留 AM-AM，AM-PM 重建。	benchmark/reference/v4/release/benchmarkv4-r53/tasks/386-pa-gain-compression-ampm-macro/evaluator/solution/pa_gain_compression_ampm_macro.va;benchmark/reference/v4/release/benchmarkv4-r53/tasks/386-pa-gain-compression-ampm-macro/evaluator/family_spec.json;benchmark/reference/v4/release/benchmarkv4-r53/tasks/386-pa-gain-compression-ampm-macro/evaluator/score_tb.scs	复用无记忆压缩；新增对输出相位起作用的路径和独立测相;正式题面、独立 checker、边界激励和负例需重新建设并实际校准；旧源码或审核标签均不是验证通过证据	runs/v4-audit-20261010-r3/families/386/review.json;runs/v4-audit-20261010-r3/families/386/status.json;benchmark/reference/v4/release/benchmarkv4-r53/tasks/386-pa-gain-compression-ampm-macro/evaluator/family_spec.json;benchmark/reference/v4/release/benchmarkv4-r53/tasks/386-pa-gain-compression-ampm-macro/evaluator/solution/pa_gain_compression_ampm_macro.va	true	accepted_draft	d21175d5a636322e77547a571b626c35f2ee468671c884ad26d2491438af469f
387	387-lna-gain-compression-macro	RF与I/Q	RF、I/Q 与前端	reserve_candidate	not_selected	spec-modeling	报告所述功能为0.9V电压域无记忆行为宏模型。先以 336/364 覆盖包络动态与变频路径；本项保留不同前端或调制行为备选。	benchmark/reference/v4/release/benchmarkv4-r53/tasks/387-lna-gain-compression-macro/evaluator/solution/lna_gain_compression_macro.va;benchmark/reference/v4/release/benchmarkv4-r53/tasks/387-lna-gain-compression-macro/evaluator/family_spec.json;benchmark/reference/v4/release/benchmarkv4-r53/tasks/387-lna-gain-compression-macro/evaluator/score_tb.scs	正式题面、独立 checker、边界激励和负例需重新建设并实际校准；旧源码或审核标签均不是验证通过证据	runs/v4-audit-20261010-r3/families/387/review.json;runs/v4-audit-20261010-r3/families/387/status.json;benchmark/reference/v4/release/benchmarkv4-r53/tasks/387-lna-gain-compression-macro/evaluator/family_spec.json	false	accepted_draft	2a9020e0279459961ee8ae8edb829d90203515ead4d6ff066b6faa8ef720c6a3
388	388-source-follower-buffer-macro	混合信号基础辅助	偏置受限缓冲	reserve_candidate	not_selected	spec-modeling	vin-vgs_drop 在偏置余量范围钳位并驱动输出，是完整缓冲宏；先取精密前端与包络动态，本项保留偏置轨摆幅限制的静态功能，不因无电流贡献降级。	benchmark/reference/v4/release/benchmarkv4-r53/tasks/388-source-follower-buffer-macro/evaluator/solution/source_follower_buffer_macro.va;benchmark/reference/v4/release/benchmarkv4-r53/tasks/388-source-follower-buffer-macro/evaluator/family_spec.json;benchmark/reference/v4/release/benchmarkv4-r53/tasks/388-source-follower-buffer-macro/evaluator/score_tb.scs	正式题面、独立 checker、边界激励和负例需重新建设并实际校准；旧源码或审核标签均不是验证通过证据	runs/v4-audit-20261010-r3/families/388/review.json;runs/v4-audit-20261010-r3/families/388/status.json;benchmark/reference/v4/release/benchmarkv4-r53/tasks/388-source-follower-buffer-macro/evaluator/family_spec.json;benchmark/reference/v4/release/benchmarkv4-r53/tasks/388-source-follower-buffer-macro/evaluator/solution/source_follower_buffer_macro.va	true	accepted_draft	72dd1e8a1fef9d116bcf964e4850ad7940865ecc80a08e2786744f84592a3d9e
389	389-cascode-gain-cell-headroom	混合信号基础辅助	供电偏置受限增益单元	reserve_candidate	not_selected	spec-modeling;testing-characterization	反相增益输出由供电与偏置共同限制摆幅，支持独立余量/增益宏；先取精密前端及包络代表，本项保留偏置裕量的不同细分覆盖，不因无晶体管或电流贡献降级，cascode器件身份不外推。	benchmark/reference/v4/release/benchmarkv4-r53/tasks/389-cascode-gain-cell-headroom/evaluator/solution/cascode_gain_cell_headroom.va;benchmark/reference/v4/release/benchmarkv4-r53/tasks/389-cascode-gain-cell-headroom/evaluator/family_spec.json;benchmark/reference/v4/release/benchmarkv4-r53/tasks/389-cascode-gain-cell-headroom/evaluator/score_tb.scs	公开空钳位区间、复位/禁用输出与平滑合同；gain_metric是幅度观测而非未经归一的小信号增益;正式题面、独立 checker、边界激励和负例需重新建设并实际校准；旧源码或审核标签均不是验证通过证据	runs/v4-audit-20261010-r3/families/389/review.json;runs/v4-audit-20261010-r3/families/389/status.json;benchmark/reference/v4/release/benchmarkv4-r53/tasks/389-cascode-gain-cell-headroom/evaluator/family_spec.json	false	accepted_draft	a8610fe4d651d0345cb7ec9994e42d15ca0e9a30c177d7ac4707d52f09a3b739
390	390-common-mode-feedback-loop	放大、滤波与基带调理	共模残差修调	reserve_candidate	not_selected	spec-modeling;testing-characterization	raw CM error-trimcode*lsb 在未限幅稳态等于平衡后输出共模残差，存在等价反馈；先选既有校准代表，本项保留共模修调备选，限幅和码切换延迟需补输出观测验证。	benchmark/reference/v4/release/benchmarkv4-r53/tasks/390-common-mode-feedback-loop/evaluator/solution/output_balancer.va;benchmark/reference/v4/release/benchmarkv4-r53/tasks/390-common-mode-feedback-loop/evaluator/solution/trim_controller.va;benchmark/reference/v4/release/benchmarkv4-r53/tasks/390-common-mode-feedback-loop/evaluator/solution/cmfb_loop_top.va;benchmark/reference/v4/release/benchmarkv4-r53/tasks/390-common-mode-feedback-loop/evaluator/solution/cm_sensor.va;benchmark/reference/v4/release/benchmarkv4-r53/tasks/390-common-mode-feedback-loop/evaluator/family_spec.json;benchmark/reference/v4/release/benchmarkv4-r53/tasks/390-common-mode-feedback-loop/evaluator/score_tb.scs	把输出限幅后的共模残差与控制残差区分；校验切码与锁定计数在动态输出上的一致性;正式题面、独立 checker、边界激励和负例需重新建设并实际校准；旧源码或审核标签均不是验证通过证据	runs/v4-audit-20261010-r3/families/390/review.json;runs/v4-audit-20261010-r3/families/390/status.json;benchmark/reference/v4/release/benchmarkv4-r53/tasks/390-common-mode-feedback-loop/evaluator/family_spec.json;benchmark/reference/v4/release/benchmarkv4-r53/tasks/390-common-mode-feedback-loop/evaluator/solution/output_balancer.va;benchmark/reference/v4/release/benchmarkv4-r53/tasks/390-common-mode-feedback-loop/evaluator/solution/trim_controller.va;benchmark/reference/v4/release/benchmarkv4-r53/tasks/390-common-mode-feedback-loop/evaluator/solution/cmfb_loop_top.va;benchmark/reference/v4/release/benchmarkv4-r53/tasks/390-common-mode-feedback-loop/evaluator/solution/cm_sensor.va	true	accepted_draft	c9beaef91f93a7274fb1a7ad6df4acfaac75b556e8126911e552e65cf49ca214
391	391-lc-vco-behavioral-source	时钟与PLL	时钟、分频与时序	reserve_candidate	not_selected	spec-modeling	报告所述功能为事件驱动行为级压控振荡器宏模型。先以 249/362 和已有 BBPD/PFD 组覆盖状态与实际时钟测量；本项保留不同检测或延迟结构的备选。	benchmark/reference/v4/release/benchmarkv4-r53/tasks/391-lc-vco-behavioral-source/evaluator/solution/lc_vco_behavioral_source.va;benchmark/reference/v4/release/benchmarkv4-r53/tasks/391-lc-vco-behavioral-source/evaluator/family_spec.json;benchmark/reference/v4/release/benchmarkv4-r53/tasks/391-lc-vco-behavioral-source/evaluator/score_tb.scs	正式题面、独立 checker、边界激励和负例需重新建设并实际校准；旧源码或审核标签均不是验证通过证据	runs/v4-audit-20261010-r3/families/391/review.json;runs/v4-audit-20261010-r3/families/391/status.json;benchmark/reference/v4/release/benchmarkv4-r53/tasks/391-lc-vco-behavioral-source/evaluator/family_spec.json	false	accepted_draft	e09216ffaaf13712e93f9c0f423523481d69bac1f63bb00a9010ad2d4be7e8c7
392	392-serializer-mux-timing-macro	SerDes数据通路与均衡	并串转换与槽序	priority_seed	engineering_prerequisites	spec-modeling;testing-characterization	按 d0..d3 槽指针产生串行数据并标识完整帧；提供 SerDes 数据路径和帧序状态代表。	benchmark/reference/v4/release/benchmarkv4-r53/tasks/392-serializer-mux-timing-macro/evaluator/solution/serializer_mux_timing_macro.va;benchmark/reference/v4/release/benchmarkv4-r53/tasks/392-serializer-mux-timing-macro/evaluator/family_spec.json;benchmark/reference/v4/release/benchmarkv4-r53/tasks/392-serializer-mux-timing-macro/evaluator/score_tb.scs	公开 tick 轮询时序或改为边沿事件合同；明确输入是否整帧锁存及重启槽顺序;正式题面、独立 checker、边界激励和负例需重新建设并实际校准；旧源码或审核标签均不是验证通过证据	runs/v4-audit-20261010-r3/families/392/review.json;runs/v4-audit-20261010-r3/families/392/status.json;benchmark/reference/v4/release/benchmarkv4-r53/tasks/392-serializer-mux-timing-macro/evaluator/family_spec.json;benchmark/reference/v4/release/benchmarkv4-r53/tasks/392-serializer-mux-timing-macro/evaluator/solution/serializer_mux_timing_macro.va	true	accepted_draft	73bd9eea839ff63b218b1319d66203ba382e75315220fb375e028bc7ad5edd6a
393	393-deserializer-demux-alignment-macro	SerDes数据通路与均衡	串并转换与字对齐	priority_seed	engineering_prerequisites	spec-modeling;testing-characterization	串行位逐槽写入、align 重置指针、四槽后有效；和 392 组成可用的方向集成素材。	benchmark/reference/v4/release/benchmarkv4-r53/tasks/393-deserializer-demux-alignment-macro/evaluator/solution/deserializer_demux_alignment_macro.va;benchmark/reference/v4/release/benchmarkv4-r53/tasks/393-deserializer-demux-alignment-macro/evaluator/family_spec.json;benchmark/reference/v4/release/benchmarkv4-r53/tasks/393-deserializer-demux-alignment-macro/evaluator/score_tb.scs	对齐后的 word_valid 在旧实现未即时清零，需重新定义；同刻 align/clk、部分字与重启验收;正式题面、独立 checker、边界激励和负例需重新建设并实际校准；旧源码或审核标签均不是验证通过证据	runs/v4-audit-20261010-r3/families/393/review.json;runs/v4-audit-20261010-r3/families/393/status.json;benchmark/reference/v4/release/benchmarkv4-r53/tasks/393-deserializer-demux-alignment-macro/evaluator/family_spec.json;benchmark/reference/v4/release/benchmarkv4-r53/tasks/393-deserializer-demux-alignment-macro/evaluator/solution/deserializer_demux_alignment_macro.va	true	accepted_draft	8789f7df55a0ee8eedfc7534b53bb8fbbc7548d18dfc8b7b67001b81ea92ff69
394	394-pam4-slicer-gray-decoder	SerDes数据通路与均衡	SerDes数据通路	priority_seed	engineering_prerequisites	spec-modeling;testing-characterization	三阈值PAM4判决与Gray映射补足发送侧候选，便于组织电平与符号测试；不据此推断完整接收机或误码性能。	benchmark/reference/v4/release/benchmarkv4-r53/tasks/394-pam4-slicer-gray-decoder/evaluator/solution/pam4_slicer_gray_decoder.va;benchmark/reference/v4/release/benchmarkv4-r53/tasks/394-pam4-slicer-gray-decoder/evaluator/family_spec.json;benchmark/reference/v4/release/benchmarkv4-r53/tasks/394-pam4-slicer-gray-decoder/evaluator/score_tb.scs	正式题面、独立 checker、边界激励和负例需重新建设并实际校准；旧源码或审核标签均不是验证通过证据	runs/v4-audit-20261010-r3/families/394/review.json;runs/v4-audit-20261010-r3/families/394/status.json;benchmark/reference/v4/release/benchmarkv4-r53/tasks/394-pam4-slicer-gray-decoder/evaluator/family_spec.json	true	accepted_draft	8404fd7769d726febe64bc6ba3104f88de767521ff9d14cf43a0eb27247690c2
395	395-clock-data-valid-qualifier	SerDes数据通路与均衡	SerDes 数据通路与均衡	support_component	not_selected	spec-modeling	报告所述功能为电压域事件驱动行为块：使能且未复位时，任意极性 data 过阈沿把年龄计数清零，其后每个 clk 上升沿计数加一；年龄落在 1..max_age_cycles时置 qualified/valid_out，edge_age_metric 输出 vss+(vdd-vss)·min(age,max)/max 的归一化电压；复位或失能异步清除三个输出。先以 331/353/355/392/393 覆盖历史补偿、电平映射与帧序；本项保留接收或监测功能备选。	benchmark/reference/v4/release/benchmarkv4-r53/tasks/395-clock-data-valid-qualifier/evaluator/solution/clock_data_valid_qualifier.va;benchmark/reference/v4/release/benchmarkv4-r53/tasks/395-clock-data-valid-qualifier/evaluator/family_spec.json;benchmark/reference/v4/release/benchmarkv4-r53/tasks/395-clock-data-valid-qualifier/evaluator/score_tb.scs	正式题面、独立 checker、边界激励和负例需重新建设并实际校准；旧源码或审核标签均不是验证通过证据	runs/v4-audit-20261010-r3/families/395/review.json;runs/v4-audit-20261010-r3/families/395/status.json;benchmark/reference/v4/release/benchmarkv4-r53/tasks/395-clock-data-valid-qualifier/evaluator/family_spec.json	false	accepted_draft	4a946cc38e27c7ccca805fc9b1b4aa3c92b16f232786238cac0c5b97088a9180
396	396-quadrature-lo-generator-divided-clock	时钟与PLL	正交 LO 分频生成	reserve_candidate	not_selected	spec-modeling;testing-characterization	10→11→01→00 状态使 LO I/Q 实际除4并相差一个输入周期，是完整正交发生器；先以 362 码频测量和 364 混频代表，本项保留 LO 生成集成或测相备选。	benchmark/reference/v4/release/benchmarkv4-r53/tasks/396-quadrature-lo-generator-divided-clock/evaluator/solution/quadrature_lo_generator_divided_clock.va;benchmark/reference/v4/release/benchmarkv4-r53/tasks/396-quadrature-lo-generator-divided-clock/evaluator/family_spec.json;benchmark/reference/v4/release/benchmarkv4-r53/tasks/396-quadrature-lo-generator-divided-clock/evaluator/score_tb.scs	正式题面、独立 checker、边界激励和负例需重新建设并实际校准；旧源码或审核标签均不是验证通过证据	runs/v4-audit-20261010-r3/families/396/review.json;runs/v4-audit-20261010-r3/families/396/status.json;benchmark/reference/v4/release/benchmarkv4-r53/tasks/396-quadrature-lo-generator-divided-clock/evaluator/family_spec.json;benchmark/reference/v4/release/benchmarkv4-r53/tasks/396-quadrature-lo-generator-divided-clock/evaluator/solution/quadrature_lo_generator_divided_clock.va	true	accepted_draft	9295bf32a78a88ee29a1e5cd41979be31784a9b7d1243b96ad77d5d3de082202
397	397-baseband-offset-gain-trim-macro	放大、滤波与基带调理	信号调理与在线测量	reserve_candidate	not_selected	spec-modeling	报告所述功能为时钟驱动的基带增益/失调数字修调宏。先以 308/336 和已有增益/RMS 测量方向覆盖清楚的实验目标；本项保留传输或测量定义的备选。	benchmark/reference/v4/release/benchmarkv4-r53/tasks/397-baseband-offset-gain-trim-macro/evaluator/solution/baseband_offset_gain_trim_macro.va;benchmark/reference/v4/release/benchmarkv4-r53/tasks/397-baseband-offset-gain-trim-macro/evaluator/family_spec.json;benchmark/reference/v4/release/benchmarkv4-r53/tasks/397-baseband-offset-gain-trim-macro/evaluator/score_tb.scs	正式题面、独立 checker、边界激励和负例需重新建设并实际校准；旧源码或审核标签均不是验证通过证据	runs/v4-audit-20261010-r3/families/397/review.json;runs/v4-audit-20261010-r3/families/397/status.json;benchmark/reference/v4/release/benchmarkv4-r53/tasks/397-baseband-offset-gain-trim-macro/evaluator/family_spec.json	false	accepted_draft	3c4112201be766b14e807570087b028aad1054707297f67e77a51f5b0480825e
398	398-two-stage-opamp-slew-macromodel	放大、滤波与基带调理	运放压摆与建立	rebuild_topic	not_selected	spec-modeling	每个 clk 沿最多移动 slew_step，load_step 为加性电压代理；优先现有压摆测量方向，连续运放模型不能直接沿用。	benchmark/reference/v4/release/benchmarkv4-r53/tasks/398-two-stage-opamp-slew-macromodel/evaluator/solution/two_stage_opamp_slew_macromodel.va;benchmark/reference/v4/release/benchmarkv4-r53/tasks/398-two-stage-opamp-slew-macromodel/evaluator/family_spec.json;benchmark/reference/v4/release/benchmarkv4-r53/tasks/398-two-stage-opamp-slew-macromodel/evaluator/score_tb.scs	可保留时钟型放大宏；连续时间压摆、补偿和负载作用需重新建模;正式题面、独立 checker、边界激励和负例需重新建设并实际校准；旧源码或审核标签均不是验证通过证据	runs/v4-audit-20261010-r3/families/398/review.json;runs/v4-audit-20261010-r3/families/398/status.json;benchmark/reference/v4/release/benchmarkv4-r53/tasks/398-two-stage-opamp-slew-macromodel/evaluator/family_spec.json;benchmark/reference/v4/release/benchmarkv4-r53/tasks/398-two-stage-opamp-slew-macromodel/evaluator/solution/two_stage_opamp_slew_macromodel.va	true	accepted_draft	822c86fddeb9dbb64e5a9b145e7bb8b1b3b0c22ddd894cc73de391ec5ec788d4
399	399-supply-supervisor-brownout-por	电源、基准与保护	电源控制与保护	reserve_candidate	not_selected	spec-modeling	报告所述功能为带欠压滞回与延时释放的电源监控/复位发生器。先以 272/372 和既有电源资格组覆盖释放与控制；本项保留不同保护或基准行为备选。	benchmark/reference/v4/release/benchmarkv4-r53/tasks/399-supply-supervisor-brownout-por/evaluator/solution/supply_supervisor_brownout_por.va;benchmark/reference/v4/release/benchmarkv4-r53/tasks/399-supply-supervisor-brownout-por/evaluator/family_spec.json;benchmark/reference/v4/release/benchmarkv4-r53/tasks/399-supply-supervisor-brownout-por/evaluator/score_tb.scs	正式题面、独立 checker、边界激励和负例需重新建设并实际校准；旧源码或审核标签均不是验证通过证据	runs/v4-audit-20261010-r3/families/399/review.json;runs/v4-audit-20261010-r3/families/399/status.json;benchmark/reference/v4/release/benchmarkv4-r53/tasks/399-supply-supervisor-brownout-por/evaluator/family_spec.json	false	accepted_draft	2af0ad0c20d9bfe2d4fa8bdea2eac92cd16d0299f1a99ab7e8f6244db16efe05
400	400-downconversion-mixer-lo-polarity	RF与I/Q	RF与I/Q	priority_seed	engineering_prerequisites	spec-modeling;testing-characterization	RF输入与两路LO极性实际相乘形成I/Q输出，保留与上变频相配的下变频候选；频率转换验收和LO时序仍需建设。	benchmark/reference/v4/release/benchmarkv4-r53/tasks/400-downconversion-mixer-lo-polarity/evaluator/solution/downconversion_mixer_lo_polarity.va;benchmark/reference/v4/release/benchmarkv4-r53/tasks/400-downconversion-mixer-lo-polarity/evaluator/family_spec.json;benchmark/reference/v4/release/benchmarkv4-r53/tasks/400-downconversion-mixer-lo-polarity/evaluator/score_tb.scs	正式题面、独立 checker、边界激励和负例需重新建设并实际校准；旧源码或审核标签均不是验证通过证据	runs/v4-audit-20261010-r3/families/400/review.json;runs/v4-audit-20261010-r3/families/400/status.json;benchmark/reference/v4/release/benchmarkv4-r53/tasks/400-downconversion-mixer-lo-polarity/evaluator/family_spec.json	true	accepted_draft	aa1f376ce9d83e382ed24d2e561ca78bb865b99c1839f3e09561e10b88420bd7
