time_s,cmd_V,out_V,tune_V,phase_error_cycles
0,0.8,0,0.8,0
1e-07,0.8,0.481753674102,0.8,0
2e-07,0.8,0.844327925502,0.8,0
3e-07,0.8,0.998026728428,0.8,0
4e-07,0.8,0.904827052466,0.8,0
5e-07,0.8,0.587785252292,0.8,0
6e-07,0.8,0.125333233564,0.8,0
7e-07,0.8,-0.368124552685,0.8,0
8e-07,0.8,-0.770513242776,0.8,0
9e-07,0.8,-0.982287250729,0.8,0
1e-06,0.8,-0.951056516295,0.8,0
1.1e-06,0.8,-0.684547105929,0.8,0
1.2e-06,0.8,-0.248689887165,0.8,0
1.3e-06,0.8,0.248689887165,0.8,0
1.4e-06,0.8,0.684547105929,0.8,0
1.5e-06,0.8,0.951056516295,0.8,0
1.6e-06,0.8,0.982287250729,0.8,0
1.7e-06,0.8,0.770513242776,0.8,0
1.8e-06,0.8,0.368124552685,0.8,0
1.9e-06,0.8,-0.125333233564,0.8,0
2e-06,0.8,-0.587785252292,0.8,0
2.1e-06,0.8,-0.904827052466,0.8,0
2.2e-06,0.8,-0.998026728428,0.8,0
2.3e-06,0.8,-0.844327925502,0.8,0
2.4e-06,0.8,-0.481753674102,0.8,0
2.5e-06,0.8,-4.89858719659e-16,0.8,0
2.6e-06,0.8,0.481753674102,0.8,0
2.7e-06,0.8,0.844327925502,0.8,0
2.8e-06,0.8,0.998026728428,0.8,0
2.9e-06,0.8,0.904827052466,0.8,0
3e-06,0.8,0.587785252292,0.8,0
3.1e-06,0.8,0.125333233564,0.8,0
3.2e-06,0.8,-0.368124552685,0.8,0
3.3e-06,0.8,-0.770513242776,0.8,0
3.4e-06,0.8,-0.982287250729,0.8,0
3.5e-06,0.8,-0.951056516295,0.8,0
3.6e-06,0.8,-0.684547105929,0.8,0
3.7e-06,0.8,-0.248689887165,0.8,0
3.8e-06,0.8,0.248689887165,0.8,0
3.9e-06,0.8,0.684547105929,0.8,0
4e-06,0.8,0.951056516295,0.8,0
4.1e-06,0.8,0.982287250729,0.8,0
4.2e-06,0.8,0.770513242776,0.8,0
4.3e-06,0.8,0.368124552685,0.8,0
4.4e-06,0.8,-0.125333233564,0.8,0
4.5e-06,0.8,-0.587785252292,0.8,0
4.6e-06,0.8,-0.904827052466,0.8,0
4.7e-06,0.8,-0.998026728428,0.8,0
4.8e-06,0.8,-0.844327925502,0.8,0
4.9e-06,0.8,-0.481753674102,0.8,0
5e-06,0.8,-9.79717439318e-16,0.8,0
5.1e-06,0.8,0.481753674102,0.8,0
5.2e-06,0.8,0.844327925502,0.8,0
5.3e-06,0.8,0.998026728428,0.8,0
5.4e-06,0.8,0.904827052466,0.8,0
5.5e-06,0.8,0.587785252292,0.8,0
5.6e-06,0.8,0.125333233564,0.8,0
5.7e-06,0.8,-0.368124552685,0.8,0
5.8e-06,0.8,-0.770513242776,0.8,0
5.9e-06,0.8,-0.982287250729,0.8,0
6e-06,0.8,-0.951056516295,0.8,0
6.1e-06,0.8,-0.684547105929,0.8,0
6.2e-06,0.8,-0.248689887165,0.8,0
6.3e-06,0.8,0.248689887165,0.8,0
6.4e-06,0.8,0.684547105929,0.8,0
6.5e-06,0.8,0.951056516295,0.8,0
6.6e-06,0.8,0.982287250729,0.8,0
6.7e-06,0.8,0.770513242776,0.8,0
6.8e-06,0.8,0.368124552685,0.8,0
6.9e-06,0.8,-0.125333233564,0.8,0
7e-06,0.8,-0.587785252292,0.8,0
7.1e-06,0.8,-0.904827052466,0.8,0
7.2e-06,0.8,-0.998026728428,0.8,0
7.3e-06,0.8,-0.844327925502,0.8,0
7.4e-06,0.8,-0.481753674102,0.8,0
7.5e-06,0.8,-1.46957615898e-15,0.8,0
7.6e-06,0.8,0.481753674102,0.8,0
7.7e-06,0.8,0.844327925502,0.8,0
7.8e-06,0.8,0.998026728428,0.8,0
7.9e-06,0.8,0.904827052466,0.8,0
8e-06,0.8,0.587785252292,0.8,0
8.1e-06,0.8,0.125333233564,0.8,0
8.2e-06,0.8,-0.368124552685,0.8,0
8.3e-06,0.8,-0.770513242776,0.8,0
8.4e-06,0.8,-0.982287250729,0.8,0
8.5e-06,0.8,-0.951056516295,0.8,0
8.6e-06,0.8,-0.684547105929,0.8,0
8.7e-06,0.8,-0.248689887165,0.8,0
8.8e-06,0.8,0.248689887165,0.8,0
8.9e-06,0.8,0.684547105929,0.8,0
9e-06,0.8,0.951056516295,0.8,0
9.1e-06,0.8,0.982287250729,0.8,0
9.2e-06,0.8,0.770513242776,0.8,0
9.3e-06,0.8,0.368124552685,0.8,0
9.4e-06,0.8,-0.125333233564,0.8,0
9.5e-06,0.8,-0.587785252292,0.8,0
9.6e-06,0.8,-0.904827052466,0.8,0
9.7e-06,0.8,-0.998026728428,0.8,0
9.8e-06,0.8,-0.844327925502,0.8,0
9.9e-06,0.8,-0.481753674102,0.8,0
1e-05,0.88,-1.95943487864e-15,0.8,0
1.01e-05,0.88,0.482400646579,0.802349529642,0.00788247290063
1.02e-05,0.88,0.845905502429,0.804692145391,0.0155303245955
1.03e-05,0.88,0.998421258652,0.807026202207,0.0229443291807
1.04e-05,0.88,0.899749442651,0.80935010946,0.030125422533
1.05e-05,0.88,0.572816894243,0.811662330606,0.0370746968853
1.06e-05,0.88,0.099070050145,0.813961382833,0.0437933954351
1.07e-05,0.88,-0.401278906642,0.816245836671,0.0502829069905
1.08e-05,0.88,-0.799515764977,0.818514315569,0.0565447606572
1.09e-05,0.88,-0.991650866309,0.820765495451,0.0625806205683
1.1e-05,0.88,-0.926010464832,0.822998104237,0.0683922806607
1.11e-05,0.88,-0.617768999659,0.825210921335,0.0739816595005
1.12e-05,0.88,-0.146191566582,0.827402777115,0.0793507951603
1.13e-05,0.88,0.365190998465,0.829572552352,0.0845018401509
1.14e-05,0.88,0.780677621168,0.831719177645,0.0894370564094
1.15e-05,0.88,0.988501352249,0.833841632818,0.0941588103466
1.16e-05,0.88,0.931316960455,0.835938946299,0.0986695679555
1.17e-05,0.88,0.622649584561,0.838010194472,0.102971889983
1.18e-05,0.88,0.14443622815,0.840054501019,0.107068427167
1.19e-05,0.88,-0.374181124968,0.842071036238,0.110961915541
1.2e-05,0.88,-0.791481093085,0.844059016346,0.114655171807
1.21e-05,0.88,-0.991995273089,0.846017702766,0.118151088778
1.22e-05,0.88,-0.918880386924,0.8479464014,0.121452630895
1.23e-05,0.88,-0.590642549554,0.849844461884,0.124562829817
1.24e-05,0.88,-0.0971403170684,0.851711276835,0.127484780083
1.25e-05,0.88,0.424518841537,0.853546281086,0.130221634853
1.26e-05,0.88,0.827868729124,0.855348950903,0.132776601725
1.27e-05,0.88,0.99834677813,0.8571188032,0.135152938634
1.28e-05,0.88,0.886263585871,0.858855394744,0.13735394982
1.29e-05,0.88,0.521871522886,0.860558321344,0.139382981892
1.3e-05,0.88,0.00781255852585,0.862227217041,0.141243419957
1.31e-05,0.88,-0.509372988124,0.863861753288,0.14293868384
1.32e-05,0.88,-0.880890731771,0.865461638128,0.144472224386
1.33e-05,0.88,-0.998688361126,0.867026615356,0.14584751984
1.34e-05,0.88,-0.827320907844,0.868556463691,0.147068072316
1.35e-05,0.88,-0.415161154572,0.87005099594,0.148137404342
1.36e-05,0.88,0.118728736223,0.871510058149,0.149059055498
1.37e-05,0.88,0.618666651021,0.872933528771,0.149836579133
1.38e-05,0.88,0.937704276129,0.874321317816,0.150473539164
1.39e-05,0.88,0.981058285481,0.87567336601,0.150973506965
1.4e-05,0.88,0.734706493437,0.876989643951,0.151340058336
1.41e-05,0.88,0.270392721561,0.878270151269,0.15157677056
1.42e-05,0.88,-0.274842039384,0.879514915779,0.15168721954
1.43e-05,0.88,-0.738890729387,0.88072399265,0.151674977022
1.44e-05,0.88,-0.982820545198,0.881897463563,0.151543607903
1.45e-05,0.88,-0.932744780476,0.883035435881,0.151296667623
1.46e-05,0.88,-0.602617203059,0.884138041821,0.150937699633
1.47e-05,0.88,-0.0907939461365,0.885205437626,0.150470232956
1.48e-05,0.88,0.448957209599,0.886237802751,0.149897779822
1.49e-05,0.88,0.85354552291,0.887235339043,0.149223833391
1.5e-05,0.88,0.999952691011,0.88819826994,0.14845186555
1.51e-05,0.88,0.842928974601,0.889126839663,0.147585324797
1.52e-05,0.88,0.429344195054,0.890021312425,0.146627634204
1.53e-05,0.88,-0.115464402633,0.890881971641,0.145582189451
1.54e-05,0.88,-0.625476250237,0.891709119153,0.144452356952
1.55e-05,0.88,-0.944566028663,0.892503074453,0.143241472046
1.56e-05,0.88,-0.974460371363,0.893264173922,0.141952837274
1.57e-05,0.88,-0.705281610915,0.893992770077,0.140589720723
1.58e-05,0.88,-0.21909575,0.894689230822,0.139155354455
1.59e-05,0.88,0.334875118055,0.895353938719,0.137652933002
1.6e-05,0.88,0.785955962026,0.895987290253,0.136085611938
1.61e-05,0.88,0.994659055514,0.896589695123,0.134456506521
1.62e-05,0.88,0.895996602486,0.897161575534,0.132768690409
1.63e-05,0.88,0.519952569372,0.897703365503,0.131025194441
1.64e-05,0.88,-0.0174097923449,0.898215510173,0.129229005496
1.65e-05,0.88,-0.549636755572,0.89869846514,0.127383065408
1.66e-05,0.88,-0.911428433139,0.899152695794,0.125490269956
1.67e-05,0.88,-0.990070937453,0.899578676667,0.123553467918
1.68e-05,0.88,-0.760713803151,0.899976890793,0.121575460189
1.69e-05,0.88,-0.294394618839,0.900347829081,0.119558998962
1.7e-05,0.88,0.263831917346,0.900691989704,0.117506786969
1.71e-05,0.88,0.73996305309,0.901009877492,0.115421476789
1.72e-05,0.88,0.985318518937,0.901302003342,0.113305670208
1.73e-05,0.88,0.923064539488,0.901568883642,0.111161917644
1.74e-05,0.88,0.572394606853,0.901811039702,0.108992717626
1.75e-05,0.88,0.042715903338,0.902028997204,0.106800516327
1.76e-05,0.88,-0.500429588574,0.902223285659,0.104587707157
1.77e-05,0.88,-0.887104404949,0.902394437879,0.102356630406
1.78e-05,0.88,-0.996193855718,0.902542989462,0.100109572938
1.79e-05,0.88,-0.79341237333,0.90266947829,0.0978487679407
1.8e-05,0.88,-0.342143180285,0.902774444038,0.0955763947178
1.81e-05,0.88,0.216336552697,0.902858427699,0.0932945785369
1.82e-05,0.88,0.707082831332,0.902921971115,0.09100539052
1.83e-05,0.88,0.976311473345,0.902965616532,0.0887108475806
1.84e-05,0.88,0.939624840752,0.902989906155,0.0864129124062
1.85e-05,0.88,0.608496338097,0.902995381728,0.0841134934836
1.86e-05,0.88,0.0866897694275,0.902982584114,0.0818144451655
1.87e-05,0.88,-0.462269874147,0.902952052901,0.0795175677789
1.88e-05,0.88,-0.866366773101,0.902904326008,0.0772246077724
1.89e-05,0.88,-0.999015523927,0.902839939316,0.0749372579012
1.9e-05,0.88,-0.818717107043,0.902759426298,0.0726571574503
1.91e-05,0.88,-0.382020950673,0.902663317673,0.0703858924918
1.92e-05,0.88,0.1742497537,0.902552141067,0.068124996178
1.93e-05,0.88,0.675907446462,0.902426420687,0.0658759490667
1.94e-05,0.88,0.965968886589,0.902286677006,0.0636401794794
1.95e-05,0.88,0.953773945959,0.902133426463,0.0614190638894
1.96e-05,0.88,0.643282350514,0.90196718117,0.0592139273401
1.97e-05,0.88,0.131726573519,0.901788448637,0.0570260438914
1.98e-05,0.88,-0.420902997798,0.901597731506,0.0548566370935
1.99e-05,0.88,-0.84193975163,0.901395527293,0.0527068804869
2e-05,0.88,-0.999993407778,0.901182328147,0.0505778981264
2.01e-05,0.88,-0.845909154112,0.900958620617,0.0484707651305
2.02e-05,0.88,-0.427975409044,0.90072488543,0.0463865082516
2.03e-05,0.88,0.12330014139,0.900481597284,0.0443261064696
2.04e-05,0.88,0.636016578309,0.900229224646,0.0422904916042
2.05e-05,0.88,0.950510322055,0.899968229564,0.0402805489479
2.06e-05,0.88,0.969045738999,0.899699067491,0.0382971179169
2.07e-05,0.88,0.686107363749,0.899422187113,0.0363409927189
2.08e-05,0.88,0.189929197801,0.899138030198,0.0344129230377
2.09e-05,0.88,-0.365122125321,0.898847031441,0.0325136147327
2.1e-05,0.88,-0.806632981055,0.898549618335,0.030643730553
2.11e-05,0.88,-0.997696844082,0.898246211033,0.028803890864
2.12e-05,0.88,-0.879300373906,0.897937222239,0.0269946743877
2.13e-05,0.88,-0.488438234044,0.897623057094,0.0252166189527
2.14e-05,0.88,0.0535685211369,0.897304113075,0.0234702222561
2.15e-05,0.88,0.578823845527,0.896980779909,0.0217559426339
2.16e-05,0.88,0.924900048982,0.896653439484,0.0200741998408
2.17e-05,0.88,0.985028604195,0.896322465781,0.0184253758375
2.18e-05,0.88,0.740939798281,0.895988224804,0.0168098155848
2.19e-05,0.88,0.268281270958,0.895651074529,0.0152278278443
2.2e-05,0.88,-0.286947797521,0.895311364845,0.0136796859837
2.21e-05,0.88,-0.753567679153,0.894969437523,0.0121656287875
2.22e-05,0.88,-0.987995185522,0.894625626176,0.0106858612707
2.23e-05,0.88,-0.918353848222,0.894280256233,0.00924055549628
2.24e-05,0.88,-0.566388206828,0.893933644922,0.00782985139386
2.25e-05,0.88,-0.0405396706541,0.893586101256,0.00645385758117
2.26e-05,0.88,0.497571255331,0.893237926028,0.00511265218556
2.27e-05,0.88,0.882863492688,0.892889411812,0.00380628366606
2.28e-05,0.88,0.99740637408,0.892540842972,0.00253477163485
2.29e-05,0.88,0.806416932224,0.892192495675,0.00129810767777
2.3e-05,0.88,0.36868680984,0.89184463791,9.62561730419e-05
2.31e-05,0.88,-0.181643508184,0.891497529515,-0.00107084489226
2.32e-05,0.88,-0.676274257011,0.89115142221,-0.00220328310863
2.33e-05,0.88,-0.964227014396,0.890806559629,-0.00330117083395
2.34e-05,0.88,-0.957866258135,0.890463177369,-0.0043646443873
2.35e-05,0.88,-0.659453530519,0.890121503031,-0.00539386324724
2.36e-05,0.88,-0.160225006992,0.889781756278,-0.0063890092551
2.37e-05,0.88,0.387613777096,0.889444148888,-0.00735028582369
2.38e-05,0.88,0.817346565924,0.889108884818,-0.00827791715204
2.39e-05,0.88,0.998462098452,0.888776160266,-0.00917214744639
2.4e-05,0.88,0.876206044746,0.888446163748,-0.0100332401481
2.41e-05,0.88,0.488009997817,0.888119076166,-0.0108614771689
2.42e-05,0.88,-0.0480927850593,0.887795070889,-0.0116571581331
2.43e-05,0.88,-0.569443319773,0.887474313836,-0.012420599629
2.44e-05,0.88,-0.918133835659,0.887156963556,-0.0131521344675
2.45e-05,0.88,-0.988790909664,0.886843171322,-0.0138521109497
2.46e-05,0.88,-0.760320706515,0.88653308122,-0.0145208921441
2.47e-05,0.88,-0.302083934452,0.886226830246,-0.0151588551724
2.48e-05,0.88,0.247267922038,0.885924548401,-0.0157663905053
2.49e-05,0.88,0.721806185016,0.885626358791,-0.016343901268
2.5e-05,0.88,0.978440727741,0.885332377733,-0.0168918025561
2.51e-05,0.88,0.94000390685,0.885042714858,-0.0174105207614
2.52e-05,0.88,0.618351096723,0.884757473216,-0.0179004929093
2.53e-05,0.88,0.110595076327,0.884476749392,-0.0183621660057
2.54e-05,0.88,-0.430299343063,0.884200633611,-0.0187959963961
2.55e-05,0.88,-0.841632221763,0.883929209854,-0.0192024491355
2.56e-05,0.88,-0.999884592263,0.883662555972,-0.0195819973694
2.57e-05,0.88,-0.857736292209,0.883400743803,-0.0199351217268
2.58e-05,0.88,-0.458115463342,0.88314383929,-0.0202623097249
2.59e-05,0.88,0.0788603192776,0.882891902597,-0.0205640551851
2.6e-05,0.88,0.592051279806,0.882644988235,-0.0208408576615
2.61e-05,0.88,0.927664033487,0.882403145174,-0.0210932218814
2.62e-05,0.88,0.985301364658,0.882166416976,-0.0213216571976
2.63e-05,0.88,0.747918546923,0.881934841906,-0.0215266770533
2.64e-05,0.88,0.286772566084,0.881708453064,-0.0217087984587
2.65e-05,0.88,-0.26004403318,0.881487278505,-0.021868541481
2.66e-05,0.88,-0.728996277738,0.881271341363,-0.0220064287456
2.67e-05,0.88,-0.98000908316,0.881060659976,-0.0221229849506
2.68e-05,0.88,-0.938259307338,0.88085524801,-0.0222187363931
2.69e-05,0.88,-0.616405041831,0.880655114585,-0.0222942105088
2.7e-05,0.88,-0.110671451605,0.880460264398,-0.0223499354228
2.71e-05,0.88,0.427975018706,0.880270697848,-0.0223864395142
2.72e-05,0.88,0.838913169728,0.88008641116,-0.0224042509922
2.73e-05,0.88,0.999744744334,0.879907396511,-0.0224038974852
2.74e-05,0.88,0.862699735214,0.879733642149,-0.0223859056415
2.75e-05,0.88,0.468758091594,0.87956513252,-0.0223508007435
2.76e-05,0.88,-0.0646660396064,0.87940184839,-0.0222991063329
2.77e-05,0.88,-0.578758704197,0.879243766965,-0.0222313438489
2.78e-05,0.88,-0.920595471481,0.879090862013,-0.0221480322787
2.79e-05,0.88,-0.988604796463,0.878943103985,-0.0220496878192
2.8e-05,0.88,-0.762699299368,0.878800460133,-0.0219368235516
2.81e-05,0.88,-0.310152454007,0.87866289463,-0.0218099491273
2.82e-05,0.88,0.234481235555,0.878530368686,-0.021669570466
2.83e-05,0.88,0.709396427478,0.878402840666,-0.021516189465
2.84e-05,0.88,0.973603245955,0.878280266205,-0.0213503037208
2.85e-05,0.88,0.948754375746,0.878162598319,-0.0211724062613
2.86e-05,0.88,0.642334592648,0.878049787521,-0.0209829852901
2.87e-05,0.88,0.145362846426,0.877941781935,-0.0207825239418
2.88e-05,0.88,-0.3946755425,0.877838527398,-0.0205715000478
2.89e-05,0.88,-0.817608820579,0.877739967578,-0.0203503859142
2.9e-05,0.88,-0.998073650508,0.877646044075,-0.0201196481095
2.91e-05,0.88,-0.882646624435,0.877556696529,-0.0198797472632
2.92e-05,0.88,-0.505624101298,0.877471862725,-0.0196311378753
2.93e-05,0.88,0.0211995637296,0.877391478696,-0.0193742681359
2.94e-05,0.88,0.541700122497,0.877315478821,-0.0191095797547
2.95e-05,0.88,0.90169298619,0.877243795929,-0.0188375078012
2.96e-05,0.88,0.994592719174,0.877176361393,-0.0185584805539
2.97e-05,0.88,0.792946751129,0.87711310523,-0.0182729193603
2.98e-05,0.88,0.356522016752,0.877053956192,-0.0179812385054
2.99e-05,0.88,-0.185429671945,0.87699884186,-0.0176838450901
3e-05,0.88,-0.672459949996,0.876947688736,-0.0173811389188
3.01e-05,0.88,-0.960422446997,0.876900422331,-0.0170735123957
3.02e-05,0.88,-0.964122808757,0.876856967254,-0.0167613504302
3.03e-05,0.88,-0.682506084398,0.876817247293,-0.0164450303511
3.04e-05,0.88,-0.198940823987,0.876781185505,-0.0161249218286
3.05e-05,0.88,0.343471187072,0.876748704294,-0.0158013868053
3.06e-05,0.88,0.784245181706,0.876719725492,-0.0154747794349
3.07e-05,0.88,0.992991028602,0.876694170437,-0.0151454460291
3.08e-05,0.88,0.907975471326,0.87667196005,-0.0148137250116
3.09e-05,0.88,0.554368347227,0.876653014906,-0.0144799468808
3.1e-05,0.88,0.0367833053763,0.876637255314,-0.0141444341782
3.11e-05,0.88,-0.4916744907,0.876624601379,-0.0138075014657
3.12e-05,0.88,-0.87469588315,0.876614973076,-0.0134694553085
3.13e-05,0.88,-0.998996520408,0.876608290315,-0.0131305942656
3.14e-05,0.88,-0.827817244507,0.876604473008,-0.0127912088865
3.15e-05,0.88,-0.411791607629,0.876603441128,-0.0124515817146
3.16e-05,0.88,0.126031291026,0.876605114774,-0.0121119872961
3.17e-05,0.88,0.626578908351,0.876609414231,-0.0117726921961
3.18e-05,0.88,0.941800879865,0.876616260021,-0.0114339550197
3.19e-05,0.88,0.978456518617,0.876625572967,-0.0110960264385
3.2e-05,0.88,0.725695142881,0.876637274242,-0.0107591492237
3.21e-05,0.88,0.258271420115,0.876651285421,-0.0104235582833
3.22e-05,0.88,-0.285558121207,0.876667528532,-0.010089480705
3.23e-05,0.88,-0.74492396937,0.876685926104,-0.00975713580433
3.24e-05,0.88,-0.983927528431,0.876706401214,-0.00942673517639
3.25e-05,0.88,-0.931846763326,0.876728877534,-0.00909848275346
3.26e-05,0.88,-0.6040689375,0.876753279366,-0.00877257486613
3.27e-05,0.88,-0.0975531603519,0.876779531693,-0.00844920030902
3.28e-05,0.88,0.437842022561,0.876807560213,-0.00812854041037
3.29e-05,0.88,0.843690245386,0.876837291377,-0.00781076910558
3.3e-05,0.88,0.999876242638,0.876868652427,-0.00749605301443
3.31e-05,0.88,0.860151178585,0.876901571429,-0.00718455152179
3.32e-05,0.88,0.465838316137,0.876935977305,-0.00687641686171
3.33e-05,0.88,-0.0663757061796,0.876971799868,-0.00657179420472
3.34e-05,0.88,-0.578960968397,0.877008969847,-0.00627082174817
3.35e-05,0.88,-0.920166990964,0.877047418916,-0.00597363080938
3.36e-05,0.88,-0.988951470452,0.877087079724,-0.00568034592162
3.37e-05,0.88,-0.764912513132,0.877127885915,-0.00539108493254
3.38e-05,0.88,-0.314354578989,0.877169772154,-0.00510595910509
3.39e-05,0.88,0.229319757721,0.877212674149,-0.00482507322069
3.4e-05,0.88,0.705098091354,0.877256528669,-0.00454852568448
3.41e-05,0.88,0.972041001494,0.877301273568,-0.00427640863258
3.42e-05,0.88,0.951039413049,0.877346847797,-0.00400880804117
3.43e-05,0.88,0.648272879653,0.877393191423,-0.00374580383728
3.44e-05,0.88,0.153408580536,0.877440245645,-0.00348747001105
3.45e-05,0.88,-0.386939423018,0.877487952804,-0.00323387472957
3.46e-05,0.88,-0.812639538125,0.8775362564,-0.00298508045184
3.47e-05,0.88,-0.997498864932,0.877585101098,-0.00274114404502
3.48e-05,0.88,-0.886682105722,0.877634432741,-0.00250211690164
3.49e-05,0.88,-0.5129945784,0.877684198359,-0.00226804505778
3.5e-05,0.88,0.0128108715803,0.877734346173,-0.00203896931198
3.51e-05,0.88,0.534844599136,0.877784825604,-0.00181492534494
3.52e-05,0.88,0.898292622385,0.877835587279,-0.00159594383963
3.53e-05,0.88,0.995333189911,0.877886583031,-0.001382050602
3.54e-05,0.88,0.797137577601,0.877937765906,-0.00117326668196
3.55e-05,0.88,0.362453344167,0.877989090162,-0.000969608494591
3.56e-05,0.88,-0.179791090513,0.878040511273,-0.000771087941548
3.57e-05,0.88,-0.668715146847,0.878091985924,-0.000577712532454
3.58e-05,0.88,-0.959216419986,0.878143472015,-0.000389485506261
3.59e-05,0.88,-0.965042545164,0.878194928657,-0.000206405952444
3.6e-05,0.88,-0.684416700295,0.878246316169,-2.84689319635e-05
3.61e-05,0.88,-0.200598509017,0.878297596072,0.00014433440211
3.62e-05,0.88,0.342801913145,0.878348731091,0.000312016684388
3.63e-05,0.88,0.784442504229,0.878399685142,0.000474594217456
3.64e-05,0.88,0.993155264355,0.87845042333,0.00063208685274
3.65e-05,0.88,0.90691483296,0.878500911941,0.000784517872039
3.66e-05,0.88,0.551289003264,0.878551118435,0.000931913869774
3.67e-05,0.88,0.0318773950634,0.878601011437,0.00107430463606
3.68e-05,0.88,-0.497031204961,0.878650560729,0.00121172304062
3.69e-05,0.88,-0.878284292662,0.878699737237,0.00134420491767
3.7e-05,0.88,-0.998564703248,0.878748513026,0.00147178895177
3.71e-05,0.88,-0.822084679716,0.878796861283,0.0015945165648
3.72e-05,0.88,-0.401252080669,0.878844756313,0.00171243180393
3.73e-05,0.88,0.138875659795,0.878892173518,0.00182558123092
3.74e-05,0.88,0.637743392398,0.878939089392,0.00193401381257
3.75e-05,0.88,0.947022091482,0.878985481505,0.00203778081239
3.76e-05,0.88,0.974719472884,0.879031328488,0.00213693568375
3.77e-05,0.88,0.712557118577,0.879076610022,0.00223153396427
3.78e-05,0.88,0.238462064693,0.879121306821,0.00232163317167
3.79e-05,0.88,-0.306582140695,0.879165400621,0.00240729270111
3.8e-05,0.88,-0.76045258973,0.879208874159,0.00248857372397
3.81e-05,0.88,-0.988111694594,0.879251711163,0.00256553908822
3.82e-05,0.88,-0.921793954923,0.879293896332,0.00263825322031
3.83e-05,0.88,-0.581192230341,0.879335415325,0.00270678202868
3.84e-05,0.88,-0.067625749212,0.879376254739,0.00277119280891
3.85e-05,0.88,0.466087725386,0.879416402094,0.0028315541505
3.86e-05,0.88,0.861100239768,0.87945584582,0.00288793584535
3.87e-05,0.88,0.999815225016,0.879494575232,0.00294040879794
3.88e-05,0.88,0.840907333475,0.879532580522,0.00298904493723
3.89e-05,0.88,0.431648287499,0.879569852734,0.00303391713032
3.9e-05,0.88,-0.106141970114,0.879606383749,0.00307509909786
3.91e-05,0.88,-0.612347551646,0.879642166268,0.00311266533123
3.92e-05,0.88,-0.936226406132,0.879677193793,0.00314669101157
3.93e-05,0.88,-0.981305466299,0.879711460608,0.00317725193052
3.94e-05,0.88,-0.734128098044,0.879744961763,0.00320442441283
3.95e-05,0.88,-0.268284039508,0.879777693055,0.00322828524083
3.96e-05,0.88,0.277488906856,0.879809651007,0.00324891158065
3.97e-05,0.88,0.740618194047,0.879840832855,0.0032663809103
3.98e-05,0.88,0.983124003241,0.879871236525,0.00328077094963
3.99e-05,0.88,0.932734567956,0.879900860614,0.0032921595921
4e-05,0.88,0.604435404416,0.879929704378,0.00330062483836
4.01e-05,0.88,0.0960237906823,0.879957767706,0.00330624473171
4.02e-05,0.88,-0.441016016602,0.879985051106,0.00330909729541
4.03e-05,0.88,-0.84664547845,0.880011555687,0.00330926047176
4.04e-05,0.88,-0.999966290402,0.880037283136,0.00330681206308
4.05e-05,0.88,-0.855261703414,0.880062235707,0.00330182967445
4.06e-05,0.88,-0.455637826773,0.880086416197,0.00329439065833
4.07e-05,0.88,0.0798084244869,0.88010982793,0.00328457206089
4.08e-05,0.88,0.591477379885,0.880132474741,0.00327245057024
4.09e-05,0.88,0.926837482296,0.880154360955,0.0032581024664
4.1e-05,0.88,0.985899755294,0.880175491371,0.00324160357298
4.11e-05,0.88,0.751037051526,0.880195871245,0.00322302921074
4.12e-05,0.88,0.292252923255,0.88021550627,0.00320245415279
4.13e-05,0.88,-0.253677198254,0.880234402564,0.00317995258155
4.14e-05,0.88,-0.723979070926,0.880252566647,0.00315559804748
4.15e-05,0.88,-0.978413123146,0.880270005427,0.00312946342938
4.16e-05,0.88,-0.9410968623,0.880286726185,0.00310162089652
4.17e-05,0.88,-0.623142359191,0.880302736556,0.00307214187228
4.18e-05,0.88,-0.119353538331,0.880318044511,0.00304109699956
4.19e-05,0.88,0.420036941796,0.880332658347,0.00300855610768
4.2e-05,0.88,0.834166502715,0.880346586665,0.00297458818104
4.21e-05,0.88,0.999518474941,0.880359838357,0.00293926132915
4.22e-05,0.88,0.866765792358,0.880372422592,0.00290264275843
4.23e-05,0.88,0.47549105752,0.880384348796,0.00286479874537
4.24e-05,0.88,-0.0576113155389,0.880395626644,0.00282579461131
4.25e-05,0.88,-0.573535688167,0.880406266038,0.00278569469863
4.26e-05,0.88,-0.918390850699,0.880416277098,0.00274456234844
4.27e-05,0.88,-0.989305161345,0.880425670145,0.00270245987971
4.28e-05,0.88,-0.765116994492,0.880434455688,0.0026594485698
4.29e-05,0.88,-0.312693224765,0.88044264441,0.00261558863633
4.3e-05,0.88,0.23301193181,0.880450247155,0.00257093922052
4.31e-05,0.88,0.709211524869,0.880457274913,0.00252555837173
4.32e-05,0.88,0.973846766534,0.88046373881,0.00247950303341
4.33e-05,0.88,0.947967622177,0.880469650094,0.00243282903026
4.34e-05,0.88,0.639288870491,0.88047502012,0.0023855910567
4.35e-05,0.88,0.139892458945,0.880479860342,0.00233784266654
4.36e-05,0.88,-0.401240178503,0.880484182301,0.00228963626381
4.37e-05,0.88,-0.822672585624,0.880487997609,0.00224102309481
4.38e-05,0.88,-0.998675599345,0.880491317941,0.00219205324131
4.39e-05,0.88,-0.876738501682,0.880494155026,0.00214277561484
4.4e-05,0.88,-0.493237037874,0.880496520632,0.00209323795203
4.41e-05,0.88,0.0374171397153,0.880498426557,0.0020434868111
4.42e-05,0.88,0.556909185525,0.880499884621,0.0019935675693
4.43e-05,0.88,0.910252953119,0.880500906651,0.00194352442141
4.44e-05,0.88,0.992030532442,0.880501504479,0.00189340037916
4.45e-05,0.88,0.777843667346,0.880501689925,0.00184323727166
4.46e-05,0.88,0.331593240626,0.880501474794,0.00179307574669
4.47e-05,0.88,-0.21358517905,0.880500870861,0.00174295527293
4.48e-05,0.88,-0.6950418337,0.88049988987,0.00169291414305
4.49e-05,0.88,-0.969138575833,0.880498543519,0.00164298947757
4.5e-05,0.88,-0.954102220649,0.880496843455,0.00159321722964
4.51e-05,0.88,-0.654420286188,0.880494801269,0.00154363219052
4.52e-05,0.88,-0.159501048333,0.880492428481,0.00149426799584
4.53e-05,0.88,0.383001767345,0.880489736542,0.0014451571326
4.54e-05,0.88,0.811240618153,0.880486736819,0.00139633094685
4.55e-05,0.88,0.997459199325,0.880483440595,0.00134781965208
4.56e-05,0.88,0.886105514858,0.880479859058,0.00129965233821
4.57e-05,0.88,0.510402871157,0.880476003296,0.00125185698126
4.58e-05,0.88,-0.017563989815,0.880471884294,0.00120446045356
4.59e-05,0.88,-0.540288847743,0.880467512924,0.00115748853458
4.6e-05,0.88,-0.901832920574,0.880462899943,0.00111096592232
4.61e-05,0.88,-0.994344192329,0.880458055985,0.00106491624512
4.62e-05,0.88,-0.790229570042,0.88045299156,0.00101936207412
4.63e-05,0.88,-0.350383230294,0.880447717045,0.000974324936049
4.64e-05,0.88,0.193982032122,0.880442242683,0.000929825326589
4.65e-05,0.88,0.680478962631,0.880436578578,0.000885882724061
4.66e-05,0.88,0.963987306939,0.88043073469,0.000842515603587
4.67e-05,0.88,0.959941881804,0.880424720832,0.000799741451594
4.68e-05,0.88,0.669554985284,0.880418546666,0.000757576780697
4.69e-05,0.88,0.17945082182,0.880412221701,0.000716037144902
4.7e-05,0.88,-0.364177129505,0.880405755291,0.000675137155139
4.71e-05,0.88,-0.799175489986,0.880399156626,0.000634890495072
4.72e-05,0.88,-0.995798039147,0.880392434738,0.000595309937196
4.73e-05,0.88,-0.89540351111,0.880385598493,0.000556407359174
4.74e-05,0.88,-0.527942600647,0.880378656589,0.000518193760414
4.75e-05,0.88,-0.00302019239087,0.880371617556,0.000480679278849
4.76e-05,0.88,0.522799220067,0.880364489755,0.000443873207918
4.77e-05,0.88,0.892689651834,0.880357281372,0.000407784013716
4.78e-05,0.88,0.996336451815,0.88035000042,0.000372419352294
4.79e-05,0.88,0.802834155745,0.880342654739,0.000337786087109
4.8e-05,0.88,0.369899194945,0.88033525199,0.000303890306576
4.81e-05,0.88,-0.173347971163,0.880327799658,0.000270737341737
4.82e-05,0.88,-0.664894087093,0.880320305051,0.000238331784003
4.83e-05,0.88,-0.958150856889,0.880312775297,0.000206677502975
4.84e-05,0.88,-0.965669134733,0.880305217347,0.000175777664306
4.85e-05,0.88,-0.685213862064,0.880297637971,0.00014563474761
4.86e-05,0.88,-0.200425636664,0.880290043761,0.000116250564385
4.87e-05,0.88,0.344126030266,0.880282441129,8.76262759494e-05
4.88e-05,0.88,0.786056371472,0.880274836308,5.97624113644e-05
4.89e-05,0.88,0.993588131264,0.880267235352,3.26588853404e-05
4.9e-05,0.88,0.904843946002,0.880259644137,6.3150161054e-06
4.91e-05,0.88,0.546292934959,0.88025206836,-1.92704567733e-05
4.92e-05,0.88,0.0248530975714,0.880244513541,-4.40993546284e-05
4.93e-05,0.88,-0.503993217137,0.880236985026,-6.81740420044e-05
4.94e-05,0.88,-0.882561686039,0.880229487982,-9.14974090541e-05
4.95e-05,0.88,-0.997981467548,0.880222027402,-0.000114072854032
4.96e-05,0.88,-0.815845757073,0.880214608108,-0.000135904265892
4.97e-05,0.88,-0.390465727664,0.880207234748,-0.000156996007008
4.98e-05,0.88,0.151327190904,0.880199911798,-0.000177352896016
4.99e-05,0.88,0.647999112662,0.880192643567,-0.000196980190799
5e-05,0.88,0.951474803159,0.880185434195,-0.000215883571615
5.01e-05,0.88,0.971282863241,0.880178287655,-0.000234069124387
5.02e-05,0.88,0.701524515288,0.880171207756,-0.000251543324149
5.03e-05,0.88,0.222627526745,0.880164198144,-0.000268313018673
5.04e-05,0.88,-0.322635415598,0.880157262305,-0.000284385412273
5.05e-05,0.88,-0.771712462284,0.880150403564,-0.000299768049799
5.06e-05,0.88,-0.990731747233,0.88014362509,-0.000314468800823
5.07e-05,0.88,-0.914407624716,0.880136929897,-0.000328495844036
5.08e-05,0.88,-0.56549873094,0.880130320846,-0.000341857651841
5.09e-05,0.88,-0.0480192242512,0.880123800647,-0.000354562975173
5.1e-05,0.88,0.483771007422,0.880117371861,-0.000366620828531
5.11e-05,0.88,0.871351673209,0.880111036905,-0.000378040475242
5.12e-05,0.88,0.999194409607,0.880104798048,-0.000388831412954
5.13e-05,0.88,0.829197196588,0.880098657422,-0.00039900335936
5.14e-05,0.88,0.412037887538,0.880092617017,-0.000408566238173
5.15e-05,0.88,-0.127935532241,0.880086678687,-0.000417530165332
5.16e-05,0.88,-0.62977230971,0.880080844152,-0.000425905435469
5.17e-05,0.88,-0.943893977858,0.880075115001,-0.000433702508618
5.18e-05,0.88,-0.976677017167,0.880069492693,-0.000440931997182
5.19e-05,0.88,-0.718355360069,0.880063978561,-0.00044760465316
5.2e-05,0.88,-0.245927567685,0.880058573814,-0.000453731355632
5.21e-05,0.88,0.299796091385,0.88005327954,-0.000459323098504
5.22e-05,0.88,0.756163988969,0.880048096709,-0.000464390978522
5.23e-05,0.88,0.987160866919,0.880043026173,-0.000468946183552
5.24e-05,0.88,0.923944439977,0.880038068674,-0.000472999981122
5.25e-05,0.88,0.585360150459,0.88003322484,-0.000476563707245
5.26e-05,0.88,0.0723213082703,0.880028495194,-0.000479648755496
5.27e-05,0.88,-0.462268951194,0.880023880153,-0.000482266566374
5.28e-05,0.88,-0.859088509309,0.880019380032,-0.000484428616931
5.29e-05,0.88,-0.999877995932,0.880014995045,-0.000486146410667
5.3e-05,0.88,-0.842682933261,0.88001072531,-0.000487431467707
5.31e-05,0.88,-0.434354293474,0.880006570851,-0.000488295315239
5.32e-05,0.88,0.103416635422,0.8800025316,-0.000488749478234
5.33e-05,0.88,0.610365973938,0.879998607401,-0.00048880547043
5.34e-05,0.88,0.935418431476,0.879994798012,-0.000488474785584
5.35e-05,0.88,0.981708363049,0.879991103106,-0.000487768889002
5.36e-05,0.88,0.735444490029,0.879987522276,-0.000486699209327
5.37e-05,0.88,0.27001736602,0.879984055037,-0.000485277130604
5.38e-05,0.88,-0.275873319146,0.87998070083,-0.000483513984598
5.39e-05,0.88,-0.739552525805,0.879977459022,-0.000481421043389
5.4e-05,0.88,-0.982846763519,0.879974328908,-0.000479009512217
5.41e-05,0.88,-0.933258154336,0.879971309719,-0.000476290522593
5.42e-05,0.88,-0.605566543641,0.879968400618,-0.00047327512567
5.43e-05,0.88,-0.0974232553466,0.879965600706,-0.00046997428586
5.44e-05,0.88,0.439749566588,0.879962909026,-0.000466398874717
5.45e-05,0.88,0.845881656535,0.879960324562,-0.000462559665058
5.46e-05,0.88,0.999953093631,0.879957846242,-0.000458467325343
5.47e-05,0.88,0.856055266453,0.879955472944,-0.00045413241429
5.48e-05,0.88,0.457069309174,0.879953203493,-0.000449565375741
5.49e-05,0.88,-0.0781131813614,0.879951036668,-0.000444776533761
5.5e-05,0.88,-0.590018476941,0.879948971202,-0.000439776087979
5.51e-05,0.88,-0.926110747495,0.879947005785,-0.000434574109157
5.52e-05,0.88,-0.9862437865,0.879945139067,-0.000429180534992
5.53e-05,0.88,-0.752501149299,0.879943369657,-0.000423605166143
5.54e-05,0.88,-0.294533585665,0.87994169613,-0.000417857662481
5.55e-05,0.88,0.251196076496,0.879940117026,-0.00041194753956
5.56e-05,0.88,0.722075666785,0.879938630852,-0.000405884165302
5.57e-05,0.88,0.977797442914,0.879937236087,-0.000399676756898
5.58e-05,0.88,0.94216512912,0.87993593118,-0.000393334377912
5.59e-05,0.88,0.625797261261,0.879934714555,-0.000386865935594
5.6e-05,0.88,0.122962348124,0.879933584613,-0.000380280178393
5.61e-05,0.88,-0.416510736612,0.879932539733,-0.000373585693666
5.62e-05,0.88,-0.831877076335,0.879931578271,-0.000366790905585
5.63e-05,0.88,-0.999372148015,0.879930698569,-0.000359904073225
5.64e-05,0.88,-0.86908897082,0.87992989895,-0.000352933288842
5.65e-05,0.88,-0.479848087927,0.879929177724,-0.000345886476339
5.66e-05,0.88,0.052370077703,0.879928533186,-0.000338771389892
5.67e-05,0.88,0.568983527628,0.879927963624,-0.00033159561277
5.68e-05,0.88,0.916060416797,0.879927467311,-0.000324366556305
5.69e-05,0.88,0.990184934379,0.879927042518,-0.000317091459044
5.7e-05,0.88,0.769271109178,0.879926687507,-0.000309777386048
5.71e-05,0.88,0.31914332546,0.879926400534,-0.000302431228354
5.72e-05,0.88,-0.226077064286,0.879926179854,-0.000295059702593
5.73e-05,0.88,-0.703934907717,0.879926023721,-0.00028766935075
5.74e-05,0.88,-0.972046693019,0.879925930386,-0.000280266540071
5.75e-05,0.88,-0.950525335813,0.879925898104,-0.000272857463113
5.76e-05,0.88,-0.645783414939,0.879925925131,-0.000265448137926
5.77e-05,0.88,-0.148622450925,0.879926009727,-0.000258044408368
5.78e-05,0.88,0.392822447219,0.879926150158,-0.000250651944552
5.79e-05,0.88,0.817221145293,0.879926344693,-0.000243276243413
5.8e-05,0.88,0.998118709138,0.879926591614,-0.000235922629394
5.81e-05,0.88,0.881614238583,0.879926889206,-0.000228596255254
5.82e-05,0.88,0.502421445094,0.879927235768,-0.000221302102978
5.83e-05,0.88,-0.0264745318863,0.879927629607,-0.000214044984807
5.84e-05,0.88,-0.547482293232,0.879928069044,-0.000206829544364
5.85e-05,0.88,-0.905360481471,0.87992855241,-0.000199660257879
5.86e-05,0.88,-0.993474052787,0.879929078052,-0.000192541435518
5.87e-05,0.88,-0.785567852328,0.879929644331,-0.000185477222796
5.88e-05,0.88,-0.343590038581,0.879930249623,-0.000178471602086
5.89e-05,0.88,0.200765897901,0.879930892321,-0.000171528394205
5.9e-05,0.88,0.685300882578,0.879931570835,-0.000164651260091
5.91e-05,0.88,0.965639856515,0.879932283592,-0.000157843702547
5.92e-05,0.88,0.958250746552,0.879933029038,-0.000151109068065
5.93e-05,0.88,0.665334569893,0.87993380564,-0.000144450548724
5.94e-05,0.88,0.17417009467,0.879934611883,-0.000137871184143
5.95e-05,0.88,-0.368891907772,0.879935446272,-0.000131373863508
5.96e-05,0.88,-0.802036185946,0.879936307335,-0.000124961327656
5.97e-05,0.88,-0.996198817819,0.87993719362,-0.000118636171211
5.98e-05,0.88,-0.893524537196,0.879938103699,-0.000112400844783
5.99e-05,0.88,-0.524606357938,0.879939036165,-0.000106257657204
6e-05,0.88,0.000629630278833,0.879939989634,-0.000100208777822
6.01e-05,0.88,0.525678521797,0.879940962748,-9.4256238831e-05
6.02e-05,0.88,0.894090338809,0.87994195417,-8.84019376479e-05
6.03e-05,0.88,0.996087854549,0.879942962588,-8.26476393202e-05
6.04e-05,0.88,0.801277640366,0.879943986717,-7.69949789729e-05
6.05e-05,0.88,0.367707134209,0.879945025293,-7.14454642846e-05
6.06e-05,0.88,-0.175431336082,0.879946077081,-6.6000477993e-05
6.07e-05,0.88,-0.666296131584,0.879947140868,-6.06612804263e-05
6.08e-05,0.88,-0.958620994758,0.879948215469,-5.54290120573e-05
6.09e-05,0.88,-0.965299145465,0.879949299725,-5.0304696078e-05
6.1e-05,0.88,-0.684339642398,0.8799503925,-4.5289240992e-05
6.11e-05,0.88,-0.199461348943,0.879951492689,-4.03834432225e-05
6.12e-05,0.88,0.344852821018,0.879952599208,-3.55879897325e-05
6.13e-05,0.88,0.786408388455,0.879953711003,-3.09034606553e-05
6.14e-05,0.88,0.993629967697,0.879954827046,-2.63303319335e-05
6.15e-05,0.88,0.904768538937,0.879955946333,-2.18689779628e-05
6.16e-05,0.88,0.546302148874,0.87995706789,-1.75196742403e-05
6.17e-05,0.88,0.0250466646753,0.879958190767,-1.32826000123e-05
6.18e-05,0.88,-0.503672911311,0.879959314042,-9.15784092315e-06
6.19e-05,0.88,-0.882306443573,0.879960436817,-5.14539165941e-06
6.2e-05,0.88,-0.998026237152,0.879961558223,-1.24515859011e-06
6.21e-05,0.88,-0.816348479287,0.879962677416,2.54303760045e-06
6.22e-05,0.88,-0.391409627372,0.879963793579,6.21945928851e-06
6.23e-05,0.88,0.150164808991,0.87996490592,9.78444929728e-06
6.24e-05,0.88,0.646992539746,0.879966013673,1.32384282958e-05
6.25e-05,0.88,0.951024315548,0.8799671161,1.65818922118e-05
6.26e-05,0.88,0.971661170429,0.879968212486,1.98154096602e-05
6.27e-05,0.88,0.702752518897,0.879969302142,2.29396193889e-05
6.28e-05,0.88,0.224429685276,0.879970384405,2.59552277436e-05
6.29e-05,0.88,-0.320771846722,0.879971458637,2.88630061522e-05
6.3e-05,0.88,-0.770386412375,0.879972524223,3.16637886314e-05
6.31e-05,0.88,-0.990431656362,0.879973580576,3.43584693163e-05
6.32e-05,0.88,-0.915334683142,0.879974627131,3.69480000134e-05
6.33e-05,0.88,-0.567472976147,0.879975663347,3.94333877803e-05
6.34e-05,0.88,-0.0505067203409,0.879976688707,4.1815692531e-05
6.35e-05,0.88,0.481510863023,0.879977702719,4.40960246694e-05
6.36e-05,0.88,0.870040453566,0.879978704912,4.62755427514e-05
6.37e-05,0.88,0.999300877785,0.879979694839,4.83554511774e-05
6.38e-05,0.88,0.830771984425,0.879980672077,5.03369979146e-05
6.39e-05,0.88,0.414674180093,0.879981636222,5.22214722515e-05
6.4e-05,0.88,-0.124996546167,0.879982586895,5.40102025854e-05
6.41e-05,0.88,-0.627418859459,0.879983523738,5.57045542422e-05
6.42e-05,0.88,-0.942870638511,0.879984446412,5.73059273307e-05
6.43e-05,0.88,-0.977346404123,0.879985354602,5.88157546324e-05
6.44e-05,0.88,-0.720571500819,0.879986248013,6.02354995253e-05
6.45e-05,0.88,-0.249064550121,0.879987126368,6.15666539451e-05
6.46e-05,0.88,0.296664719734,0.879987989411,6.28107363822e-05
6.47e-05,0.88,0.753987417714,0.879988836908,6.3969289916e-05
6.48e-05,0.88,0.986619394806,0.87998966864,6.50438802868e-05
6.49e-05,0.88,0.92523470401,0.879990484409,6.60360940058e-05
6.5e-05,0.88,0.588125508245,0.879991284036,6.69475365036e-05
6.51e-05,0.88,0.0757514619698,0.879992067358,6.77798303171e-05
6.52e-05,0.88,-0.459197372547,0.87999283423,6.85346133157e-05
6.53e-05,0.88,-0.857302854887,0.879993584525,6.92135369667e-05
6.54e-05,0.88,-0.999926460475,0.879994318132,6.98182646406e-05
6.55e-05,0.88,-0.844564691869,0.879995034958,7.03504699556e-05
6.56e-05,0.88,-0.437515890249,0.879995734923,7.08118351625e-05
6.57e-05,0.88,0.0999165754396,0.879996417964,7.1204049569e-05
6.58e-05,0.88,0.607573394193,0.879997084035,7.15288080048e-05
6.59e-05,0.88,0.934168085662,0.879997733102,7.17878093265e-05
6.6e-05,0.88,0.982371899265,0.879998365147,7.19827549625e-05
6.61e-05,0.88,0.737819044449,0.879998980165,7.2115347498e-05
6.62e-05,0.88,0.27338825058,0.879999578164,7.21872893007e-05
6.63e-05,0.88,-0.272515485761,0.880000159168,7.22002811858e-05
6.64e-05,0.88,-0.737206866173,0.88000072321,7.21560211213e-05
6.65e-05,0.88,-0.982202314579,0.880001270338,7.20562029728e-05
6.66e-05,0.88,-0.93448986573,0.880001800612,7.19025152881e-05
6.67e-05,0.88,-0.608287915393,0.880002314101,7.16966401212e-05
6.68e-05,0.88,-0.100808310718,0.880002810887,7.14402518953e-05
6.69e-05,0.88,0.436713729788,0.880003291064,7.11350163053e-05
6.7e-05,0.88,0.844089538333,0.880003754735,7.07825892579e-05
6.71e-05,0.88,0.999915389224,0.880004202011,7.03846158514e-05
6.72e-05,0.88,0.857752650588,0.880004633017,6.99427293927e-05
6.73e-05,0.88,0.45996741819,0.880005047884,6.94585504524e-05
6.74e-05,0.88,-0.0748949058991,0.880005446752,6.89336859572e-05
6.75e-05,0.88,-0.587437660813,0.880005829772,6.83697283198e-05
6.76e-05,0.88,-0.924915412849,0.880006197101,6.77682546042e-05
6.77e-05,0.88,-0.986754456046,0.880006548903,6.71308257292e-05
6.78e-05,0.88,-0.75452548819,0.880006885353,6.64589857057e-05
6.79e-05,0.88,-0.297436054879,0.880007206629,6.57542609111e-05
6.8e-05,0.88,0.248294179723,0.880007512919,6.50181593974e-05
6.81e-05,0.88,0.720028932606,0.880007804415,6.42521702342e-05
6.82e-05,0.88,0.977183515076,0.880008081316,6.34577628863e-05
6.83e-05,0.88,0.943121445998,0.880008343828,6.26363866237e-05
6.84e-05,0.88,0.627993540049,0.88000859216,6.17894699651e-05
6.85e-05,0.88,0.125712967906,0.880008826527,6.09184201545e-05
6.86e-05,0.88,-0.414032308862,0.88000904715,6.00246226684e-05
6.87e-05,0.88,-0.83038902078,0.880009254254,5.91094407557e-05
6.88e-05,0.88,-0.999275629394,0.880009448065,5.81742150075e-05
6.89e-05,0.88,-0.870360846478,0.880009628819,5.7220262958e-05
6.9e-05,0.88,-0.48206335018,0.880009796749,5.62488787145e-05
6.91e-05,0.88,0.0498975365153,0.880009952096,5.52613326167e-05
6.92e-05,0.88,0.566988158635,0.880010095101,5.42588709251e-05
6.93e-05,0.88,0.915106335569,0.880010226011,5.32427155366e-05
6.94e-05,0.88,0.990506577343,0.880010345071,5.22140637283e-05
6.95e-05,0.88,0.770718157879,0.880010452532,5.11740879274e-05
6.96e-05,0.88,0.321241871108,0.880010548646,5.01239355081e-05
6.97e-05,0.88,-0.223970320442,0.880010633664,4.90647286135e-05
6.98e-05,0.88,-0.702435354635,0.880010707843,4.79975640026e-05
6.99e-05,0.88,-0.971561963894,0.880010771436,4.69235129221e-05
7e-05,0.88,-0.95114548732,0.880010824702,4.58436210021e-05
7.01e-05,0.88,-0.647270356553,0.880010867897,4.47589081741e-05
7.02e-05,0.88,-0.150496858644,0.88001090128,4.36703686125e-05
7.03e-05,0.88,0.39112746177,0.880010925107,4.2578970698e-05
7.04e-05,0.88,0.816188671689,0.880010939638,4.14856570018e-05
7.05e-05,0.88,0.998010760915,0.880010945131,4.03913442915e-05
7.06e-05,0.88,0.882407420978,0.880010941842,3.9296923556e-05
7.07e-05,0.88,0.503830561714,0.880010930029,3.82032600511e-05
7.08e-05,0.88,-0.024896991897,0.880010909948,3.71111933636e-05
7.09e-05,0.88,-0.546204775024,0.880010881855,3.60215374932e-05
7.1e-05,0.88,-0.904733570587,0.880010846004,3.49350809533e-05
7.11e-05,0.88,-0.993635292831,0.880010802648,3.38525868882e-05
7.12e-05,0.88,-0.786415651355,0.880010752038,3.27747932068e-05
7.13e-05,0.88,-0.344829904736,0.880010694425,3.17024127329e-05
7.14e-05,0.88,0.199521362064,0.880010630057,3.06361333705e-05
7.15e-05,0.88,0.684411625952,0.88001055918,2.95766182839e-05
7.16e-05,0.88,0.965334874073,0.88001048204,2.85245060921e-05
7.17e-05,0.88,0.958570987442,0.880010398877,2.74804110774e-05
7.18e-05,0.88,0.666135802593,0.880010309933,2.64449234062e-05
7.19e-05,0.88,0.175180301348,0.880010215444,2.54186093633e-05
7.2e-05,0.88,-0.367981992833,0.880010115646,2.44020115975e-05
7.21e-05,0.88,-0.801479084656,0.880010010771,2.33956493795e-05
7.22e-05,0.88,-0.996121234795,0.88000990105,2.24000188696e-05
7.23e-05,0.88,-0.893901749672,0.880009786708,2.14155933972e-05
7.24e-05,0.88,-0.525283932508,0.88000966797,2.04428237491e-05
7.25e-05,0.88,-0.000122409885791,0.880009545058,1.94821384679e-05
7.26e-05,0.88,0.525075526216,0.880009418187,1.85339441587e-05
7.27e-05,0.88,0.893791838521,0.880009287574,1.75986258046e-05
7.28e-05,0.88,0.996142808884,0.880009153429,1.667654709e-05
7.29e-05,0.88,0.801626217527,0.880009015961,1.57680507313e-05
7.3e-05,0.88,0.368211441198,0.880008875374,1.48734588147e-05
7.31e-05,0.88,-0.174936494348,0.88000873187,1.39930731396e-05
7.32e-05,0.88,-0.665950339588,0.880008585645,1.31271755698e-05
7.33e-05,0.88,-0.9584998019,0.880008436894,1.2276028388e-05
7.34e-05,0.88,-0.965400385328,0.880008285807,1.14398746575e-05
7.35e-05,0.88,-0.684595741745,0.880008132571,1.0618938587e-05
7.36e-05,0.88,-0.199770397579,0.88000797737,9.81342590087e-06
7.37e-05,0.88,0.34458969972,0.880007820381,9.02352421229e-06
7.38e-05,0.88,0.786256405853,0.880007661781,8.2494034005e-06
7.39e-05,0.88,0.993605997416,0.880007501741,7.49121599079e-06
7.4e-05,0.88,0.904845107177,0.88000734043,6.7490975372e-06
7.41e-05,0.88,0.546426042319,0.88000717801,6.02316700758e-06
7.42e-05,0.88,0.0251634707616,0.880007014642,5.31352717043e-06
7.43e-05,0.88,-0.503598121743,0.880006850483,4.62026498338e-06
7.44e-05,0.88,-0.882279563326,0.880006685683,3.94345198287e-06
7.45e-05,0.88,-0.998028023497,0.880006520393,3.2831446746e-06
7.46e-05,0.88,-0.816348828923,0.880006354756,2.63938492464e-06
7.47e-05,0.88,-0.391385301323,0.880006188913,2.01220035058e-06
7.48e-05,0.88,0.150216882512,0.880006023,1.40160471275e-06
7.49e-05,0.88,0.647052092707,0.88000585715,8.07598304844e-07
7.5e-05,0.88,0.951056069397,0.880005691492,2.30168343962e-07
7.51e-05,0.88,0.971631241487,0.880005526151,-3.30710640419e-07
7.52e-05,0.88,0.702646057575,0.880005361248,-8.75076418723e-07
7.53e-05,0.88,0.224262170316,0.8800051969,-1.4029786751e-06
7.54e-05,0.88,-0.320955002452,0.88000503322,-1.91447862309e-06
7.55e-05,0.88,-0.770522893458,0.880004870319,-2.40964862324e-06
7.56e-05,0.88,-0.990463926349,0.880004708301,-2.8885718032e-06
7.57e-05,0.88,-0.915232688377,0.880004547269,-3.35134168015e-06
7.58e-05,0.88,-0.567249296244,0.880004387322,-3.79806178612e-06
7.59e-05,0.88,-0.0502177811031,0.880004228553,-4.22884529619e-06
7.6e-05,0.88,0.481779242727,0.880004071054,-4.64381465997e-06
7.61e-05,0.88,0.870199367156,0.880003914911,-5.04310123634e-06
7.62e-05,0.88,0.999288186905,0.88000376021,-5.42684493182e-06
7.63e-05,0.88,0.830575621536,0.880003607029,-5.79519384269e-06
7.64e-05,0.88,0.414340422441,0.880003455445,-6.14830390097e-06
7.65e-05,0.88,-0.125373666963,0.880003305532,-6.48633852458e-06
7.66e-05,0.88,-0.627724667343,0.880003157359,-6.80946827166e-06
7.67e-05,0.88,-0.943005419605,0.880003010992,-7.1178704993e-06
7.68e-05,0.88,-0.977258249493,0.880002866495,-7.41172902684e-06
7.69e-05,0.88,-0.720275502941,0.880002723927,-7.69123380379e-06
7.7e-05,0.88,-0.248641464796,0.880002583344,-7.95658058257e-06
7.71e-05,0.88,0.297090825647,0.8800024448,-8.20797059615e-06
7.72e-05,0.88,0.754286221617,0.880002308345,-8.44561024072e-06
7.73e-05,0.88,0.986694802143,0.880002174025,-8.6697107635e-06
7.74e-05,0.88,0.925056014575,0.880002041885,-8.88048795574e-06
7.75e-05,0.88,0.587739105191,0.880001911966,-9.07816185108e-06
7.76e-05,0.88,0.0752687698832,0.880001784305,-9.26295642925e-06
7.77e-05,0.88,-0.459632510743,0.880001658938,-9.43509932535e-06
7.78e-05,0.88,-0.857557668159,0.880001535897,-9.59482154454e-06
7.79e-05,0.88,-0.999920273125,0.880001415211,-9.74235718244e-06
7.8e-05,0.88,-0.844294667814,0.880001296908,-9.87794315118e-06
7.81e-05,0.88,-0.43705924421,0.880001181011,-1.00018189112e-05
7.82e-05,0.88,0.100424943345,0.880001067542,-1.01142262085e-05
7.83e-05,0.88,0.607981258959,0.88000095652,-1.02154088186e-05
7.84e-05,0.88,0.934352018905,0.880000847962,-1.03056122949e-05
7.85e-05,0.88,0.982275021743,0.880000741881,-1.03850837243e-05
7.86e-05,0.88,0.737468756621,0.88000063829,-1.0454071488e-05
7.87e-05,0.88,0.272888389119,0.880000537198,-1.05128250282e-05
7.88e-05,0.88,-0.273015775511,0.880000438612,-1.05615946209e-05
7.89e-05,0.88,-0.737558096757,0.880000342537,-1.06006311547e-05
7.9e-05,0.88,-0.982299764003,0.880000248977,-1.06301859154e-05
7.91e-05,0.88,-0.934305089592,0.880000157931,-1.06505103762e-05
7.92e-05,0.88,-0.607877106583,0.8800000694,-1.06618559947e-05
7.93e-05,0.88,-0.100295046076,0.879999983379,-1.0664474015e-05
7.94e-05,0.88,0.43717599889,0.879999899864,-1.06586152759e-05
7.95e-05,0.88,0.844363760543,0.879999818847,-1.06445300252e-05
7.96e-05,0.88,0.999921880671,0.879999740321,-1.06224677395e-05
7.97e-05,0.88,0.857492415384,0.879999664275,-1.05926769503e-05
7.98e-05,0.88,0.459520957011,0.879999590697,-1.05554050753e-05
7.99e-05,0.88,-0.0753926596533,0.879999519574,-1.05108982562e-05
8e-05,0.88,-0.58783841829,0.87999945089,-1.04594012012e-05
8.01e-05,0.88,-0.925102024333,0.879999384629,-1.04011570343e-05
8.02e-05,0.88,-0.986675379565,0.879999320773,-1.03364071492e-05
8.03e-05,0.88,-0.75420902981,0.879999259302,-1.02653910699e-05
8.04e-05,0.88,-0.296980455059,0.879999200196,-1.01883463156e-05
8.05e-05,0.88,0.248751386639,0.879999143432,-1.01055082719e-05
8.06e-05,0.88,0.720352681555,0.879999088988,-1.00171100675e-05
8.07e-05,0.88,0.977281340407,0.87999903684,-9.92338245527e-06
8.08e-05,0.88,0.942969989315,0.879998986961,-9.82455370009e-06
8.09e-05,0.88,0.627643813278,0.879998939326,-9.72084947063e-06
8.1e-05,0.88,0.125273312512,0.879998893906,-9.61249273695e-06
8.11e-05,0.88,-0.414429903023,0.879998850674,-9.49970367307e-06
8.12e-05,0.88,-0.830628727374,0.879998809601,-9.38269956456e-06
8.13e-05,0.88,-0.999291664251,0.879998770655,-9.26169472102e-06
8.14e-05,0.88,-0.870155466331,0.879998733806,-9.13690039354e-06
8.15e-05,0.88,-0.481704072418,0.879998699022,-9.00852469691e-06
8.16e-05,0.88,0.0503000220629,0.879998666271,-8.87677253653e-06
8.17e-05,0.88,0.567314182146,0.87999863552,-8.74184554003e-06
8.18e-05,0.88,0.915262952471,0.879998606734,-8.60394199341e-06
8.19e-05,0.88,0.990454097131,0.879998579881,-8.46325678164e-06
8.2e-05,0.88,0.770479919756,0.879998554924,-8.31998133374e-06
8.21e-05,0.88,0.320894965786,0.879998531828,-8.17430357211e-06
8.22e-05,0.88,-0.224319907426,0.879998510559,-8.02640786609e-06
8.23e-05,0.88,-0.702685182378,0.879998491079,-7.8764749897e-06
8.24e-05,0.88,-0.971643210393,0.879998473352,-7.72468208341e-06
8.25e-05,0.88,-0.951041814888,0.879998457342,-7.57120261988e-06
8.26e-05,0.88,-0.647020433029,0.87999844301,-7.41620637361e-06
8.27e-05,0.88,-0.150180491574,0.879998430321,-7.25985939437e-06
8.28e-05,0.88,0.391414731994,0.879998419235,-7.10232398428e-06
8.29e-05,0.88,0.816364448815,0.879998409716,-6.9437586786e-06
8.3e-05,0.88,0.998029404101,0.879998401726,-6.78431822998e-06
8.31e-05,0.88,0.882271634604,0.879998395226,-6.62415359617e-06
8.32e-05,0.88,0.503588116586,0.879998390179,-6.46341193106e-06
8.33e-05,0.88,-0.0251696810383,0.879998386546,-6.30223657899e-06
8.34e-05,0.88,-0.546426661156,0.87999838429,-6.14076707222e-06
8.35e-05,0.88,-0.904843047521,0.879998383371,-5.97913913147e-06
8.36e-05,0.88,-0.993607184692,0.879998383753,-5.81748466948e-06
8.37e-05,0.88,-0.786266474598,0.879998385397,-5.65593179741e-06
8.38e-05,0.88,-0.344610514478,0.879998388265,-5.4946048341e-06
8.39e-05,0.88,0.199742817452,0.879998392319,-5.33362431802e-06
8.4e-05,0.88,0.684570799665,0.879998397523,-5.17310702185e-06
8.41e-05,0.88,0.96538985451,0.879998403838,-5.01316596965e-06
8.42e-05,0.88,0.958513096049,0.879998411228,-4.85391045642e-06
8.43e-05,0.88,0.665989860122,0.879998419655,-4.69544607006e-06
8.44e-05,0.88,0.174994986703,0.879998429082,-4.53787471563e-06
8.45e-05,0.88,-0.368150147884,0.879998439474,-4.38129464179e-06
8.46e-05,0.88,-0.801582859855,0.879998450794,-4.22580046934e-06
8.47e-05,0.88,-0.996135856216,0.879998463007,-4.07148322185e-06
8.48e-05,0.88,-0.893830384585,0.879998476076,-3.91843035813e-06
8.49e-05,0.88,-0.525154489297,0.879998489967,-3.7667258067e-06
8.5e-05,0.88,2.2722825514e-05,0.879998504645,-3.61645000191e-06
8.51e-05,0.88,0.525193171369,0.879998520076,-3.46767992189e-06
8.52e-05,0.88,0.893850778687,0.879998536225,-3.32048912802e-06
8.53e-05,0.88,0.99613185642,0.87999855306,-3.17494780599e-06
8.54e-05,0.88,0.801555597562,0.879998570546,-3.03112280835e-06
8.55e-05,0.88,0.368107674754,0.879998588652,-2.88907769844e-06
8.56e-05,0.88,-0.175040064027,0.879998607345,-2.74887279559e-06
8.57e-05,0.88,-0.666024102767,0.879998626593,-2.61056522165e-06
8.58e-05,0.88,-0.958526219786,0.879998646366,-2.47420894862e-06
8.59e-05,0.88,-0.965377803905,0.879998666632,-2.33985484741e-06
8.6e-05,0.88,-0.68453699474,0.879998687361,-2.20755073762e-06
8.61e-05,0.88,-0.199697191115,0.879998708523,-2.07734143834e-06
8.62e-05,0.88,0.344654420402,0.87999873009,-1.94926881971e-06
8.63e-05,0.88,0.786295510645,0.879998752031,-1.82337185545e-06
8.64e-05,0.88,0.993612515707,0.879998774321,-1.69968667606e-06
8.65e-05,0.88,0.904822830217,0.879998796929,-1.57824662276e-06
8.66e-05,0.88,0.546386668519,0.879998819831,-1.45908230206e-06
8.67e-05,0.88,0.0251216646786,0.879998842998,-1.34222164085e-06
8.68e-05,0.88,-0.503629865756,0.879998866406,-1.2276899421e-06
8.69e-05,0.88,-0.882294525556,0.879998890028,-1.11550994093e-06
8.7e-05,0.88,-0.998026331634,0.87999891384,-1.00570186114e-06
8.71e-05,0.88,-0.816335990837,0.879998937818,-8.98283472014e-07
8.72e-05,0.88,-0.391369080154,0.879998961937,-7.93270145456e-07
8.73e-05,0.88,0.15022987951,0.879998986176,-6.90674913372e-07
8.74e-05,0.88,0.647058790436,0.879999010511,-5.90508525189e-07
8.75e-05,0.88,0.951057473077,0.87999903492,-4.92779505535e-07
8.76e-05,0.88,0.971631142248,0.879999059382,-3.97494211991e-07
8.77e-05,0.88,0.702648607765,0.879999083876,-3.04656892879e-07
8.78e-05,0.88,0.224269448947,0.879999108382,-2.14269745033e-07
8.79e-05,0.88,-0.320944361589,0.87999913288,-1.26332971518e-07
8.8e-05,0.88,-0.770513406362,0.879999157351,-4.08448392396e-08
8.81e-05,0.88,-0.990461389163,0.879999181777,4.21982635812e-08
8.82e-05,0.88,-0.915241483498,0.87999920614,1.22801770127e-07
8.83e-05,0.88,-0.567269989042,0.879999230423,2.00972877925e-07
8.84e-05,0.88,-0.0502460546699,0.879999254607,2.76720492051e-07
8.85e-05,0.88,0.481751746698,0.879999278679,3.50055168631e-07
8.86e-05,0.88,0.870182451328,0.879999302621,4.20989058691e-07
8.87e-05,0.88,0.999289588565,0.879999326418,4.89535852362e-07
8.88e-05,0.88,0.830597843596,0.879999350057,5.55710723497e-07
8.89e-05,0.88,0.41437912369,0.879999373522,6.19530274731e-07
8.9e-05,0.88,-0.125328988376,0.879999396801,6.81012482991e-07
8.91e-05,0.88,-0.627687740915,0.879999419881,7.40176645519e-07
8.92e-05,0.88,-0.94298886913,0.879999442749,7.97043326405e-07
8.93e-05,0.88,-0.977269257999,0.879999465393,8.51634303686e-07
8.94e-05,0.88,-0.720312964707,0.879999487802,9.03972517006e-07
8.95e-05,0.88,-0.248695693501,0.879999509966,9.54082015889e-07
8.96e-05,0.88,0.297035570054,0.879999531873,1.00198790863e-06
8.97e-05,0.88,0.754247058419,0.879999553514,1.04771631185e-06
8.98e-05,0.88,0.986684829013,0.87999957488,1.09129430068e-06
8.99e-05,0.88,0.925079909804,0.879999595961,1.13274985968e-06
9e-05,0.88,0.58779121036,0.87999961675,1.17211183442e-06
9.01e-05,0.88,0.0753343828828,0.879999637238,1.20940988382e-06
9.02e-05,0.88,-0.459572914918,0.879999657419,1.24467443323e-06
9.03e-05,0.88,-0.857522525467,0.879999677284,1.27793662824e-06
9.04e-05,0.88,-0.99992114754,0.879999696828,1.30922828926e-06
9.05e-05,0.88,-0.844332432074,0.879999716045,1.33858186693e-06
9.06e-05,0.88,-0.43712348625,0.879999734928,1.36603039827e-06
9.07e-05,0.88,0.100353015267,0.879999753473,1.39160746367e-06
9.08e-05,0.88,0.607923236803,0.879999771675,1.41534714471e-06
9.09e-05,0.88,0.934325723762,0.87999978953,1.43728398276e-06
9.1e-05,0.88,0.982288966622,0.879999807032,1.45745293847e-06
9.11e-05,0.88,0.737519379881,0.87999982418,1.47588935207e-06
9.12e-05,0.88,0.272960957847,0.879999840969,1.49262890452e-06
9.13e-05,0.88,-0.272942822019,0.879999857397,1.50770757956e-06
9.14e-05,0.88,-0.737506662669,0.879999873461,1.52116162656e-06
9.15e-05,0.88,-0.982285445771,0.87999988916,1.53302752429e-06
9.16e-05,0.88,-0.934332398576,0.879999904491,1.54334194551e-06
9.17e-05,0.88,-0.607938040973,0.879999919452,1.5521417225e-06
9.18e-05,0.88,-0.100371463775,0.879999934044,1.55946381338e-06
9.19e-05,0.88,0.43710692066,0.879999948265,1.56534526937e-06
9.2e-05,0.88,0.844322640339,0.879999962114,1.56982320292e-06
9.21e-05,0.88,0.999920919964,0.879999975593,1.57293475667e-06
9.22e-05,0.88,0.857531746139,0.879999988699,1.57471707334e-06
9.23e-05,0.88,0.459588650769,0.880000001435,1.57520726645e-06
9.24e-05,0.88,-0.0753169411165,0.880000013801,1.57444239195e-06
9.25e-05,0.88,-0.587777259132,0.880000025797,1.57245942069e-06
9.26e-05,0.88,-0.925073462102,0.880000037426,1.56929521174e-06
9.27e-05,0.88,-0.986687543388,0.880000048688,1.56498648665e-06
9.28e-05,0.88,-0.754257814627,0.880000059585,1.55956980443e-06
9.29e-05,0.88,-0.297050899417,0.88000007012,1.55308153752e-06
9.3e-05,0.88,0.248680481216,0.880000080294,1.54555784853e-06
9.31e-05,0.88,0.720302325916,0.88000009011,1.53703466784e-06
9.32e-05,0.88,0.977266088708,0.880000099571,1.52754767198e-06
9.33e-05,0.88,0.942993708427,0.880000108679,1.51713226294e-06
9.34e-05,0.88,0.627698726581,0.880000117437,1.50582354822e-06
9.35e-05,0.88,0.125342544475,0.88000012585,1.49365632169e-06
9.36e-05,0.88,-0.414367113993,0.880000133919,1.48066504528e-06
9.37e-05,0.88,-0.830590766603,0.880000141649,1.46688383145e-06
9.38e-05,0.88,-0.999289128662,0.880000149043,1.45234642646e-06
9.39e-05,0.88,-0.870188203705,0.880000156106,1.43708619438e-06
9.4e-05,0.88,-0.481761498854,0.880000162841,1.42113610188e-06
9.41e-05,0.88,0.0502355044098,0.880000169253,1.4045287038e-06
9.42e-05,0.88,0.567261770669,0.880000175346,1.3872961294e-06
9.43e-05,0.88,0.915237705725,0.880000181124,1.36947006941e-06
9.44e-05,0.88,0.990462595376,0.880000186591,1.3510817638e-06
9.45e-05,0.88,0.770518578128,0.880000191754,1.33216199015e-06
9.46e-05,0.88,0.320951421648,0.880000196615,1.3127410529e-06
9.47e-05,0.88,-0.224262844657,0.880000201181,1.2928487731e-06
9.48e-05,0.88,-0.702644280733,0.880000205457,1.27251447901e-06
9.49e-05,0.88,-0.9716298728,0.880000209446,1.25176699721e-06
9.5e-05,0.88,-0.951058905681,0.880000213155,1.23063464445e-06
9.51e-05,0.88,-0.647061754043,0.880000216588,1.20914522015e-06
9.52e-05,0.88,-0.150232964646,0.880000219752,1.18732599942e-06
9.53e-05,0.88,0.391366929634,0.88000022265,1.16520372684e-06
9.54e-05,0.88,0.816335103462,0.880000225289,1.14280461074e-06
9.55e-05,0.88,0.998026286475,0.880000227675,1.12015431807e-06
9.56e-05,0.88,0.882294471636,0.880000229811,1.09727796989e-06
9.57e-05,0.88,0.503629032588,0.880000231705,1.07420013742e-06
9.58e-05,0.88,-0.0251234942472,0.880000233362,1.05094483855e-06
9.59e-05,0.88,-0.546388939478,0.880000234786,1.02753553504e-06
9.6e-05,0.88,-0.90482436651,0.880000235985,1.0039951301e-06
9.61e-05,0.88,-0.993612005662,0.880000236962,9.80345966522e-07
9.62e-05,0.88,-0.786292145803,0.880000237725,9.56609825369e-07
9.63e-05,0.88,-0.344648425092,0.880000238278,9.32807925054e-07
9.64e-05,0.88,0.199704384392,0.880000238628,9.08960920942e-07
9.65e-05,0.88,0.684543051994,0.88000023878,8.85088905396e-07
9.66e-05,0.88,0.965380227366,0.880000238739,8.61211408261e-07
9.67e-05,0.88,0.95852328855,0.880000238511,8.3734739778e-07
9.68e-05,0.88,0.666015680279,0.880000238102,8.13515281927e-07
9.69e-05,0.88,0.175027944419,0.880000237517,7.89732910139e-07
9.7e-05,0.88,-0.368120077638,0.880000236762,7.66017575441e-07
9.71e-05,0.88,-0.801564195905,0.880000235842,7.42386016948e-07
9.72e-05,0.88,-0.996133212336,0.880000234764,7.18854422725e-07
9.73e-05,0.88,-0.893843383384,0.880000233531,6.95438433011e-07
9.74e-05,0.88,-0.52517822393,0.88000023215,6.72153143763e-07
9.75e-05,0.88,-4.07786968941e-06,0.880000230627,6.49013110546e-07
9.76e-05,0.88,0.52517128259,0.880000228966,6.26032352716e-07
9.77e-05,0.88,0.893839724696,0.880000227172,6.03224357922e-07
9.78e-05,0.88,0.99613392962,0.880000225252,5.80602086886e-07
9.79e-05,0.88,0.8015690818,0.88000022321,5.58177978461e-07
9.8e-05,0.88,0.368127683762,0.880000221051,5.35963954953e-07
9.81e-05,0.88,-0.175019879444,0.880000218781,5.13971427704e-07
9.82e-05,0.88,-0.666009560493,0.880000216404,4.92211302901e-07
9.83e-05,0.88,-0.958520946081,0.880000213926,4.70693987629e-07
9.84e-05,0.88,-0.965382375406,0.88000021135,4.49429396131e-07
9.85e-05,0.88,-0.684549068227,0.880000208683,4.28426956282e-07
9.86e-05,0.88,-0.199712490537,0.880000205929,4.07695616254e-07
9.87e-05,0.88,0.344640639117,0.880000203093,3.8724385137e-07
9.88e-05,0.88,0.786287007085,0.880000200178,3.67079671127e-07
9.89e-05,0.88,0.993611064311,0.880000197191,3.47210626385e-07
9.9e-05,0.88,0.904827928993,0.880000194134,3.27643816711e-07
9.91e-05,0.88,0.546395969566,0.880000191014,3.08385897861e-07
9.92e-05,0.88,0.0251319134935,0.880000187833,2.89443089398e-07
9.93e-05,0.88,-0.503621731566,0.880000184596,2.70821182435e-07
9.94e-05,0.88,-0.882290479584,0.880000181308,2.52525547484e-07
9.95e-05,0.88,-0.998026820967,0.880000177972,2.34561142416e-07
9.96e-05,0.88,-0.816340037964,0.880000174593,2.16932520511e-07
9.97e-05,0.88,-0.391374821175,0.880000171174,1.99643838597e-07
9.98e-05,0.88,0.150224454217,0.88000016772,1.82698865263e-07
9.99e-05,0.88,0.647055165851,0.880000164233,1.66100989138e-07
0.0001,0.88,0.951056225338,0.880000160718,1.49853227235e-07
0.0001001,0.88,0.971631931972,0.880000157178,1.3395823334e-07
0.0001002,0.88,0.702650499213,0.880000153617,1.18418306451e-07
0.0001003,0.88,0.224271393074,0.880000150038,1.03235399243e-07
0.0001004,0.88,-0.320943083691,0.880000146445,8.84111265661e-08
0.0001005,0.88,-0.770512946615,0.88000014284,7.39467739659e-08
0.0001006,0.88,-0.990461373887,0.880000139228,5.98433062098e-08
0.0001007,0.88,-0.915241289328,0.88000013561,4.61013758235e-08
0.0001008,0.88,-0.56726911844,0.880000131991,3.27213316248e-08
0.0001009,0.88,-0.0502444418225,0.880000128372,1.97032272492e-08
0.000101,0.88,0.481753635302,0.880000124757,7.04682966175e-09
0.0001011,0.88,0.870183770918,0.880000121148,-5.2483723533e-09
0.0001012,0.88,0.999289468571,0.880000117549,-1.71831597283e-08
0.0001013,0.88,0.830595798571,0.880000113961,-2.87585746815e-08
0.0001014,0.88,0.414375352396,0.880000110388,-3.99759123249e-08
0.0001015,0.88,-0.125333550462,0.880000106831,-5.08367123157e-08
0.0001016,0.88,-0.627691661332,0.880000103293,-6.13427505574e-08
0.0001017,0.88,-0.942990685403,0.880000099776,-7.14960309549e-08
0.0001018,0.88,-0.977268015272,0.880000096283,-8.1298777229e-08
0.0001019,0.88,-0.720308629352,0.880000092815,-9.07534247954e-08
0.000102,0.88,-0.248689279422,0.880000089374,-9.98626127118e-08
0.0001021,0.88,0.297042233308,0.880000085962,-1.08629175697e-07
0.0001022,0.88,0.754251863645,0.880000082582,-1.17056136231e-07
0.0001023,0.88,0.986686072092,0.880000079235,-1.2514669673e-07
0.0001024,0.88,0.925076889695,0.880000075922,-1.3290423181e-07
0.0001025,0.88,0.587784538955,0.880000072645,-1.40332280642e-07
0.0001026,0.88,0.0753258818013,0.880000069406,-1.4743453939e-07
0.0001027,0.88,-0.45958072119,0.880000066207,-1.54214853758e-07
0.0001028,0.88,-0.857527175553,0.880000063047,-1.60677211619e-07
0.0001029,0.88,-0.999921031032,0.88000005993,-1.66825735758e-07
0.000103,0.88,-0.844327344192,0.880000056856,-1.72664676716e-07
0.0001031,0.88,-0.437114759628,0.880000053826,-1.78198405739e-07
0.0001032,0.88,0.100362861565,0.880000050842,-1.83431407832e-07
0.0001033,0.88,0.607931237424,0.880000047904,-1.88368274939e-07
0.0001034,0.88,0.934329374691,0.880000045013,-1.93013699217e-07
0.0001035,0.88,0.982287018351,0.880000042171,-1.97372466444e-07
0.0001036,0.88,0.737512262559,0.880000039377,-2.01449449529e-07
0.0001037,0.88,0.272950694866,0.880000036634,-2.05249602156e-07
0.0001038,0.88,-0.272953197496,0.880000033941,-2.08777952535e-07
0.0001039,0.88,-0.737514017093,0.8800000313,-2.12039597284e-07
0.000104,0.88,-0.982287503905,0.880000028711,-2.15039695431e-07
0.0001041,0.88,-0.934328454751,0.880000026174,-2.17783462545e-07
0.0001042,0.88,-0.607929198783,0.880000023689,-2.20276164984e-07
0.0001043,0.88,-0.100360323757,0.880000021259,-2.22523114276e-07
0.0001044,0.88,0.437117035497,0.880000018881,-2.24529661629e-07
0.0001045,0.88,0.844328687389,0.880000016558,-2.26301192564e-07
0.0001046,0.88,0.999921062192,0.880000014289,-2.27843121677e-07
0.0001047,0.88,0.857525915472,0.880000012075,-2.29160887531e-07
0.0001048,0.88,0.459578575695,0.880000009915,-2.30259947682e-07
0.0001049,0.88,-0.0753282537334,0.88000000781,-2.31145773822e-07
0.000105,0.88,-0.5877864307,0.88000000576,-2.31823847066e-07
0.0001051,0.88,-0.925077761152,0.880000003765,-2.32299653356e-07
0.0001052,0.88,-0.986685706539,0.880000001825,-2.32578679004e-07
0.0001053,0.88,-0.754250420882,0.879999999939,-2.32666406356e-07
0.0001054,0.88,-0.297040186262,0.879999998108,-2.32568309591e-07
0.0001055,0.88,0.248691300831,0.879999996332,-2.32289850641e-07
0.0001056,0.88,0.720310035312,0.87999999461,-2.31836475248e-07
0.0001057,0.88,0.977268431562,0.879999992942,-2.31213609143e-07
0.0001058,0.88,0.942990054031,0.879999991328,-2.30426654349e-07
0.0001059,0.88,0.627690238847,0.879999989768,-2.29480985612e-07
0.000106,0.88,0.125331809913,0.87999998826,-2.28381946961e-07
0.0001061,0.88,-0.414376879833,0.879999986806,-2.27134848388e-07
0.0001062,0.88,-0.830596689066,0.879999985405,-2.25744962648e-07
0.0001063,0.88,-0.999289525738,0.879999984055,-2.24217522186e-07
0.0001064,0.88,-0.870183065653,0.879999982757,-2.22557716186e-07
0.0001065,0.88,-0.481752458538,0.879999981511,-2.20770687733e-07
0.0001066,0.88,0.0502456915904,0.879999980315,-2.18861531098e-07
0.0001067,0.88,0.56727007112,0.879999979169,-2.16835289144e-07
0.0001068,0.88,0.915241716133,0.879999978073,-2.14696950834e-07
0.0001069,0.88,0.990461241763,0.879999977025,-2.12451448874e-07
0.000107,0.88,0.770512401299,0.879999976027,-2.10103657448e-07
0.0001071,0.88,0.320942374075,0.879999975076,-2.0765839008e-07
0.0001072,0.88,-0.224272016929,0.879999974172,-2.05120397596e-07
0.0001073,0.88,-0.702650875092,0.879999973315,-2.02494366203e-07
0.0001074,0.88,-0.971632029788,0.879999972504,-1.99784915666e-07
0.0001075,0.88,-0.951056133804,0.879999971737,-1.96996597593e-07
0.0001076,0.88,-0.647055031557,0.879999971016,-1.94133893831e-07
0.0001077,0.88,-0.150224401401,0.879999970338,-1.9120121495e-07
0.0001078,0.88,0.391374755024,0.879999969703,-1.88202898838e-07
0.0001079,0.88,0.816339922601,0.87999996911,-1.85143209388e-07
0.000108,0.88,0.998026800241,0.879999968559,-1.82026335283e-07
0.0001081,0.88,0.882290697463,0.879999968049,-1.7885638888e-07
0.0001082,0.88,0.503622248242,0.879999967578,-1.75637405175e-07
0.0001083,0.88,-0.0251311781549,0.879999967147,-1.72373340873e-07
0.0001084,0.88,-0.546395236428,0.879999966754,-1.69068073537e-07
0.0001085,0.88,-0.904827495822,0.879999966399,-1.65725400824e-07
0.0001086,0.88,-0.993611195398,0.87999996608,-1.62349039814e-07
0.0001087,0.88,-0.786287815101,0.879999965798,-1.58942626414e-07
0.0001088,0.88,-0.344642005941,0.87999996555,-1.55509714846e-07
0.0001089,0.88,0.19971091665,0.879999965337,-1.52053777213e-07
0.000109,0.88,0.684547786453,0.879999965157,-1.48578203148e-07
0.0001091,0.88,0.965381876617,0.87999996501,-1.45086299528e-07
0.0001092,0.88,0.958521535469,0.879999964895,-1.41581290271e-07
0.0001093,0.88,0.666011220333,0.879999964811,-1.38066316197e-07
0.0001094,0.88,0.175022226656,0.879999964757,-1.34544434967e-07
0.0001095,0.88,-0.36812531809,0.879999964732,-1.31018621078e-07
0.0001096,0.88,-0.801567463825,0.879999964736,-1.27491765932e-07
0.0001097,0.88,-0.996133677571,0.879999964767,-1.23966677969e-07
0.0001098,0.88,-0.893841084821,0.879999964825,-1.20446082854e-07
0.0001099,0.88,-0.525174004727,0.87999996491,-1.16932623732e-07
0.00011,0.88,7.12694576711e-07,0.879999965019,-1.13428861535e-07
0.0001101,0.88,0.525175217791,0.879999965153,-1.09937275349e-07
0.0001102,0.88,0.893841724079,0.879999965311,-1.0646026283e-07
0.0001103,0.88,0.996133552288,0.879999965491,-1.03000140676e-07
0.0001104,0.88,0.801566610852,0.879999965693,-9.95591451508e-08
0.0001105,0.88,0.368123991042,0.879999965916,-9.61394326482e-08
0.0001106,0.88,-0.175023632702,0.87999996616,-9.27430803113e-08
0.0001107,0.88,-0.666012286311,0.879999966423,-8.93720866912e-08
0.0001108,0.88,-0.958521943079,0.879999966705,-8.60283724505e-08
0.0001109,0.88,-0.965381503272,0.879999967006,-8.27137811074e-08
0.000111,0.88,-0.684546742119,0.879999967323,-7.94300798184e-08
0.0001111,0.88,-0.19970951151,0.879999967657,-7.61789601995e-08
0.0001112,0.88,0.344643353522,0.879999968007,-7.29620391822e-08
0.0001113,0.88,0.786288703035,0.879999968372,-6.97808599042e-08
0.0001114,0.88,0.993611357772,0.879999968751,-6.66368926319e-08
0.0001115,0.88,0.904826882503,0.879999969144,-6.3531535714e-08
0.0001116,0.88,0.546394028541,0.87999996955,-6.04661165638e-08
0.0001117,0.88,0.0251297346393,0.879999969968,-5.74418926692e-08
0.0001118,0.88,-0.503623497255,0.879999970397,-5.44600526282e-08
0.0001119,0.88,-0.882291378811,0.879999970838,-5.15217172087e-08
0.000112,0.88,-0.998026709243,0.879999971288,-4.86279404316e-08
0.0001121,0.88,-0.816339084583,0.879999971749,-4.57797106742e-08
0.0001122,0.88,-0.391373418339,0.879999972218,-4.29779517939e-08
0.0001123,0.88,0.150225838985,0.879999972695,-4.02235242701e-08
0.0001124,0.88,0.647056141298,0.87999997318,-3.75172263631e-08
0.0001125,0.88,0.951056583979,0.879999973672,-3.48597952875e-08
0.0001126,0.88,0.971631684989,0.879999974171,-3.22519084012e-08
0.0001127,0.88,0.702649837045,0.879999974675,-2.96941844058e-08
0.0001128,0.88,0.224270594479,0.879999975185,-2.7187184559e-08
0.0001129,0.88,-0.320943756979,0.8799999757,-2.47314138974e-08
0.000113,0.88,-0.770513332198,0.879999976219,-2.23273224671e-08
0.0001131,0.88,-0.99046144299,0.879999976741,-1.99753065633e-08
0.0001132,0.88,-0.915241127874,0.879999977267,-1.76757099751e-08
0.0001133,0.88,-0.567268869292,0.879999977796,-1.54288252368e-08
0.0001134,0.88,-0.0502442351275,0.879999978326,-1.32348948822e-08
0.0001135,0.88,0.481753735186,0.879999978858,-1.10941127024e-08
0.0001136,0.88,0.870183782553,0.879999979392,-9.00662500589e-09
0.0001137,0.88,0.999289470989,0.879999979926,-6.97253187903e-09
0.0001138,0.88,0.830595881729,0.879999980461,-4.99188844656e-09
0.0001139,0.88,0.414375563468,0.879999980995,-3.06470613108e-09
0.000114,0.88,-0.125333240988,0.879999981529,-1.19095391041e-09
0.0001141,0.88,-0.627691358212,0.879999982063,6.29440428022e-10
0.0001142,0.88,-0.942990530881,0.879999982594,2.39658903673e-09
0.0001143,0.88,-0.977268129044,0.879999983124,4.11064276247e-09
0.0001144,0.88,-0.720309050043,0.879999983652,5.77178990619e-09
0.0001145,0.88,-0.24868993208,0.879999984178,7.38025498933e-09
0.0001146,0.88,0.297041527963,0.879999984701,8.93629752743e-09
0.0001147,0.88,0.754251337665,0.87999998522,1.04402108116e-08
0.0001148,0.88,0.986685932055,0.879999985737,1.18923206989e-08
0.0001149,0.88,0.925077238554,0.879999986249,1.32929844119e-08
0.000115,0.88,0.587785326724,0.879999986758,1.46425893482e-08
0.0001151,0.88,0.0753269054071,0.879999987262,1.59415519013e-08
0.0001152,0.88,-0.459579764694,0.879999987762,1.7190316292e-08
0.0001153,0.88,-0.857526596753,0.879999988257,1.83893534122e-08
0.0001154,0.88,-0.999921045747,0.879999988746,1.95391596811e-08
0.0001155,0.88,-0.844327994992,0.879999989231,2.06402559148e-08
0.0001156,0.88,-0.437115889242,0.87999998971,2.16931862083e-08
0.0001157,0.88,0.100361572952,0.879999990183,2.26985168332e-08
0.0001158,0.88,0.607930179676,0.87999999065,2.36568351482e-08
0.0001159,0.88,0.934328887437,0.879999991111,2.45687485261e-08
0.000116,0.88,0.982287280675,0.879999991565,2.54348832949e-08
0.0001161,0.88,0.737513228768,0.879999992013,2.62558836953e-08
0.0001162,0.88,0.272952098917,0.879999992455,2.70324108541e-08
0.0001163,0.88,-0.272951767688,0.879999992889,2.77651417743e-08
0.0001164,0.88,-0.737512996618,0.879999993317,2.84547683414e-08
0.0001165,0.88,-0.982287216465,0.879999993737,2.91019963473e-08
0.0001166,0.88,-0.934329008984,0.87999999415,2.97075445314e-08
0.0001167,0.88,-0.607930448716,0.879999994556,3.02721436392e-08
0.0001168,0.88,-0.100361907375,0.879999994955,3.07965354987e-08
0.0001169,0.88,0.437115589875,0.879999995345,3.12814721149e-08
0.000117,0.88,0.844327818684,0.879999995728,3.17277147825e-08
0.0001171,0.88,0.999921041667,0.879999996104,3.2136033217e-08
0.0001172,0.88,0.857526761267,0.879999996471,3.25072047046e-08
0.0001173,0.88,0.459580043891,0.879999996831,3.28420132701e-08
0.0001174,0.88,-0.075326597887,0.879999997183,3.31412488641e-08
0.0001175,0.88,-0.587785082484,0.879999997527,3.34057065695e-08
0.0001176,0.88,-0.925077126571,0.879999997862,3.36361858257e-08
0.0001177,0.88,-0.986685978782,0.87999999819,3.38334896733e-08
0.0001178,0.88,-0.754251520995,0.87999999851,3.39984240166e-08
0.0001179,0.88,-0.297041786354,0.879999998821,3.41317969061e-08
0.000118,0.88,0.248689678821,0.879999999125,3.42344178399e-08
0.0001181,0.88,0.720308875365,0.87999999942,3.43070970834e-08
0.0001182,0.88,0.97726807781,0.879999999707,3.43506450096e-08
0.0001183,0.88,0.942990607758,0.879999999987,3.43658714572e-08
0.0001184,0.88,0.627691529322,0.880000000258,3.43535851082e-08
0.0001185,0.88,0.125333447469,0.880000000521,3.43145928842e-08
0.0001186,0.88,-0.414375385141,0.880000000776,3.42496993621e-08
0.0001187,0.88,-0.830595779673,0.880000001023,3.41597062081e-08
0.0001188,0.88,-0.999289464578,0.880000001262,3.40454116303e-08
0.0001189,0.88,-0.870183859644,0.880000001493,3.39076098506e-08
0.000119,0.88,-0.481753859913,0.880000001716,3.37470905942e-08
0.0001191,0.88,0.0502441075532,0.880000001932,3.35646385977e-08
0.0001192,0.88,0.567268776503,0.880000002139,3.3361033136e-08
0.0001193,0.88,0.915241088733,0.880000002339,3.31370475661e-08
0.0001194,0.88,0.990461454175,0.880000002532,3.28934488898e-08
0.0001195,0.88,0.770513373465,0.880000002716,3.26309973335e-08
0.0001196,0.88,0.320943802318,0.880000002894,3.23504459455e-08
0.0001197,0.88,-0.224270564687,0.880000003063,3.20525402112e-08
0.0001198,0.88,-0.702649827907,0.880000003226,3.17380176845e-08
0.0001199,0.88,-0.971631686244,0.880000003381,3.14076076371e-08
0.00012,0.88,-0.951056576606,0.880000003529,3.10620307236e-08
0.0001201,0.88,-0.647056108649,0.88000000367,3.07019986639e-08
0.0001202,0.88,-0.150225777516,0.880000003804,3.03282139412e-08
0.0001203,0.88,0.391373493717,0.880000003931,2.99413695161e-08
0.0001204,0.88,0.816339143509,0.880000004052,2.95421485572e-08
0.0001205,0.88,0.998026716935,0.880000004166,2.91312241862e-08
0.0001206,0.88,0.882291311343,0.880000004273,2.87092592389e-08
0.0001207,0.88,0.503623355128,0.880000004373,2.82769060414e-08
0.0001208,0.88,-0.0251299206073,0.880000004468,2.78348062002e-08
0.0001209,0.88,-0.546394202632,0.880000004556,2.7383590408e-08
0.000121,0.88,-0.904826980438,0.880000004638,2.69238782627e-08
0.0001211,0.88,-0.99361132928,0.880000004713,2.64562781011e-08
0.0001212,0.88,-0.786288533,0.880000004783,2.59813868457e-08
0.0001213,0.88,-0.344643073578,0.880000004848,2.54997898656e-08
0.0001214,0.88,0.199709826525,0.880000004906,2.50120608498e-08
0.0001215,0.88,0.684546993627,0.880000004959,2.4518761694e-08
0.0001216,0.88,0.965381599466,0.880000005006,2.40204423996e-08
0.0001217,0.88,0.958521831133,0.880000005049,2.3517640985e-08
0.0001218,0.88,0.666011975284,0.880000005086,2.30108834092e-08
0.0001219,0.88,0.175023198169,0.880000005118,2.25006835068e-08
0.000122,0.88,-0.368124424234,0.880000005144,2.19875429348e-08
0.0001221,0.88,-0.801566904206,0.880000005167,2.14719511297e-08
0.0001222,0.88,-0.996133597577,0.880000005184,2.09543852769e-08
0.0001223,0.88,-0.893841481723,0.880000005197,2.0435310289e-08
0.0001224,0.88,-0.525174736447,0.880000005205,1.99151787957e-08
0.0001225,0.88,-1.21858794617e-07,0.880000005209,1.93944311432e-08
0.0001226,0.88,0.525174529046,0.880000005209,1.88734954028e-08
0.0001227,0.88,0.893841372446,0.880000005205,1.83527873898e-08
0.0001228,0.88,0.996133618987,0.880000005196,1.7832710691e-08
0.0001229,0.88,0.801567049914,0.880000005184,1.73136567011e-08
0.000123,0.88,0.368124650806,0.880000005168,1.67960046673e-08
0.0001231,0.88,-0.175022958263,0.880000005149,1.62801217435e-08
0.0001232,0.88,-0.666011793539,0.880000005126,1.57663630504e-08
0.0001233,0.88,-0.958521761698,0.880000005099,1.52550717451e-08
0.0001234,0.88,-0.965381663002,0.88000000507,1.47465790975e-08
0.0001235,0.88,-0.684547171157,0.880000005037,1.42412045733e-08
0.0001236,0.88,-0.199710065102,0.880000005001,1.3739255925e-08
0.0001237,0.88,0.344642845076,0.880000004963,1.32410292882e-08
0.0001238,0.88,0.786288382652,0.880000004921,1.27468092857e-08
0.0001239,0.88,0.993611301829,0.880000004877,1.22568691362e-08
0.000124,0.88,0.904827083958,0.88000000483,1.17714707703e-08
0.0001241,0.88,0.546394406151,0.880000004781,1.12908649503e-08
0.0001242,0.88,0.0251301633763,0.88000000473,1.08152913971e-08
0.0001243,0.88,-0.503623145481,0.880000004676,1.0344978921e-08
0.0001244,0.88,-0.882291197214,0.88000000462,9.88014555763e-09
0.0001245,0.88,-0.998026732145,0.880000004562,9.42099870832e-09
0.0001246,0.88,-0.816339283261,0.880000004503,8.96773528505e-09
0.0001247,0.88,-0.391373716103,0.880000004441,8.52054185918e-09
0.0001248,0.88,0.150225538931,0.880000004378,8.07959481413e-09
0.0001249,0.88,0.647055924945,0.880000004313,7.64506050168e-09
0.000125,0.88,0.951056502282,0.880000004246,7.2170954016e-09
0.0001251,0.88,0.971631743013,0.880000004178,6.79584628444e-09
0.0001252,0.88,0.702649998329,0.880000004109,6.38145037726e-09
0.0001253,0.88,0.224270797529,0.880000004039,5.97403553211e-09
0.0001254,0.88,-0.320943576639,0.880000003967,5.5737203969e-09
0.0001255,0.88,-0.770513222027,0.880000003895,5.18061458871e-09
0.0001256,0.88,-0.990461421545,0.880000003821,4.79481886913e-09
0.0001257,0.88,-0.915241183801,0.880000003747,4.41642532143e-09
0.0001258,0.88,-0.56726897006,0.880000003671,4.04551752956e-09
0.0001259,0.88,-0.0502443412863,0.880000003595,3.68217075858e-09
0.000126,0.88,0.481753655786,0.880000003519,3.32645213639e-09
0.0001261,0.88,0.870183745449,0.880000003442,2.97842083667e-09
0.0001262,0.88,0.999289473265,0.880000003364,2.63812826279e-09
0.0001263,0.88,0.830595907263,0.880000003286,2.30561823241e-09
0.0001264,0.88,0.414375592321,0.880000003208,1.98092716283e-09
0.0001265,0.88,-0.125333223191,0.880000003129,1.66408425671e-09
0.0001266,0.88,-0.627691354663,0.88000000305,1.35511168815e-09
0.0001267,0.88,-0.942990533689,0.880000002971,1.05402478888e-09
0.0001268,0.88,-0.977268124582,0.880000002892,7.60832234461e-10
0.0001269,0.88,-0.72030902696,0.880000002813,4.75536230303e-10
0.000127,0.88,-0.248689888371,0.880000002735,1.98132697451e-10
0.0001271,0.88,0.297041582005,0.880000002656,-7.13885421228e-11
0.0001272,0.88,0.75425138211,0.880000002577,-3.33043580758e-10
0.0001273,0.88,0.986685944808,0.880000002499,-5.86854241052e-10
0.0001274,0.88,0.925077204847,0.880000002421,-8.32847892625e-10
0.0001275,0.88,0.587785246848,0.880000002343,-1.07105726982e-09
0.0001276,0.88,0.0753267973735,0.880000002266,-1.30152029045e-09
0.0001277,0.88,-0.459579869128,0.880000002189,-1.52427987576e-09
0.0001278,0.88,-0.857526661816,0.880000002113,-1.7393837716e-09
0.0001279,0.88,-0.99992104405,0.880000002037,-1.946884371e-09
0.000128,0.88,-0.844327918274,0.880000001962,-2.14683853828e-09
0.0001281,0.88,-0.437115753431,0.880000001887,-2.33930743466e-09
0.0001282,0.88,0.100361730632,0.880000001814,-2.52435634555e-09
0.0001283,0.88,0.607930311175,0.88000000174,-2.70205450967e-09
0.0001284,0.88,0.934328948889,0.880000001668,-2.87247494989e-09
0.0001285,0.88,0.982287247155,0.880000001596,-3.0356943061e-09
0.0001286,0.88,0.737513103815,0.880000001526,-3.19179266999e-09
0.0001287,0.88,0.272951915323,0.880000001456,-3.34085342197e-09
0.0001288,0.88,-0.27295195657,0.880000001387,-3.48296307017e-09
0.0001289,0.88,-0.737513132711,0.880000001318,-3.61821109164e-09
0.000129,0.88,-0.98228725514,0.880000001251,-3.74668977589e-09
0.0001291,0.88,-0.934328933794,0.880000001185,-3.86849407063e-09
0.0001292,0.88,-0.607930277821,0.88000000112,-3.98372142999e-09
0.0001293,0.88,-0.100361689267,0.880000001055,-4.0924716651e-09
0.0001294,0.88,0.437115790357,0.880000000992,-4.1948467972e-09
0.0001295,0.88,0.844327939948,0.88000000093,-4.29095091317e-09
0.0001296,0.88,0.99992104455,0.880000000869,-4.38089002373e-09
0.0001297,0.88,0.857526641762,0.880000000809,-4.46477192416e-09
0.0001298,0.88,0.459579835272,0.88000000075,-4.5427060577e-09
0.0001299,0.88,-0.0753268344412,0.880000000692,-4.61480338155e-09
0.00013,0.88,-0.587785276088,0.880000000635,-4.68117623558e-09
0.0001301,0.88,-0.92507721815,0.88000000058,-4.74193821385e-09
0.0001302,0.88,-0.986685939306,0.880000000526,-4.79720403868e-09
0.0001303,0.88,-0.75425136074,0.880000000472,-4.84708943767e-09
0.0001304,0.88,-0.297041552229,0.88000000042,-4.89171102334e-09
0.0001305,0.88,0.248689917175,0.880000000369,-4.93118617568e-09
0.0001306,0.88,0.72030904653,0.88000000032,-4.96563292741e-09
0.0001307,0.88,0.977268130222,0.880000000271,-4.99516985209e-09
0.0001308,0.88,0.942990525395,0.880000000224,-5.01991595507e-09
0.0001309,0.88,0.627691336639,0.880000000178,-5.03999056719e-09
0.000131,0.88,0.12533320205,0.880000000133,-5.05551324139e-09
0.0001311,0.88,-0.414375609966,0.880000000089,-5.06660365204e-09
0.0001312,0.88,-0.830595916947,0.880000000047,-5.07338149722e-09
0.0001313,0.88,-0.999289473843,0.880000000005,-5.07596640368e-09
0.0001314,0.88,-0.870183738959,0.879999999965,-5.0744778347e-09
0.0001315,0.88,-0.481753646192,0.879999999926,-5.06903500071e-09
0.0001316,0.88,0.0502443499309,0.879999999888,-5.05975677274e-09
0.0001317,0.88,0.567268975241,0.879999999852,-5.04676159856e-09
0.0001318,0.88,0.915241185355,0.879999999816,-5.03016742168e-09
0.0001319,0.88,0.990461421359,0.879999999782,-5.01009160303e-09
0.000132,0.88,0.770513222804,0.879999999749,-4.98665084541e-09
0.0001321,0.88,0.320943580292,0.879999999717,-4.95996112063e-09
0.0001322,0.88,-0.224270791137,0.879999999686,-4.9301375993e-09
0.0001323,0.88,-0.702649991693,0.879999999657,-4.89729458336e-09
0.0001324,0.88,-0.971631740139,0.879999999628,-4.86154544121e-09
0.0001325,0.88,-0.951056506931,0.879999999601,-4.82300254541e-09
0.0001326,0.88,-0.647055938662,0.879999999575,-4.78177721308e-09
0.0001327,0.88,-0.150225559689,0.87999999955,-4.73797964875e-09
0.0001328,0.88,0.391373693965,0.879999999525,-4.69171888979e-09
0.0001329,0.88,0.816339267567,0.879999999502,-4.64310275437e-09
0.000133,0.88,0.99802673024,0.87999999948,-4.59223779181e-09
0.0001331,0.88,0.88229121301,0.87999999946,-4.53922923544e-09
0.0001332,0.88,0.503623177295,0.87999999944,-4.48418095784e-09
0.0001333,0.88,-0.0251301232514,0.879999999421,-4.42719542844e-09
0.0001334,0.88,-0.546394369722,0.879999999403,-4.36837367345e-09
0.0001335,0.88,-0.904827063991,0.879999999386,-4.3078152381e-09
0.0001336,0.88,-0.993611307509,0.87999999937,-4.24561815116e-09
0.0001337,0.88,-0.786288415902,0.879999999355,-4.18187889162e-09
0.0001338,0.88,-0.344642898893,0.879999999341,-4.11669235765e-09
0.0001339,0.88,0.19971000545,0.879999999328,-4.0501518376e-09
0.000134,0.88,0.684547124169,0.879999999316,-3.98234898319e-09
0.0001341,0.88,0.965381645247,0.879999999305,-3.91337378475e-09
0.0001342,0.88,0.958521782135,0.879999999294,-3.84331454842e-09
0.0001343,0.88,0.666011849754,0.879999999285,-3.77225787544e-09
0.0001344,0.88,0.175023036085,0.879999999276,-3.70028864333e-09
0.0001345,0.88,-0.368124573876,0.879999999268,-3.62748998895e-09
0.0001346,0.88,-0.801566998222,0.879999999261,-3.55394329346e-09
0.0001347,0.88,-0.996133611064,0.879999999255,-3.47972816909e-09
0.0001348,0.88,-0.893841414559,0.879999999249,-3.4049224477e-09
0.0001349,0.88,-0.525174612158,0.879999999244,-3.32960217102e-09
0.000135,0.88,2.04444882886e-08,0.87999999924,-3.25384158266e-09
0.0001351,0.88,0.525174646952,0.879999999237,-3.17771312171e-09
0.0001352,0.88,0.893841432888,0.879999999234,-3.10128741797e-09
0.0001353,0.88,0.996133607474,0.879999999233,-3.02463328873e-09
0.0001354,0.88,0.801566973797,0.879999999231,-2.94781773711e-09
0.0001355,0.88,0.368124535913,0.879999999231,-2.87090595181e-09
0.0001356,0.88,-0.175023076259,0.879999999231,-2.79396130837e-09
0.0001357,0.88,-0.666011880169,0.879999999231,-2.71704537175e-09
0.0001358,0.88,-0.958521793746,0.879999999232,-2.64021790032e-09
0.0001359,0.88,-0.965381634632,0.879999999234,-2.56353685116e-09
0.000136,0.88,-0.684547094537,0.879999999236,-2.48705838655e-09
0.0001361,0.88,-0.199709965672,0.879999999239,-2.41083688175e-09
0.0001362,0.88,0.344642936946,0.879999999243,-2.33492493399e-09
0.0001363,0.88,0.786288440908,0.879999999246,-2.2593733725e-09
0.0001364,0.88,0.993611312069,0.879999999251,-2.18423126975e-09
0.0001365,0.88,0.904827046823,0.879999999256,-2.10954595367e-09
0.0001366,0.88,0.546394336024,0.879999999261,-2.03536302093e-09
0.0001367,0.88,0.0251300831213,0.879999999267,-1.96172635118e-09
0.0001368,0.88,-0.503623211888,0.879999999273,-1.88867812226e-09
0.0001369,0.88,-0.882291231807,0.879999999279,-1.81625882625e-09
0.000137,0.88,-0.99802672774,0.879999999286,-1.74450728648e-09
0.0001371,0.88,-0.816339244644,0.879999999293,-1.67346067523e-09
0.0001372,0.88,-0.391373657568,0.879999999301,-1.60315453234e-09
0.0001373,0.88,0.150225598647,0.879999999309,-1.53362278453e-09
0.0001374,0.88,0.647055968587,0.879999999317,-1.46489776534e-09
0.0001375,0.88,0.951056519008,0.879999999325,-1.39701023594e-09
0.0001376,0.88,0.971631730938,0.879999999334,-1.32998940635e-09
0.0001377,0.88,0.702649964149,0.879999999343,-1.26386295744e-09
0.0001378,0.88,0.22427075361,0.879999999353,-1.19865706344e-09
0.0001379,0.88,-0.320943616558,0.879999999362,-1.13439641495e-09
0.000138,0.88,-0.770513247066,0.879999999372,-1.07110424247e-09
0.0001381,0.88,-0.99046142657,0.879999999382,-1.00880234048e-09
0.0001382,0.88,-0.915241170222,0.879999999392,-9.47511091784e-10
0.0001383,0.88,-0.567268944536,0.879999999403,-8.87249492451e-10
0.0001384,0.88,-0.0502443129837,0.879999999413,-8.28035176977e-10
0.0001385,0.88,0.481753678341,0.879999999424,-7.69884443872e-10
0.0001386,0.88,0.870183756876,0.879999999435,-7.12812281526e-10
0.0001387,0.88,0.999289472485,0.879999999446,-6.56832394369e-10
0.0001388,0.88,0.83059589709,0.879999999457,-6.01957229279e-10
0.0001389,0.88,0.414375577859,0.879999999468,-5.4819800222e-10
0.000139,0.88,-0.125333236653,0.879999999479,-4.95564725072e-10
0.0001391,0.88,-0.627691363463,0.879999999491,-4.44066232637e-10
0.0001392,0.88,-0.942990536716,0.879999999502,-3.93710209787e-10
0.0001393,0.88,-0.977268123109,0.879999999514,-3.44503218731e-10
0.0001394,0.88,-0.720309023596,0.879999999525,-2.96450726382e-10
0.0001395,0.88,-0.248689885646,0.879999999537,-2.49557131783e-10
0.0001396,0.88,0.2970415828,0.879999999549,-2.03825793587e-10
0.0001397,0.88,0.754251381393,0.87999999956,-1.59259057563e-10
0.0001398,0.88,0.986685944326,0.879999999572,-1.15858284093e-10
0.0001399,0.88,0.925077206659,0.879999999583,-7.36238756586e-11
0.00014,0.88,0.587785252127,0.879999999595,-3.25553042774e-11
0.0001401,0.88,0.075326805574,0.879999999607,7.34886111586e-12
0.0001402,0.88,-0.459579860364,0.879999999618,4.60909273746e-11
0.0001403,0.88,-0.857526655923,0.87999999963,8.3674049945e-11
0.0001404,0.88,-0.999921044213,0.879999999641,1.20102205791e-10
0.0001405,0.88,-0.844327926025,0.879999999653,1.55380166455e-10
0.0001406,0.88,-0.437115767722,0.879999999664,1.89513471275e-10
0.0001407,0.88,0.10036171346,0.879999999676,2.22508400775e-10
0.0001408,0.88,0.607930296426,0.879999999687,2.54371950234e-10
0.0001409,0.88,0.934328941818,0.879999999698,2.85111803471e-10
0.000141,0.88,0.982287251099,0.879999999709,3.14736306835e-10
0.0001411,0.88,0.737513118815,0.87999999972,3.43254443434e-10
0.0001412,0.88,0.272951937758,0.879999999731,3.70675807607e-10
0.0001413,0.88,-0.272951933118,0.879999999742,3.97010579654e-10
0.0001414,0.88,-0.737513115566,0.879999999753,4.22269500838e-10
0.0001415,0.88,-0.982287250203,0.879999999763,4.46463848667e-10
0.0001416,0.88,-0.934328943508,0.879999999774,4.69605412472e-10
0.0001417,0.88,-0.607930300148,0.879999999784,4.91706469288e-10
0.0001418,0.88,-0.100361718057,0.879999999794,5.12779760055e-10
0.0001419,0.88,0.43711576364,0.879999999804,5.3283846613e-10
0.000142,0.88,0.844327923644,0.879999999814,5.51896186149e-10
0.0001421,0.88,0.999921044159,0.879999999824,5.69966913223e-10
0.0001422,0.88,0.857526658091,0.879999999834,5.87065012477e-10
0.0001423,0.88,0.459579863988,0.879999999843,6.03205198962e-10
0.0001424,0.88,-0.0753268016534,0.879999999853,6.1840251592e-10
0.0001425,0.88,-0.587785249077,0.879999999862,6.32672313424e-10
0.0001426,0.88,-0.925077205293,0.879999999871,6.46030227394e-10
0.0001427,0.88,-0.986685944881,0.87999999988,6.58492158998e-10
0.0001428,0.88,-0.7542513835,0.879999999889,6.7007425444e-10
0.0001429,0.88,-0.297041585662,0.879999999897,6.80792885141e-10
0.000143,0.88,0.248689882962,0.879999999905,6.90664628312e-10
0.0001431,0.88,0.720309021838,0.879999999914,6.99706247939e-10
0.0001432,0.88,0.977268122625,0.879999999922,7.0793467616e-10
0.0001433,0.88,0.942990537389,0.87999999993,7.15366995055e-10
0.0001434,0.88,0.627691364822,0.879999999937,7.22020418847e-10
0.0001435,0.88,0.125333238102,0.879999999945,7.27912276509e-10
0.0001436,0.88,-0.414375576801,0.879999999952,7.33059994793e-10
0.0001437,0.88,-0.830595896615,0.879999999959,7.37481081662e-10
0.0001438,0.88,-0.999289472465,0.879999999966,7.4119311015e-10
0.0001439,0.88,-0.870183756974,0.879999999973,7.44213702634e-10
0.000144,0.88,-0.481753678212,0.87999999998,7.46560515517e-10
0.0001441,0.88,0.0502443134843,0.879999999986,7.48251224339e-10
0.0001442,0.88,0.567268945249,0.879999999993,7.49303509295e-10
0.0001443,0.88,0.915241170723,0.879999999999,7.49735041173e-10
0.0001444,0.88,0.990461426346,0.880000000005,7.49563467707e-10
0.0001445,0.88,0.770513245775,0.88000000001,7.48806400346e-10
0.0001446,0.88,0.320943614255,0.880000000016,7.47481401427e-10
0.0001447,0.88,-0.224270756384,0.880000000021,7.45605971766e-10
0.0001448,0.88,-0.702649966476,0.880000000027,7.43197538655e-10
0.0001449,0.88,-0.971631731815,0.880000000032,7.40273444262e-10
0.000145,0.88,-0.951056517726,0.880000000037,7.36850934441e-10
0.0001451,0.88,-0.647055965081,0.880000000041,7.32947147933e-10
0.0001452,0.88,-0.150225593647,0.880000000046,7.28579105969e-10
0.0001453,0.88,0.391373662652,0.88000000005,7.23763702269e-10
0.0001454,0.88,0.81633924811,0.880000000055,7.18517693431e-10
0.0001455,0.88,0.998026728147,0.880000000059,7.12857689697e-10
0.0001456,0.88,0.882291228525,0.880000000063,7.06800146117e-10
0.0001457,0.88,0.503623205438,0.880000000066,7.00361354078e-10
0.0001458,0.88,-0.025130091087,0.88000000007,6.93557433219e-10
0.0001459,0.88,-0.546394343122,0.880000000073,6.86404323702e-10
0.000146,0.88,-0.90482705065,0.880000000076,6.78917778864e-10
0.0001461,0.88,-0.993611310996,0.88000000008,6.71113358214e-10
0.0001462,0.88,-0.786288434711,0.880000000083,6.63006420798e-10
0.0001463,0.88,-0.344642927036,0.880000000085,6.54612118905e-10
0.0001464,0.88,0.199709976538,0.880000000088,6.45945392123e-10
0.0001465,0.88,0.684547103011,0.88000000009,6.37020961738e-10
0.0001466,0.88,0.965381637804,0.880000000093,6.27853325455e-10
0.0001467,0.88,0.958521790125,0.880000000095,6.18456752465e-10
0.0001468,0.88,0.666011870288,0.880000000097,6.0884527882e-10
0.0001469,0.88,0.175023062681,0.880000000099,5.99032703133e-10
0.000147,0.88,-0.368124549244,0.880000000101,5.89032582592e-10
0.0001471,0.88,-0.801566982696,0.880000000103,5.78858229272e-10
0.0001472,0.88,-0.996133608829,0.880000000104,5.68522706753e-10
0.0001473,0.88,-0.893841425723,0.880000000106,5.5803882703e-10
0.0001474,0.88,-0.525174632888,0.880000000107,5.47419147711e-10
0.0001475,0.88,-3.37211820583e-09,0.880000000108,5.36675969493e-10
0.0001476,0.88,0.52517462715,0.880000000109,5.25821333923e-10
0.0001477,0.88,0.893841422701,0.88000000011,5.14867021415e-10
0.0001478,0.88,0.996133609421,0.880000000111,5.03824549541e-10
0.0001479,0.88,0.801566986722,0.880000000112,4.92705171573e-10
0.000148,0.88,0.368124555498,0.880000000112,4.8151987528e-10
0.0001481,0.88,-0.175023056066,0.880000000113,4.70279381959e-10
0.0001482,0.88,-0.666011865283,0.880000000113,4.58994145719e-10
0.0001483,0.88,-0.958521788216,0.880000000113,4.47674352982e-10
0.0001484,0.88,-0.965381639548,0.880000000114,4.36329922219e-10
0.0001485,0.88,-0.684547107875,0.880000000114,4.24970503902e-10
0.0001486,0.88,-0.199709983061,0.880000000114,4.13605480662e-10
0.0001487,0.88,0.344642920802,0.880000000114,4.02243967666e-10
0.0001488,0.88,0.786288430619,0.880000000113,3.90894813184e-10
0.0001489,0.88,0.993611310251,0.880000000113,3.79566599351e-10
0.000149,0.88,0.904827053451,0.880000000113,3.68267643121e-10
0.0001491,0.88,0.546394348613,0.880000000112,3.570059974e-10
0.0001492,0.88,0.0251300976154,0.880000000112,3.45789452349e-10
0.0001493,0.88,-0.503623199819,0.880000000111,3.34625536867e-10
0.0001494,0.88,-0.882291225478,0.880000000111,3.23521520228e-10
0.0001495,0.88,-0.998026728552,0.88000000011,3.12484413876e-10
0.0001496,0.88,-0.816339251811,0.880000000109,3.01520973377e-10
0.0001497,0.88,-0.391373668518,0.880000000108,2.90637700507e-10
0.0001498,0.88,0.150225587382,0.880000000108,2.7984084549e-10
0.0001499,0.88,0.64705596028,0.880000000107,2.6913640936e-10
0.00015,0.88,0.951056515793,0.880000000106,2.58530146454e-10
0.0001501,0.88,0.971631733283,0.880000000104,2.48027567031e-10
0.0001502,0.88,0.702649970861,0.880000000103,2.3763394e-10
0.0001503,0.88,0.224270762341,0.880000000102,2.27354295767e-10
0.0001504,0.88,-0.320943608515,0.880000000101,2.1719342918e-10
0.0001505,0.88,-0.770513241946,0.8800000001,2.0715590258e-10
0.0001506,0.88,-0.990461425526,0.880000000098,1.97246048944e-10
0.0001507,0.88,-0.915241173096,0.880000000097,1.87467975117e-10
0.0001508,0.88,-0.567268950047,0.880000000096,1.7782556513e-10
0.0001509,0.88,-0.0502443192359,0.880000000094,1.68322483598e-10
0.000151,0.88,0.481753673226,0.880000000093,1.58962179189e-10
0.0001511,0.88,0.870183754206,0.880000000091,1.49747888169e-10
0.0001512,0.88,0.999289472674,0.88000000009,1.40682638001e-10
0.0001513,0.88,0.830595899657,0.880000000088,1.31769251016e-10
0.0001514,0.88,0.414375581697,0.880000000087,1.23010348134e-10
0.0001515,0.88,-0.125333232851,0.880000000085,1.1440835263e-10
0.0001516,0.88,-0.627691360772,0.880000000084,1.05965493961e-10
0.0001517,0.88,-0.942990535689,0.880000000082,9.76838116164e-11
0.0001518,0.88,-0.977268123687,0.88000000008,8.95651590243e-11
0.0001519,0.88,-0.720309025243,0.880000000079,8.16112074783e-11
0.000152,0.88,-0.248689887614,0.880000000077,7.38234501002e-11
0.0001521,0.88,0.29704158118,0.880000000075,6.62032058266e-11
0.0001522,0.88,0.754251380494,0.880000000074,5.87516234174e-11
0.0001523,0.88,0.986685944155,0.880000000072,5.14696854818e-11
0.0001524,0.88,0.92507720694,0.88000000007,4.43582125191e-11
0.0001525,0.88,0.587785252483,0.880000000069,3.74178669697e-11
0.0001526,0.88,0.0753268057199,0.880000000067,3.06491572735e-11
0.0001527,0.88,-0.459579860487,0.880000000065,2.40524419315e-11
0.0001528,0.88,-0.857526656137,0.880000000063,1.7627933569e-11
0.0001529,0.88,-0.999921044205,0.880000000062,1.13757029942e-11
0.000153,0.88,-0.84432792552,0.88000000006,5.29568325256e-12
0.0001531,0.88,-0.437115766647,0.880000000058,-6.12326328717e-13
0.0001532,0.88,0.100361714891,0.880000000057,-6.34865610785e-12
0.0001533,0.88,0.607930297754,0.880000000055,-1.19137621103e-11
0.0001534,0.88,0.934328942495,0.880000000053,-1.73082220279e-11
0.0001535,0.88,0.982287250702,0.880000000051,-2.25327312385e-11
0.0001536,0.88,0.737513117241,0.88000000005,-2.75880988479e-11
0.0001537,0.88,0.272951935321,0.880000000048,-3.24752437568e-11
0.0001538,0.88,-0.272951935742,0.880000000046,-3.71951907556e-11
0.0001539,0.88,-0.737513117535,0.880000000045,-4.17490666484e-11
0.000154,0.88,-0.982287250783,0.880000000043,-4.613809641e-11
0.0001541,0.88,-0.934328942344,0.880000000041,-5.03635993753e-11
0.0001542,0.88,-0.607930297423,0.88000000004,-5.44269854665e-11
0.0001543,0.88,-0.100361714487,0.880000000038,-5.8329751457e-11
0.0001544,0.88,0.437115767002,0.880000000037,-6.20734772757e-11
0.0001545,0.88,0.844327925723,0.880000000035,-6.56598223531e-11
0.0001546,0.88,0.999921044209,0.880000000034,-6.909052201e-11
0.0001547,0.88,0.85752665596,0.880000000032,-7.23673838914e-11
0.0001548,0.88,0.4595798602,0.88000000003,-7.54922844474e-11
0.0001549,0.88,-0.0753268060196,0.880000000029,-7.84671654602e-11
0.000155,0.88,-0.587785252706,0.880000000028,-8.12940306223e-11
0.0001551,0.88,-0.925077207035,0.880000000026,-8.39749421638e-11
0.0001552,0.88,-0.986685944119,0.880000000025,-8.65120175313e-11
0.0001553,0.88,-0.754251380369,0.880000000023,-8.89074261203e-11
0.0001554,0.88,-0.29704158103,0.880000000022,-9.11633860608e-11
0.0001555,0.88,0.248689887732,0.880000000021,-9.32821610576e-11
0.0001556,0.88,0.720309025303,0.880000000019,-9.52660572867e-11
0.0001557,0.88,0.977268123698,0.880000000018,-9.71174203481e-11
0.0001558,0.88,0.942990535686,0.880000000017,-9.88386322749e-11
0.0001559,0.88,0.627691360799,0.880000000015,-1.00432108602e-10
0.000156,0.88,0.125333232929,0.880000000014,-1.01900295492e-10
0.0001561,0.88,-0.414375581584,0.880000000013,-1.03245666921e-10
0.0001562,0.88,-0.830595899561,0.880000000012,-1.04470721923e-10
0.0001563,0.88,-0.999289472666,0.88000000001,-1.05577981897e-10
0.0001564,0.88,-0.87018375434,0.880000000009,-1.06569987971e-10
0.0001565,0.88,-0.48175367351,0.880000000008,-1.07449298429e-10
0.0001566,0.88,0.050244318859,0.880000000007,-1.08218486197e-10
0.0001567,0.88,0.56726894969,0.880000000006,-1.08880136397e-10
0.0001568,0.88,0.915241172898,0.880000000005,-1.09436843952e-10
0.0001569,0.88,0.990461425602,0.880000000004,-1.09891211258e-10
0.000157,0.88,0.770513242334,0.880000000003,-1.10245845922e-10
0.0001571,0.88,0.32094360915,0.880000000002,-1.10503358552e-10
0.0001572,0.88,-0.224270761627,0.880000000001,-1.10666360616e-10
0.0001573,0.88,-0.702649970294,0.88,-1.10737462359e-10
0.0001574,0.88,-0.971631733079,0.879999999999,-1.10719270783e-10
0.0001575,0.88,-0.95105651608,0.879999999999,-1.10614387687e-10
0.0001576,0.88,-0.64705596104,0.879999999998,-1.10425407767e-10
0.0001577,0.88,-0.150225588436,0.879999999997,-1.10154916781e-10
0.0001578,0.88,0.391373667472,0.879999999996,-1.09805489767e-10
0.0001579,0.88,0.816339251114,0.879999999995,-1.09379689328e-10
0.000158,0.88,0.998026728471,0.879999999995,-1.08880063974e-10
0.0001581,0.88,0.882291226115,0.879999999994,-1.08309146519e-10
0.0001582,0.88,0.503623201051,0.879999999993,-1.07669452546e-10
0.0001583,0.88,-0.025130096115,0.879999999993,-1.0696347892e-10
0.0001584,0.88,-0.546394347293,0.879999999992,-1.06193702366e-10
0.0001585,0.88,-0.904827052748,0.879999999991,-1.05362578102e-10
0.0001586,0.88,-0.993611310446,0.879999999991,-1.04472538527e-10
0.0001587,0.88,-0.786288431735,0.87999999999,-1.03525991963e-10
0.0001588,0.88,-0.34464292257,0.87999999999,-1.02525321464e-10
0.0001589,0.88,0.199709981139,0.879999999989,-1.01472883662e-10
0.000159,0.88,0.684547106388,0.879999999989,-1.0037100768e-10
0.0001591,0.88,0.965381638996,0.879999999988,-9.92219940967e-11
0.0001592,0.88,0.958521788842,0.879999999988,-9.80281139571e-11
0.0001593,0.88,0.666011866981,0.879999999987,-9.67916078417e-11
0.0001594,0.88,0.175023058384,0.879999999987,-9.55146849837e-11
0.0001595,0.88,-0.368124553235,0.879999999987,-9.41995224371e-11
0.0001596,0.88,-0.80156698522,0.879999999986,-9.28482642941e-11
0.0001597,0.88,-0.996133609194,0.879999999986,-9.14630209515e-11
0.0001598,0.88,-0.893841423898,0.879999999986,-9.00458684243e-11
0.0001599,0.88,-0.525174629488,0.879999999985,-8.85988477068e-11
0.00016,0.88,5.4733941181e-10,0.879999999985,-8.71239641797e-11
0.0001601,0.88,0.525174630419,0.879999999985,-8.56231870621e-11
0.0001602,0.88,0.893841424388,0.879999999985,-8.40984489083e-11
0.0001603,0.88,0.996133609098,0.879999999984,-8.2551645148e-11
0.0001604,0.88,0.801566984567,0.879999999984,-8.09846336685e-11
0.0001605,0.88,0.368124552221,0.879999999984,-7.93992344395e-11
0.0001606,0.88,-0.175023059457,0.879999999984,-7.7797229178e-11
0.0001607,0.88,-0.666011867791,0.879999999984,-7.61803610532e-11
0.0001608,0.88,-0.958521789151,0.879999999984,-7.45503344302e-11
0.0001609,0.88,-0.965381638714,0.879999999984,-7.29088146522e-11
0.000161,0.88,-0.684547105602,0.879999999983,-7.12574278589e-11
0.0001611,0.88,-0.199709980086,0.879999999983,-6.95977608419e-11
0.0001612,0.88,0.344642923575,0.879999999983,-6.79313609348e-11
0.0001613,0.88,0.786288432394,0.879999999983,-6.62597359375e-11
0.0001614,0.88,0.993611310566,0.879999999983,-6.45843540742e-11
0.0001615,0.88,0.904827052298,0.879999999983,-6.29066439838e-11
0.0001616,0.88,0.546394346412,0.879999999983,-6.1227994741e-11
0.0001617,0.88,0.0251300950693,0.879999999983,-5.9549755909e-11
0.0001618,0.88,-0.50362320195,0.879999999983,-5.78732376211e-11
0.0001619,0.88,-0.882291226601,0.879999999983,-5.61997106915e-11
0.000162,0.88,-0.998026728407,0.879999999983,-5.4530406753e-11
0.0001621,0.88,-0.816339250526,0.879999999983,-5.28665184228e-11
0.0001622,0.88,-0.391373666541,0.879999999983,-5.12091994932e-11
0.0001623,0.88,0.150225589429,0.879999999984,-4.95595651478e-11
0.0001624,0.88,0.647055961799,0.879999999984,-4.7918692202e-11
0.0001625,0.88,0.951056516385,0.879999999984,-4.62876193661e-11
0.0001626,0.88,0.971631732848,0.879999999984,-4.46673475317e-11
0.0001627,0.88,0.702649969606,0.879999999984,-4.30588400788e-11
0.0001628,0.88,0.224270760696,0.879999999984,-4.14630232042e-11
0.0001629,0.88,-0.320943610045,0.879999999984,-3.98807862691e-11
0.000163,0.88,-0.770513242929,0.879999999984,-3.83129821659e-11
0.0001631,0.88,-0.990461425728,0.879999999985,-3.67604277033e-11
0.0001632,0.88,-0.915241172532,0.879999999985,-3.52239040083e-11
0.0001633,0.88,-0.567268948952,0.879999999985,-3.37041569449e-11
0.0001634,0.88,-0.0502443179778,0.879999999985,-3.22018975481e-11
0.0001635,0.88,0.481753674271,0.879999999985,-3.07178024737e-11
0.0001636,0.88,0.87018375476,0.879999999985,-2.92525144608e-11
0.0001637,0.88,0.999289472634,0.879999999986,-2.78066428085e-11
0.0001638,0.88,0.830595899104,0.879999999986,-2.63807638651e-11
0.0001639,0.88,0.41437558085,0.879999999986,-2.49754215286e-11
0.000164,0.88,-0.125333233711,0.879999999986,-2.35911277591e-11
0.0001641,0.88,-0.627691361399,0.879999999986,-2.22283631003e-11
0.0001642,0.88,-0.942990535937,0.879999999987,-2.08875772116e-11
0.0001643,0.88,-0.977268123542,0.879999999987,-1.95691894091e-11
0.0001644,0.88,-0.720309024808,0.879999999987,-1.82735892141e-11
0.0001645,0.88,-0.248689887061,0.879999999987,-1.70011369099e-11
0.0001646,0.88,0.297041581671,0.879999999988,-1.57521641052e-11
0.0001647,0.88,0.754251380796,0.879999999988,-1.45269743036e-11
0.0001648,0.88,0.986685944221,0.879999999988,-1.33258434792e-11
0.0001649,0.88,0.925077206805,0.879999999988,-1.21490206566e-11
0.000165,0.88,0.587785252237,0.879999999989,-1.09967284961e-11
0.0001651,0.88,0.0753268054662,0.879999999989,-9.86916388185e-12
0.0001652,0.88,-0.45957986067,0.879999999989,-8.76649851375e-12
0.0001653,0.88,-0.857526656219,0.879999999989,-7.68887950217e-12
0.0001654,0.88,-0.999921044203,0.87999999999,-6.63642996444e-12
0.0001655,0.88,-0.844327925483,0.87999999999,-5.60924962312e-12
0.0001656,0.88,-0.437115766625,0.87999999999,-4.60741540541e-12
0.0001657,0.88,0.100361714874,0.87999999999,-3.63098204306e-12
0.0001658,0.88,0.607930297708,0.879999999991,-2.67998267241e-12
0.0001659,0.88,0.934328942461,0.879999999991,-1.75442943411e-12
0.000166,0.88,0.982287250728,0.879999999991,-8.54314071889e-13
0.0001661,0.88,0.737513117358,0.879999999991,2.03914698472e-14
0.0001662,0.88,0.272951935523,0.879999999992,8.69734450211e-13
0.0001663,0.88,-0.272951935507,0.879999999992,1.69378073813e-12
0.0001664,0.88,-0.737513117348,0.879999999992,2.49261422122e-12
0.0001665,0.88,-0.982287250725,0.879999999992,3.26633621753e-12
0.0001666,0.88,-0.934328942466,0.879999999993,4.01506489069e-12
0.0001667,0.88,-0.607930297718,0.879999999993,4.73893466866e-12
0.0001668,0.88,-0.100361714885,0.879999999993,5.43809566657e-12
0.0001669,0.88,0.437115766616,0.879999999993,6.11271311386e-12
0.000167,0.88,0.844327925479,0.879999999994,6.76296678619e-12
0.0001671,0.88,0.999921044203,0.879999999994,7.38905044226e-12
0.0001672,0.88,0.857526656219,0.879999999994,7.99117126606e-12
0.0001673,0.88,0.459579860669,0.879999999994,8.56954931458e-12
0.0001674,0.88,-0.0753268054707,0.879999999995,9.12441697146e-12
0.0001675,0.88,-0.587785252243,0.879999999995,9.65601840673e-12
0.0001676,0.88,-0.92507720681,0.879999999995,1.01646090429e-11
0.0001677,0.88,-0.986685944219,0.879999999995,1.06504550279e-11
0.0001678,0.88,-0.754251380782,0.879999999995,1.11138327141e-11
0.0001679,0.88,-0.297041581646,0.879999999996,1.15550281457e-11
0.000168,0.88,0.248689887092,0.879999999996,1.19743365517e-11
0.0001681,0.88,0.720309024834,0.879999999996,1.23720618479e-11
0.0001682,0.88,0.977268123551,0.879999999996,1.27485161455e-11
0.0001683,0.88,0.94299053592,0.879999999997,1.31040192675e-11
0.0001684,0.88,0.627691361356,0.879999999997,1.34388982738e-11
0.0001685,0.88,0.12533323365,0.879999999997,1.37534869935e-11
0.0001686,0.88,-0.414375580913,0.879999999997,1.40481255657e-11
0.0001687,0.88,-0.830595899146,0.879999999997,1.43231599891e-11
0.0001688,0.88,-0.999289472637,0.879999999998,1.45789416794e-11
0.0001689,0.88,-0.870183754716,0.879999999998,1.48158270354e-11
0.000169,0.88,-0.481753674184,0.879999999998,1.5034177014e-11
0.0001691,0.88,0.0502443180841,0.879999999998,1.52343567139e-11
0.0001692,0.88,0.567268949047,0.879999999998,1.54167349678e-11
0.0001693,0.88,0.915241172581,0.879999999998,1.55816839435e-11
0.0001694,0.88,0.99046142571,0.879999999999,1.57295787545e-11
0.0001695,0.88,0.770513242839,0.879999999999,1.58607970787e-11
0.0001696,0.88,0.320943609902,0.879999999999,1.59757187871e-11
0.0001697,0.88,-0.224270760851,0.879999999999,1.60747255803e-11
0.0001698,0.88,-0.702649969726,0.879999999999,1.61582006356e-11
0.0001699,0.88,-0.971631732891,0.879999999999,1.62265282618e-11
0.00017,0.88,-0.951056516327,0.88,1.62800935637e-11
0.0001701,0.88,-0.647055961648,0.88,1.6319282116e-11
0.0001702,0.88,-0.150225589222,0.88,1.63444796457e-11
0.0001703,0.88,0.391373666743,0.88,1.6356071724e-11
0.0001704,0.88,0.816339250658,0.88,1.63544434667e-11
0.0001705,0.88,0.998026728422,0.88,1.63399792446e-11
0.0001706,0.88,0.882291226483,0.88,1.63130624018e-11
0.0001707,0.88,0.503623201724,0.88,1.62740749838e-11
0.0001708,0.88,-0.0251300953415,0.880000000001,1.62233974739e-11
0.0001709,0.88,-0.546394346649,0.880000000001,1.61614085391e-11
0.000171,0.88,-0.904827052423,0.880000000001,1.6088484784e-11
0.0001711,0.88,-0.993611310531,0.880000000001,1.60050005142e-11
0.0001712,0.88,-0.786288432198,0.880000000001,1.59113275082e-11
0.0001713,0.88,-0.344642923268,0.880000000001,1.58078347971e-11
0.0001714,0.88,0.199709980418,0.880000000001,1.56948884544e-11
0.0001715,0.88,0.684547105857,0.880000000001,1.55728513927e-11
0.0001716,0.88,0.965381638808,0.880000000001,1.54420831694e-11
0.0001717,0.88,0.958521789045,0.880000000001,1.53029398013e-11
0.0001718,0.88,0.666011867505,0.880000000002,1.51557735859e-11
0.0001719,0.88,0.175023059068,0.880000000002,1.50009329323e-11
0.000172,0.88,-0.368124552598,0.880000000002,1.48387621993e-11
0.0001721,0.88,-0.801566984816,0.880000000002,1.46696015411e-11
0.0001722,0.88,-0.996133609135,0.880000000002,1.44937867617e-11
0.0001723,0.88,-0.893841424192,0.880000000002,1.43116491762e-11
0.0001724,0.88,-0.525174630037,0.880000000002,1.41235154797e-11
0.0001725,0.88,-8.73840028403e-11,0.880000000002,1.39297076242e-11
0.0001726,0.88,0.525174629888,0.880000000002,1.37305427022e-11
0.0001727,0.88,0.893841424113,0.880000000002,1.35263328377e-11
0.0001728,0.88,0.996133609151,0.880000000002,1.33173850845e-11
0.0001729,0.88,0.80156698492,0.880000000002,1.31040013308e-11
0.000173,0.88,0.36812455276,0.880000000002,1.28864782117e-11
0.0001731,0.88,-0.175023058897,0.880000000002,1.26651070273e-11
0.0001732,0.88,-0.666011867376,0.880000000002,1.24401736679e-11
0.0001733,0.88,-0.958521788996,0.880000000002,1.22119585456e-11
0.0001734,0.88,-0.965381638853,0.880000000002,1.19807365323e-11
0.0001735,0.88,-0.684547105982,0.880000000002,1.17467769032e-11
0.0001736,0.88,-0.199709980585,0.880000000002,1.15103432877e-11
0.0001737,0.88,0.344642923108,0.880000000002,1.12716936243e-11
0.0001738,0.88,0.786288432094,0.880000000002,1.10310801234e-11
0.0001739,0.88,0.993611310512,0.880000000002,1.07887492336e-11
0.000174,0.88,0.904827052494,0.880000000002,1.05449416152e-11
0.0001741,0.88,0.546394346788,0.880000000002,1.02998921182e-11
0.0001742,0.88,0.0251300955065,0.880000000002,1.00538297654e-11
0.0001743,0.88,-0.503623201583,0.880000000002,9.80697774117e-12
0.0001744,0.88,-0.882291226407,0.880000000002,9.55955338461e-12
0.0001745,0.88,-0.998026728432,0.880000000002,9.31176818788e-12
0.0001746,0.88,-0.81633925075,0.880000000002,9.06382779888e-12
0.0001747,0.88,-0.391373666888,0.880000000002,8.81593202869e-12
0.0001748,0.88,0.150225589068,0.880000000002,8.5682748633e-12
0.0001749,0.88,0.647055961529,0.880000000002,8.32104447953e-12
0.000175,0.88,0.95105651628,0.880000000002,8.07442326521e-12
0.0001751,0.88,0.971631732926,0.880000000002,7.82858784319e-12
0.0001752,0.88,0.702649969833,0.880000000002,7.58370909931e-12
0.0001753,0.88,0.224270760994,0.880000000002,7.33995221396e-12
0.0001754,0.88,-0.320943609765,0.880000000002,7.09747669737e-12
0.0001755,0.88,-0.770513242748,0.880000000002,6.85643642819e-12
0.0001756,0.88,-0.990461425691,0.880000000002,6.61697969552e-12
0.0001757,0.88,-0.915241172637,0.880000000002,6.37924924401e-12
0.0001758,0.88,-0.567268949159,0.880000000002,6.14338232212e-12
0.0001759,0.88,-0.0502443182169,0.880000000002,5.90951073323e-12
0.000176,0.88,0.48175367407,0.880000000002,5.67776088963e-12
0.0001761,0.88,0.870183754653,0.880000000002,5.44825386914e-12
0.0001762,0.88,0.999289472642,0.880000000002,5.22110547431e-12
0.0001763,0.88,0.830595899213,0.880000000002,4.99642629405e-12
0.0001764,0.88,0.414375581021,0.880000000002,4.77432176763e-12
0.0001765,0.88,-0.125333233536,0.880000000002,4.55489225078e-12
0.0001766,0.88,-0.627691361269,0.880000000002,4.338233084e-12
0.0001767,0.88,-0.942990535884,0.880000000002,4.12443466276e-12
0.0001768,0.88,-0.977268123573,0.880000000002,3.91358250955e-12
0.0001769,0.88,-0.720309024904,0.880000000002,3.7057573478e-12
0.000177,0.88,-0.248689887186,0.880000000002,3.50103517726e-12
0.0001771,0.88,0.297041581557,0.880000000002,3.29948735107e-12
0.0001772,0.88,0.754251380723,0.880000000002,3.10118065419e-12
0.0001773,0.88,0.986685944205,0.880000000002,2.90617738314e-12
0.0001774,0.88,0.925077206841,0.880000000002,2.714535427e-12
0.0001775,0.88,0.587785252305,0.880000000002,2.52630834953e-12
0.0001776,0.88,0.0753268055425,0.880000000002,2.34154547232e-12
0.0001777,0.88,-0.459579860609,0.880000000002,2.16029195882e-12
0.0001778,0.88,-0.857526656187,0.880000000002,1.98258889931e-12
0.0001779,0.88,-0.999921044204,0.880000000002,1.80847339653e-12
0.000178,0.88,-0.844327925508,0.880000000002,1.63797865199e-12
0.0001781,0.88,-0.437115766659,0.880000000002,1.47113405288e-12
0.0001782,0.88,0.100361714843,0.880000000002,1.30796525947e-12
0.0001783,0.88,0.607930297689,0.880000000002,1.14849429282e-12
0.0001784,0.88,0.934328942454,0.880000000002,9.92739622974e-13
0.0001785,0.88,0.98228725073,0.880000000002,8.40716257253e-13
0.0001786,0.88,0.737513117361,0.880000000001,6.92435828787e-13
0.0001787,0.88,0.272951935521,0.880000000001,5.47906685131e-13
0.0001788,0.88,-0.272951935515,0.880000000001,4.07133976888e-13
0.0001789,0.88,-0.737513117357,0.880000000001,2.70119746298e-13
0.000179,0.88,-0.982287250729,0.880000000001,1.36863015695e-13
0.0001791,0.88,-0.934328942457,0.880000000001,7.35987578721e-15
0.0001792,0.88,-0.607930297694,0.880000000001,-1.18396426312e-13
0.0001793,0.88,-0.10036171485,0.880000000001,-2.40415399367e-13
0.0001794,0.88,0.437115766653,0.880000000001,-3.5870922067e-13
0.0001795,0.88,0.844327925504,0.880000000001,-4.73292649124e-13
0.0001796,0.88,0.999921044204,0.880000000001,-5.84182938806e-13
0.0001797,0.88,0.857526656192,0.880000000001,-6.91399753076e-13
0.0001798,0.88,0.459579860617,0.880000000001,-7.94965079269e-13
0.0001799,0.88,-0.0753268055334,0.880000000001,-8.94903144035e-13
0.00018,0.88,-0.587785252297,0.880000000001,-9.91240329365e-13
0.0001801,0.88,-0.925077206837,0.880000000001,-1.08400508935e-12
0.0001802,0.88,-0.986685944207,0.880000000001,-1.17322786773e-12
0.0001803,0.88,-0.754251380731,0.880000000001,-1.25894101625e-12
0.0001804,0.88,-0.297041581569,0.880000000001,-1.34117871389e-12
0.0001805,0.88,0.248689887173,0.880000000001,-1.419976887e-12
0.0001806,0.88,0.720309024894,0.880000000001,-1.49537313034e-12
0.0001807,0.88,0.97726812357,0.880000000001,-1.56740662914e-12
0.0001808,0.88,0.942990535889,0.880000000001,-1.63611808217e-12
0.0001809,0.88,0.627691361282,0.880000000001,-1.70154962574e-12
0.000181,0.88,0.125333233553,0.880000000001,-1.76374475896e-12
0.0001811,0.88,-0.414375581004,0.880000000001,-1.8227482699e-12
0.0001812,0.88,-0.830595899202,0.880000000001,-1.87860616297e-12
0.0001813,0.88,-0.999289472641,0.880000000001,-1.93136558748e-12
0.0001814,0.88,-0.870183754663,0.88,-1.98107476728e-12
0.0001815,0.88,-0.481753674091,0.88,-2.02778293164e-12
0.0001816,0.88,0.0502443181929,0.88,-2.07154024736e-12
0.0001817,0.88,0.567268949137,0.88,-2.11239775205e-12
0.0001818,0.88,0.915241172626,0.88,-2.15040728872e-12
0.0001819,0.88,0.990461425695,0.88,-2.18562144157e-12
0.000182,0.88,0.770513242767,0.88,-2.21809347315e-12
0.0001821,0.88,0.320943609794,0.88,-2.24787726266e-12
0.0001822,0.88,-0.224270760963,0.88,-2.27502724573e-12
0.0001823,0.88,-0.702649969809,0.88,-2.29959835533e-12
0.0001824,0.88,-0.971631732918,0.88,-2.32164596415e-12
0.0001825,0.88,-0.951056516291,0.88,-2.34122582821e-12
0.0001826,0.88,-0.647055961558,0.88,-2.35839403183e-12
0.0001827,0.88,-0.150225589106,0.88,-2.37320693392e-12
0.0001828,0.88,0.391373666851,0.88,-2.38572111569e-12
0.0001829,0.88,0.816339250726,0.88,-2.39599332957e-12
0.000183,0.88,0.998026728429,0.88,-2.40408044955e-12
0.0001831,0.88,0.882291226428,0.88,-2.41003942291e-12
0.0001832,0.88,0.503623201623,0.88,-2.41392722316e-12
0.0001833,0.88,-0.0251300954586,0.88,-2.41580080445e-12
0.0001834,0.88,-0.546394346747,0.88,-2.41571705727e-12
0.0001835,0.88,-0.904827052472,0.88,-2.41373276544e-12
0.0001836,0.88,-0.993611310518,0.88,-2.4099045645e-12
0.0001837,0.88,-0.786288432127,0.88,-2.40428890137e-12
0.0001838,0.88,-0.34464292316,0.88,-2.39694199539e-12
0.0001839,0.88,0.199709980529,0.88,-2.38791980059e-12
0.000184,0.88,0.684547105939,0.88,-2.37727796929e-12
0.0001841,0.88,0.965381638837,0.88,-2.36507181707e-12
0.0001842,0.88,0.958521789013,0.88,-2.35135628887e-12
0.0001843,0.88,0.666011867423,0.88,-2.33618592649e-12
0.0001844,0.88,0.175023058961,0.88,-2.31961483733e-12
0.0001845,0.88,-0.368124552698,0.88,-2.30169666429e-12
0.0001846,0.88,-0.801566984879,0.88,-2.28248455704e-12
0.0001847,0.88,-0.996133609144,0.88,-2.2620311444e-12
0.0001848,0.88,-0.893841424145,0.88,-2.24038850799e-12
0.0001849,0.88,-0.525174629949,0.88,-2.21760815705e-12
0.000185,0.88,1.36737962439e-11,0.88,-2.19374100448e-12
0.0001851,0.88,0.525174629973,0.88,-2.16883734397e-12
0.0001852,0.88,0.893841424157,0.88,-2.14294682836e-12
0.0001853,0.88,0.996133609142,0.88,-2.11611844907e-12
0.0001854,0.88,0.801566984863,0.88,-2.08840051668e-12
0.0001855,0.88,0.368124552673,0.88,-2.05984064264e-12
0.0001856,0.88,-0.175023058988,0.88,-2.03048572196e-12
0.0001857,0.88,-0.666011867443,0.88,-2.00038191706e-12
0.0001858,0.88,-0.958521789021,0.88,-1.96957464265e-12
0.0001859,0.88,-0.96538163883,0.88,-1.93810855161e-12
0.000186,0.88,-0.68454710592,0.88,-1.90602752185e-12
0.0001861,0.88,-0.199709980503,0.88,-1.87337464427e-12
0.0001862,0.88,0.344642923185,0.88,-1.84019221159e-12
0.0001863,0.88,0.786288432144,0.88,-1.80652170814e-12
0.0001864,0.88,0.993611310521,0.88,-1.77240380063e-12
0.0001865,0.88,0.904827052461,0.88,-1.73787832983e-12
0.0001866,0.88,0.546394346725,0.88,-1.70298430306e-12
0.0001867,0.88,0.0251300954328,0.88,-1.66775988767e-12
0.0001868,0.88,-0.503623201645,0.88,-1.63224240528e-12
0.0001869,0.88,-0.88229122644,0.88,-1.5964683269e-12
0.000187,0.88,-0.998026728428,0.88,-1.56047326883e-12
0.0001871,0.88,-0.816339250712,0.88,-1.52429198942e-12
0.0001872,0.88,-0.391373666829,0.88,-1.48795838649e-12
0.0001873,0.88,0.15022558913,0.88,-1.45150549559e-12
0.0001874,0.88,0.647055961576,0.88,-1.41496548897e-12
0.0001875,0.88,0.951056516298,0.88,-1.37836967524e-12
0.0001876,0.88,0.971631732913,0.88,-1.34174849974e-12
0.0001877,0.88,0.702649969793,0.88,-1.30513154557e-12
0.0001878,0.88,0.224270760942,0.88,-1.26854753526e-12
0.0001879,0.88,-0.320943609815,0.88,-1.2320243331e-12
0.000188,0.88,-0.77051324278,0.88,-1.19558894804e-12
0.0001881,0.88,-0.990461425698,0.88,-1.15926753723e-12
0.0001882,0.88,-0.915241172618,0.88,-1.12308541005e-12
0.0001883,0.88,-0.567268949121,0.88,-1.08706703279e-12
0.0001884,0.88,-0.0502443181734,0.88,-1.05123603377e-12
0.0001885,0.88,0.481753674107,0.88,-1.01561520901e-12
0.0001886,0.88,0.870183754673,0.88,-9.80226528432e-13
0.0001887,0.88,0.99928947264,0.88,-9.45091142433e-13
0.0001888,0.88,0.830595899193,0.88,-9.10229389013e-13
0.0001889,0.88,0.414375580988,0.88,-8.75660801278e-13
0.000189,0.88,-0.12533323357,0.88,-8.41404115381e-13
0.0001891,0.88,-0.627691361295,0.88,-8.07477278852e-13
0.0001892,0.88,-0.942990535894,0.88,-7.73897459318e-13
0.0001893,0.88,-0.977268123567,0.88,-7.40681053573e-13
0.0001894,0.88,-0.720309024885,0.88,-7.07843697001e-13
0.0001895,0.88,-0.248689887161,0.88,-6.75400273322e-13
0.0001896,0.88,0.297041581581,0.88,-6.43364924651e-13
0.0001897,0.88,0.754251380739,0.88,-6.11751061841e-13
0.0001898,0.88,0.986685944208,0.88,-5.80571375116e-13
0.0001899,0.88,0.925077206833,0.88,-5.49837844951e-13
0.00019,0.88,0.58778525229,0.88,-5.19561753202e-13
0.0001901,0.88,0.075326805525,0.88,-4.89753694466e-13
0.0001902,0.88,-0.459579860624,0.88,-4.60423587644e-13
0.0001903,0.88,-0.857526656195,0.88,-4.31580687714e-13
0.0001904,0.88,-0.999921044204,0.88,-4.03233597672e-13
0.0001905,0.88,-0.844327925501,0.88,-3.75390280654e-13
0.0001906,0.88,-0.437115766649,0.88,-3.480580722e-13
0.0001907,0.88,0.100361714853,0.88,-3.21243692664e-13
0.0001908,0.88,0.607930297696,0.88,-2.94953259746e-13
0.0001909,0.88,0.934328942457,0.88,-2.69192301133e-13
0.000191,0.88,0.982287250728,0.88,-2.43965767246e-13
0.0001911,0.88,0.737513117357,0.88,-2.19278044066e-13
0.0001912,0.88,0.272951935516,0.88,-1.95132966033e-13
0.0001913,0.88,-0.272951935518,0.88,-1.71533829011e-13
0.0001914,0.88,-0.737513117359,0.88,-1.48483403296e-13
0.0001915,0.88,-0.982287250729,0.88,-1.25983946663e-13
0.0001916,0.88,-0.934328942456,0.88,-1.04037217439e-13
0.0001917,0.88,-0.607930297694,0.88,-8.26444875908e-14
0.0001918,0.88,-0.100361714851,0.88,-6.1806555818e-14
0.0001919,0.88,0.437115766651,0.88,-4.15237606348e-14
0.000192,0.88,0.844327925502,0.88,-2.17959934398e-14
0.0001921,0.88,0.999921044204,0.88,-2.62271155764e-15
0.0001922,0.88,0.857526656194,0.88,1.59970487554e-14
0.0001923,0.88,0.459579860622,0.88,3.40646593508e-14
0.0001924,0.88,-0.0753268055275,0.88,5.15818872816e-14
0.0001925,0.88,-0.587785252292,0.88,6.85508819583e-14
0.0001926,0.88,-0.925077206834,0.88,8.49741623758e-14
0.0001927,0.88,-0.986685944208,0.88,1.0085460442e-13
0.0001928,0.88,-0.754251380737,0.88,1.16195428261e-13
0.0001929,0.88,-0.297041581578,0.88,1.31000185839e-13
0.000193,0.88,0.248689887164,0.88,1.45272748453e-13
0.0001931,0.88,0.720309024887,0.88,1.59017294458e-13
0.0001932,0.88,0.977268123568,0.88,1.72238297073e-13
0.0001933,0.88,0.942990535893,0.88,1.84940512317e-13
0.0001934,0.88,0.627691361292,0.88,1.97128967064e-13
0.0001935,0.88,0.125333233566,0.88,2.08808947239e-13
0.0001936,0.88,-0.414375580992,0.88,2.19985986141e-13
0.0001937,0.88,-0.830595899195,0.88,2.30665852921e-13
0.0001938,0.88,-0.999289472641,0.88,2.40854541204e-13
0.0001939,0.88,-0.87018375467,0.88,2.50558257856e-13
0.000194,0.88,-0.481753674103,0.88,2.59783411923e-13
0.0001941,0.88,0.0502443181784,0.88,2.68536603721e-13
0.0001942,0.88,0.567268949125,0.88,2.76824614093e-13
0.0001943,0.88,0.91524117262,0.88,2.84654393836e-13
0.0001944,0.88,0.990461425697,0.88,2.92033053303e-13
0.0001945,0.88,0.770513242777,0.88,2.98967852178e-13
0.0001946,0.88,0.320943609809,0.88,3.05466189427e-13
0.0001947,0.88,-0.224270760947,0.88,3.11535593439e-13
0.0001948,0.88,-0.702649969797,0.88,3.17183712339e-13
0.0001949,0.88,-0.971631732914,0.88,3.22418304497e-13
0.000195,0.88,-0.951056516296,0.88,3.27247229223e-13
0.0001951,0.88,-0.647055961571,0.88,3.31678437648e-13
0.0001952,0.88,-0.150225589123,0.88,3.35719963802e-13
0.0001953,0.88,0.391373666835,0.88,3.3937991588e-13
0.0001954,0.88,0.816339250716,0.88,3.42666467711e-13
0.0001955,0.88,0.998026728428,0.88,3.45587850411e-13
0.0001956,0.88,0.882291226436,0.88,3.48152344244e-13
0.0001957,0.88,0.503623201638,0.88,3.50368270672e-13
0.0001958,0.88,-0.025130095441,0.88,3.52243984609e-13
0.0001959,0.88,-0.546394346733,0.88,3.53787866865e-13
0.000196,0.88,-0.904827052465,0.88,3.55008316799e-13
0.0001961,0.88,-0.99361131052,0.88,3.55913745164e-13
0.0001962,0.88,-0.786288432138,0.88,3.56512567146e-13
0.0001963,0.88,-0.344642923177,0.88,3.56813195615e-13
0.0001964,0.88,0.199709980512,0.88,3.56824034557e-13
0.0001965,0.88,0.684547105927,0.88,3.56553472718e-13
0.0001966,0.88,0.965381638833,0.88,3.56009877431e-13
0.0001967,0.88,0.958521789018,0.88,3.55201588651e-13
0.0001968,0.88,0.666011867436,0.88,3.54136913174e-13
0.0001969,0.88,0.175023058977,0.88,3.52824119058e-13
0.000197,0.88,-0.368124552683,0.88,3.51271430227e-13
0.0001971,0.88,-0.80156698487,0.88,3.49487021278e-13
0.0001972,0.88,-0.996133609143,0.88,3.47479012468e-13
0.0001973,0.88,-0.893841424152,0.88,3.45255464891e-13
0.0001974,0.88,-0.525174629963,0.88,3.42824375841e-13
0.0001975,0.88,-2.13847384974e-12,0.88,3.40193674366e-13
0.0001976,0.88,0.525174629959,0.88,3.37371216996e-13
0.0001977,0.88,0.89384142415,0.88,3.34364783654e-13
0.0001978,0.88,0.996133609143,0.88,3.3118207375e-13
0.0001979,0.88,0.801566984872,0.88,3.27830702449e-13
0.000198,0.88,0.368124552687,0.88,3.24318197112e-13
0.0001981,0.88,-0.175023058973,0.88,3.2065199391e-13
0.0001982,0.88,-0.666011867433,0.88,3.16839434609e-13
0.0001983,0.88,-0.958521789017,0.88,3.12887763526e-13
0.0001984,0.88,-0.965381638834,0.88,3.08804124641e-13
0.0001985,0.88,-0.68454710593,0.88,3.04595558876e-13
0.0001986,0.88,-0.199709980516,0.88,3.00269001543e-13
0.0001987,0.88,0.344642923173,0.88,2.95831279931e-13
0.0001988,0.88,0.786288432135,0.88,2.91289111066e-13
0.0001989,0.88,0.99361131052,0.88,2.86649099608e-13
0.000199,0.88,0.904827052467,0.88,2.81917735911e-13
0.0001991,0.88,0.546394346736,0.88,2.77101394218e-13
0.0001992,0.88,0.0251300954451,0.88,2.72206331004e-13
0.0001993,0.88,-0.503623201634,0.88,2.67238683464e-13
0.0001994,0.88,-0.882291226434,0.88,2.62204468132e-13
0.0001995,0.88,-0.998026728428,0.88,2.57109579636e-13
0.0001996,0.88,-0.816339250718,0.88,2.51959789591e-13
0.0001997,0.88,-0.391373666839,0.88,2.46760745617e-13
0.0001998,0.88,0.150225589119,0.88,2.41517970478e-13
0.0001999,0.88,0.647055961568,0.88,2.36236861356e-13
0.0002,0.88,0.951056516295,0.88,2.30922689235e-13
