time_s,cmd_V,out_V,tune_V,phase_error_cycles
0,0.8,0,0.8,0
1e-07,0.8,0.481753674102,0.8,0
2e-07,0.8,0.844327925502,0.8,0
3e-07,0.8,0.998026728428,0.8,0
4e-07,0.8,0.904827052466,0.8,0
5e-07,0.8,0.587785252292,0.8,0
6e-07,0.8,0.125333233564,0.8,0
7e-07,0.8,-0.368124552685,0.8,0
8e-07,0.8,-0.770513242776,0.8,0
9e-07,0.8,-0.982287250729,0.8,0
1e-06,0.8,-0.951056516295,0.8,0
1.1e-06,0.8,-0.684547105929,0.8,0
1.2e-06,0.8,-0.248689887165,0.8,0
1.3e-06,0.8,0.248689887165,0.8,0
1.4e-06,0.8,0.684547105929,0.8,0
1.5e-06,0.8,0.951056516295,0.8,0
1.6e-06,0.8,0.982287250729,0.8,0
1.7e-06,0.8,0.770513242776,0.8,0
1.8e-06,0.8,0.368124552685,0.8,0
1.9e-06,0.8,-0.125333233564,0.8,0
2e-06,0.8,-0.587785252292,0.8,0
2.1e-06,0.8,-0.904827052466,0.8,0
2.2e-06,0.8,-0.998026728428,0.8,0
2.3e-06,0.8,-0.844327925502,0.8,0
2.4e-06,0.8,-0.481753674102,0.8,0
2.5e-06,0.8,-4.89858719659e-16,0.8,0
2.6e-06,0.8,0.481753674102,0.8,0
2.7e-06,0.8,0.844327925502,0.8,0
2.8e-06,0.8,0.998026728428,0.8,0
2.9e-06,0.8,0.904827052466,0.8,0
3e-06,0.8,0.587785252292,0.8,0
3.1e-06,0.8,0.125333233564,0.8,0
3.2e-06,0.8,-0.368124552685,0.8,0
3.3e-06,0.8,-0.770513242776,0.8,0
3.4e-06,0.8,-0.982287250729,0.8,0
3.5e-06,0.8,-0.951056516295,0.8,0
3.6e-06,0.8,-0.684547105929,0.8,0
3.7e-06,0.8,-0.248689887165,0.8,0
3.8e-06,0.8,0.248689887165,0.8,0
3.9e-06,0.8,0.684547105929,0.8,0
4e-06,0.8,0.951056516295,0.8,0
4.1e-06,0.8,0.982287250729,0.8,0
4.2e-06,0.8,0.770513242776,0.8,0
4.3e-06,0.8,0.368124552685,0.8,0
4.4e-06,0.8,-0.125333233564,0.8,0
4.5e-06,0.8,-0.587785252292,0.8,0
4.6e-06,0.8,-0.904827052466,0.8,0
4.7e-06,0.8,-0.998026728428,0.8,0
4.8e-06,0.8,-0.844327925502,0.8,0
4.9e-06,0.8,-0.481753674102,0.8,0
5e-06,0.8,-9.79717439318e-16,0.8,0
5.1e-06,0.8,0.481753674102,0.8,0
5.2e-06,0.8,0.844327925502,0.8,0
5.3e-06,0.8,0.998026728428,0.8,0
5.4e-06,0.8,0.904827052466,0.8,0
5.5e-06,0.8,0.587785252292,0.8,0
5.6e-06,0.8,0.125333233564,0.8,0
5.7e-06,0.8,-0.368124552685,0.8,0
5.8e-06,0.8,-0.770513242776,0.8,0
5.9e-06,0.8,-0.982287250729,0.8,0
6e-06,0.8,-0.951056516295,0.8,0
6.1e-06,0.8,-0.684547105929,0.8,0
6.2e-06,0.8,-0.248689887165,0.8,0
6.3e-06,0.8,0.248689887165,0.8,0
6.4e-06,0.8,0.684547105929,0.8,0
6.5e-06,0.8,0.951056516295,0.8,0
6.6e-06,0.8,0.982287250729,0.8,0
6.7e-06,0.8,0.770513242776,0.8,0
6.8e-06,0.8,0.368124552685,0.8,0
6.9e-06,0.8,-0.125333233564,0.8,0
7e-06,0.8,-0.587785252292,0.8,0
7.1e-06,0.8,-0.904827052466,0.8,0
7.2e-06,0.8,-0.998026728428,0.8,0
7.3e-06,0.8,-0.844327925502,0.8,0
7.4e-06,0.8,-0.481753674102,0.8,0
7.5e-06,0.8,-1.46957615898e-15,0.8,0
7.6e-06,0.8,0.481753674102,0.8,0
7.7e-06,0.8,0.844327925502,0.8,0
7.8e-06,0.8,0.998026728428,0.8,0
7.9e-06,0.8,0.904827052466,0.8,0
8e-06,0.8,0.587785252292,0.8,0
8.1e-06,0.8,0.125333233564,0.8,0
8.2e-06,0.8,-0.368124552685,0.8,0
8.3e-06,0.8,-0.770513242776,0.8,0
8.4e-06,0.8,-0.982287250729,0.8,0
8.5e-06,0.8,-0.951056516295,0.8,0
8.6e-06,0.8,-0.684547105929,0.8,0
8.7e-06,0.8,-0.248689887165,0.8,0
8.8e-06,0.8,0.248689887165,0.8,0
8.9e-06,0.8,0.684547105929,0.8,0
9e-06,0.8,0.951056516295,0.8,0
9.1e-06,0.8,0.982287250729,0.8,0
9.2e-06,0.8,0.770513242776,0.8,0
9.3e-06,0.8,0.368124552685,0.8,0
9.4e-06,0.8,-0.125333233564,0.8,0
9.5e-06,0.8,-0.587785252292,0.8,0
9.6e-06,0.8,-0.904827052466,0.8,0
9.7e-06,0.8,-0.998026728428,0.8,0
9.8e-06,0.8,-0.844327925502,0.8,0
9.9e-06,0.8,-0.481753674102,0.8,0
1e-05,1.16,-1.95943487864e-15,0.8,0
1.01e-05,1.16,0.484662976393,0.810572883387,0.0354711280528
1.02e-05,1.16,0.851368918805,0.82111465426,0.0698864606799
1.03e-05,1.16,0.999456094869,0.831617909932,0.103249481313
1.04e-05,1.16,0.880999631888,0.842075492569,0.135564401398
1.05e-05,1.16,0.518937513486,0.852480487727,0.166836135984
1.06e-05,1.16,0.00672471347852,0.862826222749,0.197070279458
1.07e-05,1.16,-0.512967414651,0.873106265018,0.226273081457
1.08e-05,1.16,-0.886829337616,0.88331442006,0.254451422957
1.09e-05,1.16,-0.996972687067,0.893444729531,0.281612792558
1.1e-05,1.16,-0.800684265549,0.903491469067,0.307765262973
1.11e-05,1.16,-0.350048610708,0.913449146009,0.332917467752
1.12e-05,1.16,0.217661383717,0.92331249702,0.357078578221
1.13e-05,1.16,0.719182398713,0.933076485583,0.380258280679
1.14e-05,1.16,0.984046811,0.9427362994,0.402466753842
1.15e-05,1.16,0.914517319495,0.952287347682,0.42371464656
1.16e-05,1.16,0.52524443698,0.961725258345,0.4440130558
1.17e-05,1.16,-0.0541753315932,0.971045875124,0.463373504923
1.18e-05,1.16,-0.618808103025,0.980245254586,0.481807922252
1.19e-05,1.16,-0.959715583828,0.989319663071,0.499328619935
1.2e-05,1.16,-0.942882316574,0.998265573557,0.51594827313
1.21e-05,1.16,-0.565611472339,1.00707966245,0.531679899499
1.22e-05,1.16,0.0343193122132,1.0157588063,0.546536839027
1.23e-05,1.16,0.625082128168,1.02430007848,0.560532734177
1.24e-05,1.16,0.969078882073,1.03270074576,0.573681510373
1.25e-05,1.16,0.920225347508,1.04095826489,0.585997356837
1.26e-05,1.16,0.489962164608,1.04907027906,0.597494707764
1.27e-05,1.16,-0.149056259955,1.0570346144,0.608188223852
1.28e-05,1.16,-0.728569469148,1.06484927635,0.618092774192
1.29e-05,1.16,-0.996550410795,1.07251244605,0.627223418515
1.3e-05,1.16,-0.829177504726,1.08002247668,0.635595389805
1.31e-05,1.16,-0.29238285107,1.0873778898,0.643224077279
1.32e-05,1.16,0.379052367918,1.09457737157,0.650125009736
1.33e-05,1.16,0.881361325715,1.1016197691,0.65631383928
1.34e-05,1.16,0.979611301213,1.10850408661,0.66180632542
1.35e-05,1.16,0.620909685948,1.11522948173,0.666618319537
1.36e-05,1.16,-0.0328818360409,1.12179526167,0.670765749742
1.37e-05,1.16,-0.674105708771,1.12820087947,0.674264606099
1.38e-05,1.16,-0.992784295275,1.13444593017,0.677130926238
1.39e-05,1.16,-0.828423001397,1.14053014704,0.679380781341
1.4e-05,1.16,-0.254954591547,1.14645339778,0.681030262512
1.41e-05,1.16,0.447846973511,1.15221568071,0.68209546752
1.42e-05,1.16,0.928399624885,1.15781712101,0.682592487928
1.43e-05,1.16,0.939892212451,1.16325796692,0.682537396597
1.44e-05,1.16,0.470405856833,1.16853858603,0.681946235565
1.45e-05,1.16,-0.243604829067,1.17365946147,0.680835004304
1.46e-05,1.16,-0.833316317884,1.17862118819,0.679219648349
1.47e-05,1.16,-0.987802142683,1.18342446932,0.677116048302
1.48e-05,1.16,-0.620523910733,1.18807011238,0.6745400092
1.49e-05,1.16,0.0784136813567,1.1925590257,0.671507250259
1.5e-05,1.16,0.737371398195,1.19689221473,0.668033394974
1.51e-05,1.16,0.999931266901,1.20107077848,0.664133961589
1.52e-05,1.16,0.719543058886,1.20509590591,0.659824353918
1.53e-05,1.16,0.0447204331833,1.20896887239,0.65511985253
1.54e-05,1.16,-0.656416997538,1.21269103619,0.650035606284
1.55e-05,1.16,-0.995803035366,1.21626383504,0.644586624209
1.56e-05,1.16,-0.781559631013,1.21968878265,0.638787767732
1.57e-05,1.16,-0.129407365206,1.22296746534,0.632653743253
1.58e-05,1.16,0.596901794409,1.2261015387,0.626199095048
1.59e-05,1.16,0.987253889258,1.22909272423,0.61943819851
1.6e-05,1.16,0.817734942062,1.23194280614,0.612385253722
1.61e-05,1.16,0.181541154298,1.23465362805,0.605054279345
1.62e-05,1.16,-0.559695201807,1.2372270899,0.597459106839
1.63e-05,1.16,-0.980337303548,1.23966514476,0.589613374986
1.64e-05,1.16,-0.835912644484,1.24196979578,0.581530524733
1.65e-05,1.16,-0.207238427801,1.24414309313,0.573223794335
1.66e-05,1.16,0.542672634711,1.24618713107,0.5647062148
1.67e-05,1.16,0.977280635918,1.248104045,0.55599060563
1.68e-05,1.16,0.841248986872,1.24989600857,0.547089570851
1.69e-05,1.16,0.212102255762,1.25156523086,0.538015495329
1.7e-05,1.16,-0.542280315216,1.25311395367,0.528780541361
1.71e-05,1.16,-0.978064815573,1.25454444871,0.519396645551
1.72e-05,1.16,-0.837100418044,1.25585901504,0.509875515937
1.73e-05,1.16,-0.20111735622,1.25705997639,0.5002286294
1.74e-05,1.16,0.554434849611,1.25814967866,0.490467229317
1.75e-05,1.16,0.981571071562,1.25913048742,0.480602323471
1.76e-05,1.16,0.82582364754,1.26000478547,0.470644682207
1.77e-05,1.16,0.178763427779,1.26077497046,0.460604836827
1.78e-05,1.16,-0.575040833493,1.26144345258,0.450493078223
1.79e-05,1.16,-0.986357511575,1.26201265231,0.440319455733
1.8e-05,1.16,-0.809363184886,1.26248499817,0.43009377623
1.81e-05,1.16,-0.149142168129,1.26286292464,0.419825603416
1.82e-05,1.16,0.600298335726,1.26314887002,0.40952425734
1.83e-05,1.16,0.991142509318,1.26334527439,0.399198814113
1.84e-05,1.16,0.789608262743,1.2634545777,0.388858105828
1.85e-05,1.16,0.116044249986,1.26347921777,0.378510720676
1.86e-05,1.16,-0.626883956452,1.26342162851,0.368165003245
1.87e-05,1.16,-0.995058239468,1.26328423805,0.357829055005
1.88e-05,1.16,-0.768550072677,1.26306946704,0.347510734976
1.89e-05,1.16,-0.0829535767653,1.26277972692,0.337217660556
1.9e-05,1.16,0.652037600048,1.26241741834,0.326957208526
1.91e-05,1.16,0.99772546929,1.26198492953,0.316736516213
1.92e-05,1.16,0.748290290223,1.2614846348,0.306562482801
1.93e-05,1.16,0.0530163429989,1.26091889309,0.2964417708
1.94e-05,1.16,-0.673566240055,1.26029004653,0.286380807657
1.95e-05,1.16,-0.999195176956,1.25960041908,0.276385787502
1.96e-05,1.16,-0.730955564137,1.25885231526,0.26646267303
1.97e-05,1.16,-0.0290066383959,1.25804801887,0.256617197511
1.98e-05,1.16,0.689774331539,1.25718979178,0.246854866921
1.99e-05,1.16,0.999800275061,1.25627987282,0.237180962191
2e-05,1.16,0.718565777385,1.25532047666,0.227600541569
2.01e-05,1.16,0.0133101774412,1.25431379277,0.218118443087
2.02e-05,1.16,-0.699337262492,1.25326198443,0.208739287132
2.03e-05,1.16,-0.999957492015,1.25216718778,0.199467479113
2.04e-05,1.16,-0.712890655865,1.25103151091,0.190307212219
2.05e-05,1.16,-0.00793225143789,1.24985703304,0.181262470266
2.06e-05,1.16,0.701141629102,1.24864580371,0.172337030626
2.07e-05,1.16,0.999953522622,1.24739984201,0.163534467235
2.08e-05,1.16,0.715313961082,1.24612113589,0.15485815367
2.09e-05,1.16,0.014521604013,1.24481164149,0.146311266297
2.1e-05,1.16,-0.694120282726,1.24347328251,0.137896787488
2.11e-05,1.16,-0.99974169652,1.24210794965,0.129617508888
2.12e-05,1.16,-0.726711035084,1.24071750008,0.121476034745
2.13e-05,1.16,-0.0343923068194,1.23930375692,0.113474785287
2.14e-05,1.16,0.677110269751,1.23786850884,0.105616000152
2.15e-05,1.16,0.998767785813,1.23641350959,0.0979017418525
2.16e-05,1.16,0.74733676312,1.23494047768,0.0903338992836
2.17e-05,1.16,0.0685221507662,1.23345109601,0.0829141912688
2.18e-05,1.16,-0.648758970009,1.23194701162,0.0756441701318
2.19e-05,1.16,-0.995838268769,1.23042983538,0.0685252252993
2.2e-05,1.16,-0.776718420237,1.2289011418,0.0615585869266
2.21e-05,1.16,-0.117508255473,1.22736246886,0.0547453295436
2.22e-05,1.16,0.607499297969,1.22581531779,0.0480863757183
2.23e-05,1.16,0.989042419165,1.22426115305,0.0415824997333
2.24e-05,1.16,0.81355120571,1.22270140215,0.0352343312724
2.25e-05,1.16,0.181467501315,1.22113745565,0.0290423591153
2.26e-05,1.16,-0.551609526927,1.21957066713,0.023006934835
2.27e-05,1.16,-0.975740624793,1.21800235315,0.0171282764973
2.28e-05,1.16,-0.855602227093,1.21643379338,0.0114064723568
2.29e-05,1.16,-0.25987987439,1.21486623054,0.00584148454996
2.3e-05,1.16,0.479366954863,1.21330087059,0.000433152778689
2.31e-05,1.16,0.952633718163,1.21173888282,-0.00481880201518
2.32e-05,1.16,0.899639194084,1.21018139994,-0.00991477398885
2.33e-05,1.16,0.351385848546,1.20862951833,-0.0148552687528
2.34e-05,1.16,-0.389296359287,1.20708429816,-0.0196408997429
2.35e-05,1.16,-0.915929383294,1.20554676364,-0.0242723846126
2.36e-05,1.16,-0.941410548459,1.20401790325,-0.0287505416479
2.37e-05,1.16,-0.453563370025,1.20249867,-0.0330762862066
2.38e-05,1.16,0.280502969531,1.20098998168,-0.0372506271842
2.39e-05,1.16,0.861619229005,1.1994927212,-0.0412746635088
2.4e-05,1.16,0.975711310544,1.19800773687,-0.0451495806666
2.41e-05,1.16,0.562724236214,1.19653584275,-0.0488766472599
2.42e-05,1.16,-0.153065109889,1.195077819,-0.052457211599
2.43e-05,1.16,-0.78587169482,1.19363441226,-0.0558926983307
2.44e-05,1.16,-0.996570619996,1.192206336,-0.0591846051036
2.45e-05,1.16,-0.673781270964,1.19079427095,-0.0623344992735
2.46e-05,1.16,0.0084445927225,1.18939886549,-0.0653440146484
2.47e-05,1.16,0.685530539634,1.18802073611,-0.0682148482758
2.48e-05,1.16,0.997590219567,1.1866604678,-0.0709487572739
2.49e-05,1.16,0.780243549175,1.18531861456,-0.0735475557061
2.5e-05,1.16,0.150144141505,1.1839956998,-0.0760131115023
2.51e-05,1.16,-0.558687000547,1.18269221686,-0.0783473434263
2.52e-05,1.16,-0.972446460538,1.18140862947,-0.0805522180917
2.53e-05,1.16,-0.87439361387,1.18014537227,-0.0826297470254
2.54e-05,1.16,-0.317478206082,1.17890285125,-0.0845819837824
2.55e-05,1.16,0.405268719789,1.17768144434,-0.0864110211097
2.56e-05,1.16,0.915542139601,1.17648150187,-0.0881189881623
2.57e-05,1.16,0.947685446913,1.17530334711,-0.0897080477708
2.58e-05,1.16,0.486260015862,1.1741472768,-0.0911803937621
2.59e-05,1.16,-0.227565238228,1.17301356169,-0.0925382483328
2.6e-05,1.16,-0.822761458303,1.17190244706,-0.0937838594767
2.61e-05,1.16,-0.991374050308,1.17081415328,-0.0949194984663
2.62e-05,1.16,-0.647307635231,1.16974887639,-0.0959474573893
2.63e-05,1.16,0.0305946311853,1.16870678858,-0.0968700467396
2.64e-05,1.16,0.692247136829,1.16768803879,-0.0976895930641
2.65e-05,1.16,0.99734892642,1.16669275327,-0.0984084366643
2.66e-05,1.16,0.790043592128,1.16572103613,-0.0990289293551
2.67e-05,1.16,0.177784923699,1.16477296989,-0.0995534322775
2.68e-05,1.16,-0.525090753823,1.16384861604,-0.099984313769
2.69e-05,1.16,-0.959099937219,1.16294801563,-0.100323947289
2.7e-05,1.16,-0.903283665193,1.16207118979,-0.100574709402
2.71e-05,1.16,-0.387096703167,1.16121814031,-0.100738977814
2.72e-05,1.16,0.325813808398,1.16038885022,-0.100819129465
2.73e-05,1.16,0.872703278871,1.1595832843,-0.100817538683
2.74e-05,1.16,0.976276483848,1.15880138967,-0.100736575387
2.75e-05,1.16,0.584840215834,1.15804309634,-0.100578603346
2.76e-05,1.16,-0.10252434731,1.15730831776,-0.100345978498
2.77e-05,1.16,-0.737687266507,1.15659695134,-0.10004104732
2.78e-05,1.16,-0.999892484865,1.15590887906,-0.0996661452541
2.79e-05,1.16,-0.757445412519,1.15524396793,-0.0992235951864
2.8e-05,1.16,-0.133334893315,1.1546020706,-0.0987157059822
2.81e-05,1.16,0.557630915532,1.15398302583,-0.098144771073
2.82e-05,1.16,0.96781776498,1.15338665909,-0.0975130670971
2.83e-05,1.16,0.891511286279,1.152812783,-0.0968228525927
2.84e-05,1.16,0.367678379019,1.15226119792,-0.0960763667436
2.85e-05,1.16,-0.34036803193,1.15173169243,-0.0952758281758
2.86e-05,1.16,-0.877585289084,1.15122404385,-0.0944234338056
2.87e-05,1.16,-0.975196936191,1.15073801871,-0.093521357738
2.88e-05,1.16,-0.584875142933,1.15027337329,-0.0925717502152
2.89e-05,1.16,0.0977153482513,1.1498298541,-0.0915767366141
2.9e-05,1.16,0.731280254402,1.14940719834,-0.0905384164927
2.91e-05,1.16,0.999592967071,1.14900513438,-0.0894588626843
2.92e-05,1.16,0.76914928397,1.14862338226,-0.088340120439
2.93e-05,1.16,0.155291205808,1.14826165413,-0.0871842066116
2.94e-05,1.16,-0.535790236698,1.1479196547,-0.0859931088963
2.95e-05,1.16,-0.959887363655,1.14759708168,-0.0847687851053
2.96e-05,1.16,-0.906125229425,1.14729362627,-0.0835131624926
2.97e-05,1.16,-0.401594090085,1.14700897354,-0.0822281371215
2.98e-05,1.16,0.302529701248,1.14674280286,-0.0809155732744
2.99e-05,1.16,0.856157341609,1.14649478837,-0.0795773029055
3e-05,1.16,0.984326861587,1.14626459931,-0.0782151251345
3.01e-05,1.16,0.623619171368,1.14605190049,-0.0768308057805
3.02e-05,1.16,-0.0466424889577,1.14585635264,-0.075426076936
3.03e-05,1.16,-0.693665238444,1.14567761282,-0.07400263658
3.04e-05,1.16,-0.996437692408,1.14551533477,-0.0725621482287
3.05e-05,1.16,-0.804911956887,1.14536916932,-0.0711062406237
3.06e-05,1.16,-0.214238528927,1.14523876471,-0.0696365074571
3.07e-05,1.16,0.482604162793,1.14512376697,-0.0681545071308
3.08e-05,1.16,0.940158756019,1.14502382022,-0.0666617625524
3.09e-05,1.16,0.931706988111,1.14493856708,-0.0651597609635
3.1e-05,1.16,0.461532119326,1.14486764891,-0.0636499538018
3.11e-05,1.16,-0.237315489696,1.14481070621,-0.0621337565954
3.12e-05,1.16,-0.818556136708,1.14476737884,-0.060612548888
3.13e-05,1.16,-0.994241910305,1.14473730642,-0.0590876741951
3.14e-05,1.16,-0.677367120916,1.14472012853,-0.0575604399894
3.15e-05,1.16,-0.0249283571061,1.14471548507,-0.0560321177155
3.16e-05,1.16,0.639860517397,1.14472301648,-0.0545039428324
3.17e-05,1.16,0.987665836449,1.14474236404,-0.0529771148826
3.18e-05,1.16,0.846165197296,1.14477317009,-0.0514527975886
3.19e-05,1.16,0.28542805477,1.14481507835,-0.0499321189733
3.2e-05,1.16,-0.416753981966,1.14486773409,-0.0484161715066
3.21e-05,1.16,-0.912450103709,1.14493078439,-0.0469060122746
3.22e-05,1.16,-0.955972666784,1.14500387839,-0.0454026631726
3.23e-05,1.16,-0.525671213246,1.14508666747,-0.0439071111195
3.24e-05,1.16,0.165242309173,1.14517880547,-0.0424203082938
3.25e-05,1.16,0.774277146342,1.1452799489,-0.0409431723906
3.26e-05,1.16,0.999408020246,1.14538975715,-0.0394765868976
3.27e-05,1.16,0.728876570533,1.14550789262,-0.0380214013906
3.28e-05,1.16,0.0967450154984,1.14563402096,-0.0365784318467
3.29e-05,1.16,-0.58344831352,1.1457678112,-0.0351484609751
3.3e-05,1.16,-0.974148181846,1.14590893592,-0.033732238565
3.31e-05,1.16,-0.881311918337,1.14605707143,-0.0323304818481
3.32e-05,1.16,-0.350864561712,1.14621189787,-0.0309438758777
3.33e-05,1.16,0.353904303462,1.14637309941,-0.0295730739212
3.34e-05,1.16,0.88293719658,1.14654036431,-0.0282186978668
3.35e-05,1.16,0.973270012249,1.14671338512,-0.0268813386422
3.36e-05,1.16,0.579819377342,1.14689185876,-0.0255615566473
3.37e-05,1.16,-0.101986223905,1.14707548662,-0.0242598821964
3.38e-05,1.16,-0.733156289948,1.14726397469,-0.0229768159729
3.39e-05,1.16,-0.999637218616,1.14745703367,-0.0217128294931
3.4e-05,1.16,-0.768634080079,1.14765437901,-0.0204683655801
3.41e-05,1.16,-0.154921059881,1.14785573106,-0.0192438388466
3.42e-05,1.16,0.536037051051,1.14806081509,-0.0180396361853
3.43e-05,1.16,0.96004107365,1.1482693614,-0.0168561172677
3.44e-05,1.16,0.905645031754,1.1484811054,-0.0156936150497
3.45e-05,1.16,0.399727158335,1.14869578762,-0.0145524362831
3.46e-05,1.16,-0.305626013475,1.1489131538,-0.0134328620333
3.47e-05,1.16,-0.858608059968,1.14913295494,-0.0123351482026
3.48e-05,1.16,-0.983148414391,1.14935494734,-0.0112595260574
3.49e-05,1.16,-0.616840371529,1.14957889262,-0.01020620276
3.5e-05,1.16,0.0576185700678,1.14980455778,-0.00917536190392
3.51e-05,1.16,0.703396924173,1.15003171522,-0.00816716405222
3.52e-05,1.16,0.997690719097,1.15026014276,-0.00718174727833
3.53e-05,1.16,0.793152253101,1.15048962364,-0.00621922770901
3.54e-05,1.16,0.191824994353,1.15071994658,-0.00527970006882
3.55e-05,1.16,-0.505593614712,1.15095090573,-0.00436323822566
3.56e-05,1.16,-0.950021986475,1.15118230073,-0.00346989573697
3.57e-05,1.16,-0.918750596018,1.15141393666,-0.00259970639604
3.58e-05,1.16,-0.427184812457,1.15164562407,-0.00175268477817
3.59e-05,1.16,0.278561640109,1.15187717896,-0.000928826785996
3.6e-05,1.16,0.844758960391,1.15210842276,-0.000128110193836
3.61e-05,1.16,0.987341441747,1.15233918233,0.000649504809493
3.62e-05,1.16,0.634534490307,1.15256928991,0.00140407507975
3.63e-05,1.16,-0.0368383100294,1.15279858314,0.00213567397855
3.64e-05,1.16,-0.689821987631,1.15302690498,0.00284439083733
3.65e-05,1.16,-0.996388522067,1.15325410373,0.00353033042417
3.66e-05,1.16,-0.802293744592,1.15348003296,0.00419361241398
3.67e-05,1.16,-0.204844109307,1.15370455147,0.00483437086226
3.68e-05,1.16,0.495716506261,1.15392752328,0.00545275368278
3.69e-05,1.16,0.946999606421,1.15414881757,0.00604892212949
3.7e-05,1.16,0.921756918395,1.15436830862,0.00662305028298
3.71e-05,1.16,0.432449571378,1.15458587578,0.00717532454158
3.72e-05,1.16,-0.274728924303,1.15480140341,0.00770594311767
3.73e-05,1.16,-0.843602925211,1.15501478083,0.00821511553915
3.74e-05,1.16,-0.98739475954,1.15522590226,0.00870306215655
3.75e-05,1.16,-0.633397146156,1.15543466677,0.00917001365576
3.76e-05,1.16,0.0400997774357,1.1556409782,0.0096162105769
3.77e-05,1.16,0.693463636434,1.1558447451,0.0100419028392
3.78e-05,1.16,0.996943234571,1.1560458807,0.0104473492725
3.79e-05,1.16,0.797160657714,1.15624430279,0.010832817155
3.8e-05,1.16,0.194773449203,1.15643993372,0.0111985817579
3.81e-05,1.16,-0.506091368654,1.15663270023,0.011544925897
3.82e-05,1.16,-0.951304464735,1.1568225335,0.0118721394914
3.83e-05,1.16,-0.915697574436,1.15700936896,0.012180519129
3.84e-05,1.16,-0.417063501009,1.15719314633,0.0124703676401
3.85e-05,1.16,0.292586711108,1.15737380942,0.0127419936773
3.86e-05,1.16,0.854291438736,1.15755130619,0.0129957113041
3.87e-05,1.16,0.983708122317,1.15772558855,0.0132318395907
3.88e-05,1.16,0.615142190063,1.15789661235,0.0134507022176
3.89e-05,1.16,-0.0649686697472,1.1580643373,0.0136526270865
3.9e-05,1.16,-0.71225075746,1.15822872687,0.0138379459404
3.91e-05,1.16,-0.998734747678,1.15838974821,0.0140069939906
3.92e-05,1.16,-0.779093363791,1.15854737207,0.0141601095521
3.93e-05,1.16,-0.16448206889,1.15870157274,0.0142976336873
3.94e-05,1.16,0.533597281927,1.15885232793,0.0144199098577
3.95e-05,1.16,0.961118098238,1.15899961875,0.0145272835837
3.96e-05,1.16,0.90110151821,1.15914342953,0.0146201021129
3.97e-05,1.16,0.383836650494,1.15928374785,0.0146987140963
3.98e-05,1.16,-0.328292189116,1.15942056436,0.0147634692733
3.99e-05,1.16,-0.873829100088,1.15955387276,0.0148147181645
4e-05,1.16,-0.97571460338,1.1596836697,0.0148528117726
4.01e-05,1.16,-0.582067856472,1.15980995468,0.0148781012927
4.02e-05,1.16,0.107292481591,1.15993272998,0.0148909378294
4.03e-05,1.16,0.742198099085,1.16005200059,0.0148916721229
4.04e-05,1.16,0.999984691257,1.16016777411,0.0148806542839
4.05e-05,1.16,0.749521711912,1.16028006068,0.014858233535
4.06e-05,1.16,0.118003846734,1.16038887289,0.0148247579625
4.07e-05,1.16,-0.573562043021,1.16049422569,0.014780574274
4.08e-05,1.16,-0.97349366587,1.16059613634,0.0147260275661
4.09e-05,1.16,-0.878301314148,1.1606946243,0.0146614610988
4.1e-05,1.16,-0.33629651732,1.16078971117,0.0145872160784
4.11e-05,1.16,0.37684987565,1.1608814206,0.0145036314483
4.12e-05,1.16,0.898273330233,1.16096977822,0.0144110436875
4.13e-05,1.16,0.962557135255,1.16105481154,0.014309786617
4.14e-05,1.16,0.536888398983,1.16113654991,0.0142001912136
4.15e-05,1.16,-0.162125152406,1.16121502442,0.0140825854322
4.16e-05,1.16,-0.778630701647,1.16129026783,0.0139572940343
4.17e-05,1.16,-0.99868098971,1.1613623145,0.0138246384253
4.18e-05,1.16,-0.710143316383,1.1614312003,0.013684936498
4.19e-05,1.16,-0.059896307047,1.16149696256,0.0135385024846
4.2e-05,1.16,0.620890150374,1.16155963999,0.0133856468147
4.21e-05,1.16,0.98540313499,1.16161927261,0.0132266759812
4.22e-05,1.16,0.847884177968,1.16167590166,0.0130618924129
4.23e-05,1.16,0.278336953882,1.16172956958,0.0128915943542
4.24e-05,1.16,-0.433064718956,1.1617803199,0.0127160757509
4.25e-05,1.16,-0.923793847339,1.16182819717,0.0125356261438
4.26e-05,1.16,-0.943721266093,1.16187324694,0.012350530568
4.27e-05,1.16,-0.482640275241,1.16191551565,0.0121610694587
4.28e-05,1.16,0.224469644427,1.1619550506,0.0119675185641
4.29e-05,1.16,0.817172528035,1.16199189985,0.0117701488635
4.3e-05,1.16,0.993302210923,1.1620261122,0.0115692264923
4.31e-05,1.16,0.663030461035,1.16205773711,0.0113650126728
4.32e-05,1.16,-0.00529190235788,1.16208682465,0.0111577636503
4.33e-05,1.16,-0.670929141786,1.16211342542,0.0109477306362
4.34e-05,1.16,-0.994476818952,1.16213759054,0.0107351597552
4.35e-05,1.16,-0.810934191497,1.16215937154,0.0105202919994
4.36e-05,1.16,-0.213869481849,1.16217882035,0.0103033631871
4.37e-05,1.16,0.492264697803,1.16219598924,0.0100846039266
4.38e-05,1.16,0.947371727812,1.16221093074,0.00986423958591
4.39e-05,1.16,0.919350383794,1.16222369762,0.00964249026677
4.4e-05,1.16,0.422476613527,1.16223434285,0.00941957078414
4.41e-05,1.16,-0.289859611668,1.16224291951,0.00919569064995
4.42e-05,1.16,-0.85437195815,1.16224948079,0.00897105406187
4.43e-05,1.16,-0.983154600264,1.16225407993,0.00874585989636
4.44e-05,1.16,-0.610522719819,1.16225677016,0.00852030170624
4.45e-05,1.16,0.0734811123524,1.16225760466,0.00829456772247
4.46e-05,1.16,0.720008924797,1.16225663657,0.0080688408601
4.47e-05,1.16,0.999326097395,1.16225391887,0.0078432987282
4.48e-05,1.16,0.768981551045,1.16224950441,0.00761811364371
4.49e-05,1.16,0.146456706655,1.16224344583,0.00739345264905
4.5e-05,1.16,-0.550757382318,1.16223579555,0.00716947753337
4.51e-05,1.16,-0.967087322442,1.16222660571,0.00694634485733
4.52e-05,1.16,-0.890218482602,1.16221592817,0.00672420598128
4.53e-05,1.16,-0.359364200737,1.16220381444,0.0065032070967
4.54e-05,1.16,0.354747072945,1.16219031569,0.00628348926084
4.55e-05,1.16,0.887948134539,1.16217548268,0.00606518843438
4.56e-05,1.16,0.96834589267,1.16215936576,0.00584843552197
4.57e-05,1.16,0.554960705396,1.16214201483,0.00563335641567
4.58e-05,1.16,-0.141398406185,1.16212347932,0.005420072041
4.59e-05,1.16,-0.765650168098,1.16210380816,0.00520869840562
4.6e-05,1.16,-0.999506431412,1.16208304974,0.00499934665042
4.61e-05,1.16,-0.72375244075,1.16206125193,0.00479212310304
4.62e-05,1.16,-0.0790048460867,1.16203846202,0.00458712933352
4.63e-05,1.16,0.606010525036,1.1620147267,0.00438446221222
4.64e-05,1.16,0.982069708199,1.16199009207,0.00418421396965
4.65e-05,1.16,0.857482927121,1.1619646036,0.00398647225828
4.66e-05,1.16,0.295789333275,1.1619383061,0.00379132021614
4.67e-05,1.16,-0.416668261147,1.16191124374,0.00359883653218
4.68e-05,1.16,-0.916730756934,1.16188346,0.00340909551314
4.69e-05,1.16,-0.949534915309,1.16185499766,0.00322216715206
4.7e-05,1.16,-0.498392752245,1.16182589881,0.00303811719812
4.71e-05,1.16,0.206741731661,1.16179620482,0.00285700722782
4.72e-05,1.16,0.806502372445,1.16176595632,0.00267889471738
4.73e-05,1.16,0.995263743755,1.16173519322,0.00250383311628
4.74e-05,1.16,0.676869210576,1.16170395465,0.00233187192186
4.75e-05,1.16,0.0135904680239,1.161672279,0.00216305675482
4.76e-05,1.16,-0.656597937832,1.1616402039,0.00199742943563
4.77e-05,1.16,-0.992244082381,1.16160776617,0.00183502806172
4.78e-05,1.16,-0.822375669383,1.16157500189,0.00167588708532
4.79e-05,1.16,-0.233567782063,1.16154194633,0.00152003739199
4.8e-05,1.16,0.474206497137,1.16150863395,0.00136750637959
4.81e-05,1.16,0.940415226018,1.16147509846,0.00121831803781
4.82e-05,1.16,0.927615390726,1.16144137273,0.00107249302801
4.83e-05,1.16,0.442364099683,1.16140748884,0.000930048763388
4.84e-05,1.16,-0.268167310098,1.16137347806,0.000790999489378
4.85e-05,1.16,-0.842114386031,1.16133937087,0.000655356364245
4.86e-05,1.16,-0.987215186572,1.16130519692,0.000523127539733
4.87e-05,1.16,-0.629618131228,1.16127098508,0.000394318241772
4.88e-05,1.16,0.0485566390987,1.16123676339,0.00026893085114
4.89e-05,1.16,0.701992632424,1.16120255908,0.000146964984032
4.9e-05,1.16,0.998015501092,1.16116839861,2.84175724743e-05
4.91e-05,1.16,0.785951668866,1.16113430762,-8.671705548e-05
4.92e-05,1.16,0.173795289782,1.16110031094,-0.000198447095828
4.93e-05,1.16,-0.526814009511,1.16106643262,-0.00030678318902
4.94e-05,1.16,-0.959255933536,1.16103269592,-0.000411738340744
4.95e-05,1.16,-0.903449068084,1.16099912331,-0.000513327843143
4.96e-05,1.16,-0.38783470083,1.16096573649,-0.000611569196514
4.97e-05,1.16,0.325144563158,1.16093255637,-0.000706482031536
4.98e-05,1.16,0.872643602206,1.16089960309,-0.000798088032072
4.99e-05,1.16,0.97607220256,1.16086689605,-0.000886410858594
5e-05,1.16,0.582836122271,1.16083445388,-0.000971476072269
5.01e-05,1.16,-0.10694420253,1.16080229445,-0.00105331105974
5.02e-05,1.16,-0.742297539342,1.1607704349,-0.00113194495867
5.03e-05,1.16,-0.999987599832,1.16073889165,-0.00120740858403
5.04e-05,1.16,-0.748947574787,1.16070768037,-0.00127973435523
5.05e-05,1.16,-0.116919924243,1.16067681604,-0.00134895622409
5.06e-05,1.16,0.574568783864,1.16064631291,-0.00141510960371
5.07e-05,1.16,0.973786394735,1.16061618454,-0.00147823129816
5.08e-05,1.16,0.877700353569,1.16058644381,-0.00153835943329
5.09e-05,1.16,0.335214925519,1.16055710291,-0.00159553338828
5.1e-05,1.16,-0.377742627787,1.16052817338,-0.00164979372839
5.11e-05,1.16,-0.898582969708,1.16049966607,-0.00170118213859
5.12e-05,1.16,-0.962455677569,1.16047159122,-0.00174974135829
5.13e-05,1.16,-0.536911158797,1.1604439584,-0.00179551511712
5.14e-05,1.16,0.16163615551,1.16041677657,-0.00183854807178
5.15e-05,1.16,0.777984413559,1.16039005409,-0.00187888574399
5.16e-05,1.16,0.99876315637,1.16036379868,-0.00191657445961
5.17e-05,1.16,0.711749053995,1.1603380175,-0.00195166128878
5.18e-05,1.16,0.0628896353564,1.16031271712,-0.00198419398732
5.19e-05,1.16,-0.617929867694,1.16028790352,-0.00201422093922
5.2e-05,1.16,-0.984610258356,1.16026358216,-0.00204179110034
5.21e-05,1.16,-0.850773473918,1.16023975793,-0.00206695394327
5.22e-05,1.16,-0.284478634879,1.16021643519,-0.00208975940335
5.23e-05,1.16,0.426406026698,1.16019361778,-0.00211025782598
5.24e-05,1.16,0.920547538099,1.16017130903,-0.00212849991505
5.25e-05,1.16,0.946806449298,1.16014951178,-0.0021445366826
5.26e-05,1.16,0.491860935447,1.16012822837,-0.00215841939973
5.27e-05,1.16,-0.213052074438,1.16010746069,-0.00217019954868
5.28e-05,1.16,-0.809680983653,1.16008721014,-0.00217992877619
5.29e-05,1.16,-0.994831989358,1.1600674777,-0.002187658848
5.3e-05,1.16,-0.674435914356,1.16004826389,-0.00219344160468
5.31e-05,1.16,-0.0113262742743,1.16002956883,-0.00219732891857
5.32e-05,1.16,0.657530087507,1.1600113922,-0.00219937265206
5.33e-05,1.16,0.992271123644,1.15999373331,-0.00219962461694
5.34e-05,1.16,0.822825750317,1.15997659105,-0.00219813653513
5.35e-05,1.16,0.235308600342,1.15995996397,-0.00219496000051
5.36e-05,1.16,-0.471757691658,1.15994385024,-0.00219014644197
5.37e-05,1.16,-0.939131128056,1.15992824767,-0.00218374708772
5.38e-05,1.16,-0.929369264284,1.15991315374,-0.00217581293069
5.39e-05,1.16,-0.447448470096,1.1598985656,-0.00216639469525
5.4e-05,1.16,0.261784853167,1.15988448009,-0.00215554280498
5.41e-05,1.16,0.838019688484,1.15987089373,-0.00214330735167
5.42e-05,1.16,0.988528957133,1.15985780278,-0.00212973806551
5.43e-05,1.16,0.636867637022,1.15984520318,-0.00211488428637
5.44e-05,1.16,-0.0383104812026,1.15983309062,-0.00209879493623
5.45e-05,1.16,-0.694022154063,1.15982146053,-0.00208151849276
5.46e-05,1.16,-0.997188688028,1.15981030809,-0.00206310296404
5.47e-05,1.16,-0.793823844052,1.15979962825,-0.00204359586431
5.48e-05,1.16,-0.187239086346,1.15978941572,-0.00202304419083
5.49e-05,1.16,0.514447585595,1.159779665,-0.00200149440192
5.5e-05,1.16,0.954825328523,1.15977037041,-0.0019789923959
5.51e-05,1.16,0.910221578001,1.15976152603,-0.00195558349121
5.52e-05,1.16,0.403301395102,1.1597531258,-0.00193131240747
5.53e-05,1.16,-0.308456562372,1.15974516346,-0.00190622324764
5.54e-05,1.16,-0.863544587711,1.15973763258,-0.00188035948116
5.55e-05,1.16,-0.980038137929,1.15973052661,-0.00185376392802
5.56e-05,1.16,-0.598778548922,1.15972383883,-0.00182647874386
5.57e-05,1.16,0.0865902439523,1.15971756239,-0.00179854540604
5.58e-05,1.16,0.72797862547,1.15971169031,-0.0017700047006
5.59e-05,1.16,0.999641952894,1.1597062155,-0.00174089671017
5.6e-05,1.16,0.763615145787,1.15970113076,-0.00171126080277
5.61e-05,1.16,0.139774386413,1.1596964288,-0.0016811356215
5.62e-05,1.16,-0.55505061761,1.15969210222,-0.00165055907513
5.63e-05,1.16,-0.967985945549,1.15968814356,-0.00161956832951
5.64e-05,1.16,-0.889322599302,1.15968454528,-0.00158819979979
5.65e-05,1.16,-0.359014149419,1.15968129976,-0.00155648914352
5.66e-05,1.16,0.353618671067,1.15967839934,-0.00152447125451
5.67e-05,1.16,0.886665537166,1.15967583631,-0.00149218025746
5.68e-05,1.16,0.969421909735,1.1596736029,-0.00145964950337
5.69e-05,1.16,0.559862826844,1.15967169133,-0.0014269115657
5.7e-05,1.16,-0.134017998865,1.15967009378,-0.00139399823721
5.71e-05,1.16,-0.759838228998,1.1596688024,-0.00136094052759
5.72e-05,1.16,-0.999781415092,1.15966780934,-0.00132776866167
5.73e-05,1.16,-0.731995855491,1.15966710674,-0.00129451207837
5.74e-05,1.16,-0.0924743064384,1.15966668674,-0.00126119943032
5.75e-05,1.16,0.594009153525,1.15966654147,-0.00122785858401
5.76e-05,1.16,0.978831775374,1.15966666309,-0.00119451662067
5.77e-05,1.16,0.866565670491,1.15966704377,-0.00116119983765
5.78e-05,1.16,0.314223504633,1.15966767571,-0.00112793375048
5.79e-05,1.16,-0.39769414894,1.15966855112,-0.00109474309536
5.8e-05,1.16,-0.907647085012,1.15966966226,-0.00106165183227
5.81e-05,1.16,-0.956659585037,1.15967100143,-0.00102868314864
5.82e-05,1.16,-0.51983956712,1.15967256096,-0.0009958594634
5.83e-05,1.16,0.180978380412,1.15967433323,-0.000963202431632
5.84e-05,1.16,0.789888189545,1.1596763107,-0.000930732949637
5.85e-05,1.16,0.997656358453,1.15967848584,-0.000898471160455
5.86e-05,1.16,0.698765990176,1.15968085123,-0.000866436459829
5.87e-05,1.16,0.0450060300607,1.15968339949,-0.000834647502581
5.88e-05,1.16,-0.631611602675,1.1596861233,-0.000803122209385
5.89e-05,1.16,-0.987463103224,1.15968901544,-0.000771877773923
5.9e-05,1.16,-0.841824294476,1.15969206876,-0.000740930670409
5.91e-05,1.16,-0.268655773614,1.15969527616,-0.000710296661459
5.92e-05,1.16,0.44095448169,1.15969863067,-0.000679990806294
5.93e-05,1.16,0.926620597036,1.15970212538,-0.000650027469259
5.94e-05,1.16,0.941685971867,1.15970575347,-0.000620420328644
5.95e-05,1.16,0.478495309481,1.15970950822,-0.000591182385786
5.96e-05,1.16,-0.227712550637,1.15971338301,-0.000562325974451
5.97e-05,1.16,-0.818272040508,1.15971737129,-0.000533862770452
5.98e-05,1.16,-0.99324762911,1.15972146665,-0.000505803801525
5.99e-05,1.16,-0.663767785948,1.15972566274,-0.000478159457419
6e-05,1.16,0.00283333265114,1.15972995335,-0.000450939500198
6.01e-05,1.16,0.667997457239,1.15973433237,-0.00042415307474
6.02e-05,1.16,0.99389029162,1.15973879376,-0.000397808719415
6.03e-05,1.16,0.814987347162,1.15974333165,-0.000371914376941
6.04e-05,1.16,0.222148703978,1.15974794023,-0.000346477405378
6.05e-05,1.16,-0.48352289334,1.15975261382,-0.000321504589281
6.06e-05,1.16,-0.943609974656,1.15975734686,-0.000297002150969
6.07e-05,1.16,-0.924424465588,1.15976213391,-0.000272975761919
6.08e-05,1.16,-0.435705665958,1.15976696961,-0.000249430554258
6.09e-05,1.16,0.274319981485,1.15977184876,-0.000226371132351
6.1e-05,1.16,0.845013371676,1.15977676625,-0.000203801584464
6.11e-05,1.16,0.986499599509,1.1597817171,-0.000181725494501
6.12e-05,1.16,0.626907734101,1.15978669644,-0.000160145953796
6.13e-05,1.16,-0.0511169700376,1.15979169951,-0.000139065572949
6.14e-05,1.16,-0.703179493845,1.15979672171,-0.000118486493701
6.15e-05,1.16,-0.998065362948,1.1598017585,-9.84104008328e-05
6.16e-05,1.16,-0.785982274522,1.15980680551,-7.88385340812e-05
6.17e-05,1.16,-0.174653286941,1.15981185845,-5.97717000554e-05
6.18e-05,1.16,0.525394961931,1.15981691319,-4.12102841542e-05
6.19e-05,1.16,0.958563244195,1.15982196568,-2.31542624673e-05
6.2e-05,1.16,0.904812061907,1.159827012,-5.60321365549e-06
6.21e-05,1.16,0.391439832975,1.15983204837,1.1443669202e-05
6.22e-05,1.16,-0.320777056597,1.1598370711,2.79875667983e-05
6.23e-05,1.16,-0.870047408951,1.15984207664,4.40300218377e-05
6.24e-05,1.16,-0.977347411008,1.15984706153,5.95729273311e-05
6.25e-05,1.16,-0.588164488788,1.15985202245,7.4618514953e-05
6.26e-05,1.16,0.099804260401,1.15985695619,8.91693434707e-05
6.27e-05,1.16,0.737074939739,1.15986185964,0.00010322828725
6.28e-05,1.16,0.999911553147,1.15986672982,0.000116798524846
6.29e-05,1.16,0.754786957511,1.15987156386,0.000129883527685
6.3e-05,1.16,0.126221396258,1.159876359,0.000142487048841
6.31e-05,1.16,-0.566468650265,1.15988111259,0.000154613111923
6.32e-05,1.16,-0.971384136968,1.15988582209,0.00016626600006
6.33e-05,1.16,-0.882815490584,1.15989048506,0.000177450245012
6.34e-05,1.16,-0.345752557262,1.15989509918,0.00018817061639
6.35e-05,1.16,0.366965034815,1.15989966223,0.000198432111012
6.36e-05,1.16,0.893253990069,1.1599041721,0.000208239942381
6.37e-05,1.16,0.965737363683,1.15990862678,0.000217599530298
6.38e-05,1.16,0.547585800604,1.15991302435,0.000226516490616
6.39e-05,1.16,-0.148765654562,1.159917363,0.000234996625132
6.4e-05,1.16,-0.769538932951,1.15992164103,0.000243045911634
6.41e-05,1.16,-0.999347595554,1.15992585682,0.00025067049409
6.42e-05,1.16,-0.721431996252,1.15993000885,0.000257876672988
6.43e-05,1.16,-0.0769849522084,1.15993409571,0.000264670895846
6.44e-05,1.16,0.606577156827,1.15993811606,0.000271059747864
6.45e-05,1.16,0.981959577443,1.15994206865,0.000277049942753
6.46e-05,1.16,0.858438912915,1.15994595235,0.00028264831372
6.47e-05,1.16,0.298768147828,1.15994976609,0.000287861804622
6.48e-05,1.16,-0.412701130428,1.15995350888,0.00029269746129
6.49e-05,1.16,-0.914487300408,1.15995717984,0.000297162423026
6.5e-05,1.16,-0.951639749442,1.15996077816,0.000301263914266
6.51e-05,1.16,-0.505277924162,1.15996430311,0.000305009236427
6.52e-05,1.16,0.197810872499,1.15996775403,0.000308405759921
6.53e-05,1.16,0.800395370616,1.15997113036,0.00031146091635
6.54e-05,1.16,0.996305092064,1.15997443159,0.000314182190883
6.55e-05,1.16,0.685995751481,1.15997765731,0.0003165771148
6.56e-05,1.16,0.0271315689048,1.15998080715,0.000318653258231
6.57e-05,1.16,-0.645519666143,1.15998388084,0.00032041822306
6.58e-05,1.16,-0.99018072915,1.15998687816,0.000321879636022
6.59e-05,1.16,-0.831724507105,1.15998979896,0.000323045141969
6.6e-05,1.16,-0.250660693602,1.15999264316,0.000323922397331
6.61e-05,1.16,0.457767984376,1.15999541074,0.000324519063741
6.62e-05,1.16,0.933599543233,1.15999810174,0.000324842801853
6.63e-05,1.16,0.935054579607,1.16000071626,0.000324901265336
6.64e-05,1.16,0.461390846424,1.16000325445,0.000324702095046
6.65e-05,1.16,-0.246716038081,1.16000571652,0.000324252913378
6.66e-05,1.16,-0.829462057773,1.16000810275,0.000323561318796
6.67e-05,1.16,-0.990738715383,1.16001041345,0.000322634880545
6.68e-05,1.16,-0.648594717593,1.16001264899,0.000321481133529
6.69e-05,1.16,0.0231193859562,1.16001480979,0.000320107573374
6.7e-05,1.16,0.683086828794,1.16001689631,0.000318521651661
6.71e-05,1.16,0.995956805965,1.16001890905,0.000316730771331
6.72e-05,1.16,0.802747824079,1.16002084858,0.000314742282267
6.73e-05,1.16,0.201633925849,1.16002271548,0.000312563477036
6.74e-05,1.16,-0.50193841268,1.16002451038,0.000310201586808
6.75e-05,1.16,-0.950457376276,1.16002623397,0.000307663777439
6.76e-05,1.16,-0.91601150195,1.16002788695,0.000304957145719
6.77e-05,1.16,-0.416102286897,1.16002947007,0.000302088715781
6.78e-05,1.16,0.295246787953,1.16003098409,0.000299065435676
6.79e-05,1.16,0.856568750401,1.16003242983,0.0002958941741
6.8e-05,1.16,0.982630062239,1.16003380814,0.000292581717288
6.81e-05,1.16,0.609371725994,1.16003511987,0.000289134766054
6.82e-05,1.16,-0.0735375568397,1.16003636592,0.000285559932989
6.83e-05,1.16,-0.719079434457,1.16003754723,0.000281863739807
6.84e-05,1.16,-0.999222100793,1.16003866472,0.000278052614843
6.85e-05,1.16,-0.771610016039,1.16003971937,0.000274132890695
6.86e-05,1.16,-0.151903268425,1.16004071218,0.000270110802008
6.87e-05,1.16,0.544993840382,1.16004164414,0.0002659924834
6.88e-05,1.16,0.964951291305,1.16004251629,0.000261783967534
6.89e-05,1.16,0.894565677457,1.16004332968,0.000257491183311
6.9e-05,1.16,0.36960280263,1.16004408537,0.000253119954215
6.91e-05,1.16,-0.343175752669,1.16004478443,0.000248675996775
6.92e-05,1.16,-0.881568065814,1.16004542796,0.000244164919163
6.93e-05,1.16,-0.971986657945,1.16004601705,0.000239592219915
6.94e-05,1.16,-0.568484126391,1.16004655282,0.000234963286777
6.95e-05,1.16,0.123897598964,1.1600470364,0.000230283395673
6.96e-05,1.16,0.753320096537,1.16004746891,0.000225557709787
6.97e-05,1.16,0.999937514534,1.16004785149,0.000220791278761
6.98e-05,1.16,0.738428931511,1.16004818529,0.000215989038011
6.99e-05,1.16,0.101681658564,1.16004847146,0.00021115580815
7e-05,1.16,-0.586736112723,1.16004871116,0.00020629629451
7.01e-05,1.16,-0.976999040062,1.16004890554,0.000201415086783
7.02e-05,1.16,-0.870791486542,1.16004905576,0.000196516658756
7.03e-05,1.16,-0.322083581056,1.16004916298,0.000191605368141
7.04e-05,1.16,0.390293984919,1.16004922837,0.000186685456508
7.05e-05,1.16,0.904340206229,1.16004925309,0.000181761049312
7.06e-05,1.16,0.958837880579,1.16004923829,0.000176836156002
7.07e-05,1.16,0.526093543585,1.16004918513,0.00017191467023
7.08e-05,1.16,-0.173989865096,1.16004909477,0.000167000370136
7.09e-05,1.16,-0.785658743698,1.16004896835,0.000162096918719
7.1e-05,1.16,-0.998088263889,1.16004880702,0.00015720786429
7.11e-05,1.16,-0.703330700849,1.16004861191,0.000152336640997
7.12e-05,1.16,-0.051169811476,1.16004838417,0.00014748656943
7.13e-05,1.16,0.626993323167,1.16004812491,0.000142660857298
7.14e-05,1.16,0.986544695098,1.16004783526,0.000137862600167
7.15e-05,1.16,0.844775720295,1.16004751631,0.000133094782277
7.16e-05,1.16,0.273727732954,1.16004716918,0.000128360277415
7.17e-05,1.16,-0.436416805602,1.16004679495,0.000123661849848
7.18e-05,1.16,-0.924792982655,1.1600463947,0.000119002155328
7.19e-05,1.16,-0.943229487827,1.1600459695,0.000114383742135
7.2e-05,1.16,-0.482358167729,1.16004552041,0.000109809052189
7.21e-05,1.16,0.223626065908,1.16004504847,0.000105280422208
7.22e-05,1.16,0.815973283876,1.16004455472,0.000100800084913
7.23e-05,1.16,0.993679464219,1.16004404019,9.63701702873e-05
7.24e-05,1.16,0.666442915526,1.16004350587,9.19927068711e-05
7.25e-05,1.16,0.000550844459807,1.16004295276,8.76696231057e-05
7.26e-05,1.16,-0.665620876792,1.16004238184,8.34027487142e-05
7.27e-05,1.16,-0.993555031372,1.16004179408,7.91938161206e-05
7.28e-05,1.16,-0.816611496035,1.16004119043,7.50444619049e-05
7.29e-05,1.16,-0.224705213064,1.16004057183,7.0956228291e-05
7.3e-05,1.16,0.481385112008,1.16003993918,6.69305646659e-05
7.31e-05,1.16,0.942858783761,1.16003929341,6.29688291284e-05
7.32e-05,1.16,0.925218102735,1.1600386354,5.9072290064e-05
7.33e-05,1.16,0.437427920751,1.16003796602,5.5242127746e-05
7.34e-05,1.16,-0.272640748742,1.16003728613,5.14794359586e-05
7.35e-05,1.16,-0.844167008981,1.16003659657,4.77852236415e-05
7.36e-05,1.16,-0.986731032848,1.16003589816,4.41604165539e-05
7.37e-05,1.16,-0.627889953166,1.16003519171,4.06058589553e-05
7.38e-05,1.16,0.0500113650294,1.16003447801,3.71223153023e-05
7.39e-05,1.16,0.702499244277,1.16003375784,3.37104719585e-05
7.4e-05,1.16,0.998014728178,1.16003303193,3.03709389174e-05
7.41e-05,1.16,0.786393642866,1.16003230104,2.71042515341e-05
7.42e-05,1.16,0.175170974441,1.16003156589,2.39108722669e-05
7.43e-05,1.16,-0.525063455889,1.16003082717,2.07911924252e-05
7.44e-05,1.16,-0.958490003845,1.16003008558,1.77455339229e-05
7.45e-05,1.16,-0.904866573118,1.16002934177,1.47741510357e-05
7.46e-05,1.16,-0.391442339752,1.1600285964,1.18772321609e-05
7.47e-05,1.16,0.320889725432,1.16002785011,9.05490157762e-06
7.48e-05,1.16,0.870164227478,1.1600271035,6.30722120737e-06
7.49e-05,1.16,0.977272964348,1.16002635717,3.6341923718e-06
7.5e-05,1.16,0.587790517247,1.16002561171,1.03575754783e-06
7.51e-05,1.16,-0.100371018259,1.16002486768,-1.48819788189e-06
7.52e-05,1.16,-0.737529826354,1.16002412561,-3.93784388426e-06
7.53e-05,1.16,-0.99992154189,1.16002338605,-6.31340403797e-06
7.54e-05,1.16,-0.754215838245,1.16002264949,-8.61515380388e-06
7.55e-05,1.16,-0.125265639299,1.16002191643,-1.08434188046e-05
7.56e-05,1.16,0.567336207154,1.16002118735,-1.29985731144e-05
7.57e-05,1.16,0.971654138477,1.16002046271,-1.50810375607e-05
7.58e-05,1.16,0.882240673551,1.16001974295,-1.70912780375e-05
7.59e-05,1.16,0.344530678384,1.16001902849,-1.90298038329e-05
7.6e-05,1.16,-0.368246629876,1.16001831974,-2.08971659699e-05
7.61e-05,1.16,-0.893905350174,1.1600176171,-2.26939555635e-05
7.62e-05,1.16,-0.965341603837,1.16001692094,-2.44208021932e-05
7.63e-05,1.16,-0.546257106037,1.16001623163,-2.60783722921e-05
7.64e-05,1.16,0.150397453276,1.1600155495,-2.76673675544e-05
7.65e-05,1.16,0.770630131402,1.16001487489,-2.91885233606e-05
7.66e-05,1.16,0.999282197509,1.16001420811,-3.06426072225e-05
7.67e-05,1.16,0.72016941046,1.16001354946,-3.20304172469e-05
7.68e-05,1.16,0.0751178375601,1.16001289923,-3.33527806208e-05
7.69e-05,1.16,-0.608102948054,1.16001225767,-3.46105521171e-05
7.7e-05,1.16,-0.982329380487,1.16001162505,-3.58046126216e-05
7.71e-05,1.16,-0.857407244598,1.1600110016,-3.69358676827e-05
7.72e-05,1.16,-0.296813557182,1.16001038755,-3.80052460832e-05
7.73e-05,1.16,0.414598663088,1.16000978311,-3.90136984357e-05
7.74e-05,1.16,0.915342309498,1.16000918848,-3.99621958008e-05
7.75e-05,1.16,0.9509771668,1.16000860385,-4.08517283298e-05
7.76e-05,1.16,0.503396919434,1.16000802937,-4.16833039316e-05
7.77e-05,1.16,-0.199971370463,1.16000746522,-4.24579469641e-05
7.78e-05,1.16,-0.801729159334,1.16000691154,-4.31766969504e-05
7.79e-05,1.16,-0.996109371979,1.16000636845,-4.3840607321e-05
7.8e-05,1.16,-0.684343483935,1.16000583608,-4.44507441803e-05
7.81e-05,1.16,-0.0248473889846,1.16000531455,-4.50081851002e-05
7.82e-05,1.16,0.647273973087,1.16000480394,-4.55140179384e-05
7.83e-05,1.16,0.990501182886,1.16000430434,-4.59693396836e-05
7.84e-05,1.16,0.830433599113,1.16000381583,-4.6375255327e-05
7.85e-05,1.16,0.248405470092,1.16000333846,-4.67328767595e-05
7.86e-05,1.16,-0.459842357607,1.16000287231,-4.70433216961e-05
7.87e-05,1.16,-0.93443484216,1.16000241739,-4.7307712627e-05
7.88e-05,1.16,-0.934222468352,1.16000197375,-4.75271757942e-05
7.89e-05,1.16,-0.459313642588,1.16000154142,-4.77028401964e-05
7.9e-05,1.16,0.248980994663,1.1600011204,-4.78358366192e-05
7.91e-05,1.16,0.830763556877,1.16000071069,-4.79272966928e-05
7.92e-05,1.16,0.990419842862,1.1600003123,-4.79783519763e-05
7.93e-05,1.16,0.646826032182,1.1599999252,-4.79901330676e-05
7.94e-05,1.16,-0.0254313643701,1.15999954939,-4.79637687416e-05
7.95e-05,1.16,-0.68476647042,1.15999918481,-4.79003851132e-05
7.96e-05,1.16,-0.996159949724,1.15999883145,-4.78011048276e-05
7.97e-05,1.16,-0.801387875852,1.15999848924,-4.76670462761e-05
7.98e-05,1.16,-0.199417536777,1.15999815814,-4.74993228389e-05
7.99e-05,1.16,0.503879927623,1.15999783808,-4.72990421529e-05
8e-05,1.16,0.951147861105,1.15999752901,-4.70673054054e-05
8.01e-05,1.16,0.915122643989,1.15999723083,-4.68052066541e-05
8.02e-05,1.16,0.414109580256,1.15999694348,-4.65138321715e-05
8.03e-05,1.16,-0.297318715721,1.15999666686,-4.61942598146e-05
8.04e-05,1.16,-0.857674814542,1.15999640088,-4.58475584202e-05
8.05e-05,1.16,-0.982233670823,1.15999614544,-4.54747872237e-05
8.06e-05,1.16,-0.607705393705,1.15999590045,-4.50769953036e-05
8.07e-05,1.16,0.0756065824406,1.15999566578,-4.46552210487e-05
8.08e-05,1.16,0.720501681991,1.15999544133,-4.42104916504e-05
8.09e-05,1.16,0.999299794063,1.15999522697,-4.37438226178e-05
8.1e-05,1.16,0.770339970875,1.15999502258,-4.32562173163e-05
8.11e-05,1.16,0.149960034028,1.15999482804,-4.27486665288e-05
8.12e-05,1.16,-0.546616514967,1.1599946432,-4.22221480405e-05
8.13e-05,1.16,-0.96544991184,1.15999446795,-4.16776262446e-05
8.14e-05,1.16,-0.893725559107,1.15999430213,-4.11160517709e-05
8.15e-05,1.16,-0.367887717344,1.1599941456,-4.05383611361e-05
8.16e-05,1.16,0.344878520275,1.15999399822,-3.99454764144e-05
8.17e-05,1.16,0.882407543308,1.15999385984,-3.93383049301e-05
8.18e-05,1.16,0.971574170881,1.1599937303,-3.87177389703e-05
8.19e-05,1.16,0.567071867344,1.15999360946,-3.80846555174e-05
8.2e-05,1.16,-0.125566617071,1.15999349716,-3.74399160018e-05
8.21e-05,1.16,-0.754403112652,1.15999339323,-3.67843660745e-05
8.22e-05,1.16,-0.999918166701,1.15999329751,-3.61188353974e-05
8.23e-05,1.16,-0.737362701047,1.15999320986,-3.54441374537e-05
8.24e-05,1.16,-0.100144404969,1.15999313008,-3.47610693753e-05
8.25e-05,1.16,0.587958425666,1.15999305804,-3.40704117894e-05
8.26e-05,1.16,0.977312557492,1.15999299355,-3.33729286813e-05
8.27e-05,1.16,0.870082595335,1.15999293644,-3.26693672746e-05
8.28e-05,1.16,0.320753413231,1.15999288656,-3.19604579292e-05
8.29e-05,1.16,-0.391554328551,1.15999284372,-3.12469140537e-05
8.3e-05,1.16,-0.904908709687,1.15999280777,-3.05294320349e-05
8.31e-05,1.16,-0.958468389942,1.15999277852,-2.98086911828e-05
8.32e-05,1.16,-0.525019103085,1.15999275581,-2.90853536898e-05
8.33e-05,1.16,0.175198497232,1.15999273946,-2.83600646055e-05
8.34e-05,1.16,0.786395696838,1.1599927293,-2.7633451825e-05
8.35e-05,1.16,0.998016099041,1.15999272517,-2.69061260916e-05
8.36e-05,1.16,0.70253292299,1.15999272689,-2.61786810127e-05
8.37e-05,1.16,0.0500846018169,1.15999273429,-2.54516930884e-05
8.38e-05,1.16,-0.627812292732,1.15999274719,-2.47257217535e-05
8.39e-05,1.16,-0.986710459433,1.15999276544,-2.40013094311e-05
8.4e-05,1.16,-0.844249543145,1.15999278885,-2.32789815983e-05
8.41e-05,1.16,-0.272815571194,1.15999281727,-2.25592468634e-05
8.42e-05,1.16,0.437239197886,1.15999285052,-2.18425970539e-05
8.43e-05,1.16,0.925127618386,1.15999288845,-2.11295073153e-05
8.44e-05,1.16,0.942947825591,1.15999293087,-2.04204362203e-05
8.45e-05,1.16,0.481645115122,1.15999297763,-1.9715825888e-05
8.46e-05,1.16,-0.224387197469,1.15999302857,-1.9016102112e-05
8.47e-05,1.16,-0.816405734597,1.15999308353,-1.83216744983e-05
8.48e-05,1.16,-0.993598800949,1.15999314234,-1.76329366116e-05
8.49e-05,1.16,-0.665932419685,1.15999320485,-1.69502661301e-05
8.5e-05,1.16,0.000102252714716,1.1599932709,-1.62740250086e-05
8.51e-05,1.16,0.666085001032,1.15999334034,-1.56045596485e-05
8.52e-05,1.16,0.99362190162,1.15999341301,-1.49422010761e-05
8.53e-05,1.16,0.816287398995,1.15999348877,-1.42872651269e-05
8.54e-05,1.16,0.22418724027,1.15999356746,-1.36400526376e-05
8.55e-05,1.16,-0.481825255137,1.15999364893,-1.3000849643e-05
8.56e-05,1.16,-0.943016400627,1.15999373305,-1.23699275802e-05
8.57e-05,1.16,-0.925049172063,1.15999381967,-1.17475434974e-05
8.58e-05,1.16,-0.437052846239,1.15999390865,-1.11339402688e-05
8.59e-05,1.16,0.27301558059,1.15999399984,-1.05293468133e-05
8.6e-05,1.16,0.844361368573,1.15999409312,-9.93397831931e-06
8.61e-05,1.16,0.98667638994,1.15999418835,-9.34803647253e-06
8.62e-05,1.16,0.62764845595,1.1599942854,-8.77170968869e-06
8.63e-05,1.16,-0.0502958076218,1.15999438414,-8.20517334951e-06
8.64e-05,1.16,-0.702684163619,1.15999448444,-7.64859004226e-06
8.65e-05,1.16,-0.998029529391,1.15999458618,-7.10210980243e-06
8.66e-05,1.16,-0.786262941929,1.15999468924,-6.56587035925e-06
8.67e-05,1.16,-0.174985694217,1.15999479349,-6.0399973838e-06
8.68e-05,1.16,0.525204169463,1.15999489883,-5.52460473943e-06
8.69e-05,1.16,0.958530778134,1.15999500513,-5.0197947342e-06
8.7e-05,1.16,0.904814944832,1.15999511228,-4.52565837515e-06
8.71e-05,1.16,0.391350294325,1.15999522018,-4.04227562406e-06
8.72e-05,1.16,-0.320964852369,1.15999532872,-3.56971565455e-06
8.73e-05,1.16,-0.870193376667,1.15999543779,-3.10803711017e-06
8.74e-05,1.16,-0.977264583711,1.1599955473,-2.65728836335e-06
8.75e-05,1.16,-0.587773980192,1.15999565714,-2.21750777491e-06
8.76e-05,1.16,0.100372896984,1.15999576722,-1.78872395396e-06
8.77e-05,1.16,0.737518934628,1.15999587744,-1.37095601796e-06
8.78e-05,1.16,0.999921120315,1.15999598772,-9.64213852651e-07
8.79e-05,1.16,0.75424903542,1.15999609796,-5.6849837183e-07
8.8e-05,1.16,0.12533208781,1.15999620808,-1.83801776578e-07
8.81e-05,1.16,-0.567267966547,1.159996318,1.89892186115e-07
8.82e-05,1.16,-0.971630911752,1.15999642763,5.52607965572e-07
8.83e-05,1.16,-0.882293901137,1.1599965369,9.04377950664e-07
8.84e-05,1.16,-0.3446502679,1.15999664573,1.24524221423e-06
8.85e-05,1.16,0.368115350132,1.15999675405,1.57524825884e-06
8.86e-05,1.16,0.893836086899,1.15999686179,1.89445076411e-06
8.87e-05,1.16,0.965385249126,1.15999696888,2.20291133563e-06
8.88e-05,1.16,0.546407506201,1.15999707526,2.50069825574e-06
8.89e-05,1.16,-0.150208271077,1.15999718085,2.78788623629e-06
8.9e-05,1.16,-0.770500968923,1.15999728561,3.06455617346e-06
8.91e-05,1.16,-0.999290261202,1.15999738946,3.33079490483e-06
8.92e-05,1.16,-0.720324656785,1.15999749237,3.58669496882e-06
8.93e-05,1.16,-0.0753508164869,1.15999759427,3.83235436659e-06
8.94e-05,1.16,0.60791000372,1.15999769511,4.06787632653e-06
8.95e-05,1.16,0.982282195567,1.15999779485,4.2933690715e-06
8.96e-05,1.16,0.8575412302,1.15999789343,4.50894558886e-06
8.97e-05,1.16,0.297069867858,1.15999799081,4.71472340335e-06
8.98e-05,1.16,-0.414347498913,1.15999808696,4.91082435308e-06
8.99e-05,1.16,-0.915228267966,1.15999818182,5.09737436856e-06
9e-05,1.16,-0.951066756807,1.15999827537,5.27450325487e-06
9.01e-05,1.16,-0.503652743426,1.15999836757,5.44234447718e-06
9.02e-05,1.16,0.199675496998,1.15999845838,5.60103494954e-06
9.03e-05,1.16,0.801545380362,1.15999854778,5.75071482708e-06
9.04e-05,1.16,0.996136860497,1.15999863573,5.89152730167e-06
9.05e-05,1.16,0.684574695086,1.1599987222,6.02361840118e-06
9.06e-05,1.16,0.0251687068265,1.15999880718,6.1471367922e-06
9.07e-05,1.16,-0.647025961415,1.15999889063,6.26223358651e-06
9.08e-05,1.16,-0.990455910812,1.15999897254,6.3690621512e-06
9.09e-05,1.16,-0.830618528959,1.15999905288,6.46777792243e-06
9.1e-05,1.16,-0.248729800824,1.15999913165,6.55853822313e-06
9.11e-05,1.16,0.459542798475,1.15999920881,6.64150208431e-06
9.12e-05,1.16,0.934313899943,1.15999928436,6.71683007034e-06
9.13e-05,1.16,0.934344135242,1.15999935829,6.78468410802e-06
9.14e-05,1.16,0.459618058796,1.15999943058,6.84522731952e-06
9.15e-05,1.16,-0.248647903372,1.15999950122,6.89862385929e-06
9.16e-05,1.16,-0.830571598043,1.15999957021,6.9450387548e-06
9.17e-05,1.16,-0.990467471776,1.15999963754,6.98463775125e-06
9.18e-05,1.16,-0.647089579166,1.1599997032,7.0175871602e-06
9.19e-05,1.16,0.0250858503014,1.15999976719,7.04405371217e-06
9.2e-05,1.16,0.684514749468,1.15999982952,7.06420441314e-06
9.21e-05,1.16,0.996129701092,1.15999989017,7.07820640501e-06
9.22e-05,1.16,0.801593605243,1.15999994915,7.08622683002e-06
9.23e-05,1.16,0.199753621038,1.16000000646,7.08843269902e-06
9.24e-05,1.16,-0.503584742454,1.1600000621,7.08499076378e-06
9.25e-05,1.16,-0.951042776385,1.16000011609,7.0760673931e-06
9.26e-05,1.16,-0.915259048992,1.16000016842,7.06182845285e-06
9.27e-05,1.16,-0.414415851822,1.1600002191,7.04243918991e-06
9.28e-05,1.16,0.296999475775,1.16000026813,7.01806411991e-06
9.29e-05,1.16,0.85750406512,1.16000031554,6.98886691884e-06
9.3e-05,1.16,0.982295438283,1.16000036132,6.95501031841e-06
9.31e-05,1.16,0.607964802857,1.1600004055,6.91665600527e-06
9.32e-05,1.16,-0.075283737773,1.16000044807,6.87396452391e-06
9.33e-05,1.16,-0.720279269339,1.16000048905,6.82709518325e-06
9.34e-05,1.16,-0.999287867032,1.16000052847,6.77620596701e-06
9.35e-05,1.16,-0.770540161866,1.16000056632,6.72145344761e-06
9.36e-05,1.16,-0.150266978714,1.16000060264,6.66299270375e-06
9.37e-05,1.16,0.546359609652,1.16000063742,6.60097724153e-06
9.38e-05,1.16,0.96537092679,1.1600006707,6.53555891909e-06
9.39e-05,1.16,0.893859642414,1.16000070248,6.46688787472e-06
9.4e-05,1.16,0.368161912366,1.16000073279,6.39511245848e-06
9.41e-05,1.16,-0.344605643797,1.16000076164,6.32037916709e-06
9.42e-05,1.16,-0.882272762454,1.16000078906,6.24283258228e-06
9.43e-05,1.16,-0.971640889629,1.16000081506,6.16261531236e-06
9.44e-05,1.16,-0.56730040843,1.16000083966,6.07986793709e-06
9.45e-05,1.16,0.12529586449,1.16000086289,5.99472895569e-06
9.46e-05,1.16,0.754227009803,1.16000088477,5.90733473804e-06
9.47e-05,1.16,0.99992150288,1.16000090532,5.81781947897e-06
9.48e-05,1.16,0.737537415017,1.16000092455,5.72631515556e-06
9.49e-05,1.16,0.100396928968,1.16000094251,5.63295148745e-06
9.5e-05,1.16,-0.587757101887,1.1600009592,5.53785590004e-06
9.51e-05,1.16,-0.977260874946,1.16000097465,5.44115349066e-06
9.52e-05,1.16,-0.870200295456,1.16000098888,5.34296699738e-06
9.53e-05,1.16,-0.320974812127,1.16000100193,5.2434167708e-06
9.54e-05,1.16,0.391343932065,1.1600010138,5.14262074834e-06
9.55e-05,1.16,0.904813566893,1.16000102454,5.04069443132e-06
9.56e-05,1.16,0.958530631223,1.16000103415,4.93775086453e-06
9.57e-05,1.16,0.525200476373,1.16000104267,4.83390061837e-06
9.58e-05,1.16,-0.1749938028,1.16000105013,4.72925177348e-06
9.59e-05,1.16,-0.786270481202,1.16000105654,4.6239099077e-06
9.6e-05,1.16,-0.998028510479,1.16000106193,4.51797808544e-06
9.61e-05,1.16,-0.702669692322,1.16000106633,4.41155684935e-06
9.62e-05,1.16,-0.0502713315047,1.16000106976,4.30474421416e-06
9.63e-05,1.16,0.627670829501,1.16000107225,4.19763566274e-06
9.64e-05,1.16,0.986681764064,1.16000107383,4.09032414424e-06
9.65e-05,1.16,0.844341334464,1.16000107451,3.98290007428e-06
9.66e-05,1.16,0.272975360982,1.16000107432,3.87545133717e-06
9.67e-05,1.16,-0.437094472713,1.1600010733,3.76806329001e-06
9.68e-05,1.16,-0.925068471062,1.16000107146,3.66081876867e-06
9.69e-05,1.16,-0.942997967243,1.16000106883,3.55379809563e-06
9.7e-05,1.16,-0.481772653597,1.16000106543,3.44707908949e-06
9.71e-05,1.16,0.224250305123,1.16000106129,3.34073707626e-06
9.72e-05,1.16,0.816327511308,1.16000105644,3.23484490226e-06
9.73e-05,1.16,0.99361352943,1.16000105089,3.12947294855e-06
9.74e-05,1.16,0.666026043689,1.16000104468,3.02468914694e-06
9.75e-05,1.16,1.83504134564e-05,1.16000103782,2.92055899746e-06
9.76e-05,1.16,-0.665998663688,1.16000103035,2.81714558722e-06
9.77e-05,1.16,-0.993609385523,1.16000102228,2.71450961065e-06
9.78e-05,1.16,-0.81634873212,1.16000101363,2.61270939099e-06
9.79e-05,1.16,-0.224286141012,1.16000100445,2.51180090307e-06
9.8e-05,1.16,0.481740394474,1.16000099473,2.41183779729e-06
9.81e-05,1.16,0.942985699193,1.16000098451,2.31287142467e-06
9.82e-05,1.16,0.92508249211,1.16000097382,2.21495086306e-06
9.83e-05,1.16,0.4371277364,1.16000096267,2.11812294433e-06
9.84e-05,1.16,-0.272939710705,1.16000095108,2.02243228259e-06
9.85e-05,1.16,-0.844321434709,1.16000093908,1.92792130327e-06
9.86e-05,1.16,-0.986687818913,1.16000092668,1.83463027314e-06
9.87e-05,1.16,-0.627699884685,1.16000091392,1.74259733117e-06
9.88e-05,1.16,0.0502339523528,1.1600009008,1.65185852007e-06
9.89e-05,1.16,0.702642984513,1.16000088736,1.56244781873e-06
9.9e-05,1.16,0.9980261467,1.1600008736,1.4743971752e-06
9.91e-05,1.16,0.786293819476,1.16000085956,1.38773654037e-06
9.92e-05,1.16,0.175031116457,1.16000084525,1.30249390229e-06
9.93e-05,1.16,-0.525168113636,1.16000083068,1.21869532096e-06
9.94e-05,1.16,-0.958519753958,1.16000081589,1.13636496368e-06
9.95e-05,1.16,-0.90482987624,1.16000080088,1.05552514087e-06
9.96e-05,1.16,-0.391379311185,1.16000078567,9.761963423e-07
9.97e-05,1.16,0.320938263625,1.16000077028,8.98397273689e-07
9.98e-05,1.16,0.870181209382,1.16000075474,8.22144893684e-07
9.99e-05,1.16,0.977269119227,1.16000073905,7.4745445112e-07
0.0001,1.16,0.587788680092,1.16000072323,6.74339522555e-07
0.0001001,1.16,-0.100357946394,1.1600007073,6.02812050031e-07
0.0001002,1.16,-0.737510856206,1.16000069128,5.32882379031e-07
0.0001003,1.16,-0.99992100752,1.16000067517,4.64559296593e-07
0.0001004,1.16,-0.754253022044,1.160000659,3.97850069548e-07
0.0001005,1.16,-0.125335307873,1.16000064278,3.32760482847e-07
0.0001006,1.16,0.567267555684,1.16000062653,2.69294877944e-07
0.0001007,1.16,0.971631424641,1.16000061025,2.07456191206e-07
0.0001008,1.16,0.882291661918,1.16000059396,1.47245992311e-07
0.0001009,1.16,0.344643446139,1.16000057767,8.86645226216e-08
0.000101,1.16,-0.368124367432,1.16000056141,3.17107334779e-08
0.0001011,1.16,-0.893841490689,1.16000054517,-2.36176755898e-08
0.0001012,1.16,-0.965381512105,1.16000052897,-7.73242187772e-08
0.0001013,1.16,-0.546393665715,1.16000051283,-1.29413586067e-07
0.0001014,1.16,0.150226706586,1.16000049675,-1.79891605462e-07
0.0001015,1.16,0.770514158992,1.16000048074,-2.28765205421e-07
0.0001016,1.16,0.999289407268,1.16000046482,-2.76042377508e-07
0.0001017,1.16,0.720307622664,1.16000044899,-3.21732139297e-07
0.0001018,1.16,0.0753245133898,1.16000043327,-3.6584449753e-07
0.0001019,1.16,-0.607932335066,1.16000041767,-4.08390411579e-07
0.000102,1.16,-0.982287779805,1.16000040218,-4.49381757203e-07
0.0001021,1.16,-0.857525076131,1.16000038683,-4.88831290639e-07
0.0001022,1.16,-0.297038421275,1.16000037162,-5.26752613041e-07
0.0001023,1.16,0.414378801346,1.16000035656,-5.63160135285e-07
0.0001024,1.16,0.915242686648,1.16000034165,-5.98069043145e-07
0.0001025,1.16,0.951055290169,1.1600003269,-6.31495262887e-07
0.0001026,1.16,0.503619600269,1.16000031233,-6.63455427257e-07
0.0001027,1.16,-0.199714252996,1.16000029793,-6.93966841911e-07
0.0001028,1.16,-0.80156970117,1.16000028371,-7.23047452284e-07
0.0001029,1.16,-0.996133194748,1.16000026969,-7.50715810911e-07
0.000103,1.16,-0.684543547111,1.16000025585,-7.76991045224e-07
0.0001031,1.16,-0.0251250585931,1.16000024222,-8.01892825824e-07
0.0001032,1.16,0.647059915893,1.16000022879,-8.25441335245e-07
0.0001033,1.16,0.990462159552,1.16000021557,-8.47657237225e-07
0.0001034,1.16,0.830592860127,1.16000020256,-8.68561646477e-07
0.0001035,1.16,0.24868448191,1.16000018977,-8.88176098996e-07
0.0001036,1.16,-0.459584919305,1.1600001772,-9.06522522882e-07
0.0001037,1.16,-0.934331010804,1.16000016485,-9.23623209703e-07
0.0001038,1.16,-0.934326838521,1.16000015274,-9.39500786408e-07
0.0001039,1.16,-0.459574535988,1.16000014085,-9.54178187777e-07
0.000104,1.16,0.248695776247,1.1600001292,-9.67678629442e-07
0.0001041,1.16,0.830599328243,1.16000011778,-9.80025581454e-07
0.0001042,1.16,0.990460567497,1.1600001066,-9.91242742426e-07
0.0001043,1.16,0.647051164503,1.16000009566,-1.00135401424e-06
0.0001044,1.16,-0.0251364418644,1.16000008497,-1.01038347733e-06
0.0001045,1.16,-0.684551770232,1.16000007451,-1.01835536654e-06
0.0001046,1.16,-0.99613417507,1.1600000643,-1.02529404755e-06
0.0001047,1.16,-0.801563110806,1.16000005434,-1.03122399389e-06
0.0001048,1.16,-0.199703601216,1.16000004462,-1.03616976457e-06
0.0001049,1.16,0.50362884779,1.16000003515,-1.0401559822e-06
0.000105,1.16,0.951058541777,1.16000002592,-1.0432073118e-06
0.0001051,1.16,0.915238526264,1.16000001694,-1.0453484401e-06
0.0001052,1.16,0.414369596121,1.16000000821,-1.04660405552e-06
0.0001053,1.16,-0.297047863135,1.15999999973,-1.0469988286e-06
0.0001054,1.16,-0.857530038982,1.15999999149,-1.04655739316e-06
0.0001055,1.16,-0.982286020017,1.15999998349,-1.04530432788e-06
0.0001056,1.16,-0.607925093057,1.15999997574,-1.04326413862e-06
0.0001057,1.16,0.0753333243636,1.15999996824,-1.04046124115e-06
0.0001058,1.16,0.720313544135,1.15999996098,-1.03691994457e-06
0.0001059,1.16,0.999289717169,1.15999995395,-1.03266443525e-06
0.000106,1.16,0.770509126692,1.15999994717,-1.02771876133e-06
0.0001061,1.16,0.150219239911,1.15999994063,-1.02210681775e-06
0.0001062,1.16,-0.546399692487,1.15999993432,-1.01585233191e-06
0.0001063,1.16,-0.965383292445,1.15999992825,-1.00897884984e-06
0.0001064,1.16,-0.893838602605,1.15999992241,-1.00150972284e-06
0.0001065,1.16,-0.368118748879,1.1599999168,-9.93468094797e-07
0.0001066,1.16,0.344648732207,1.15999991142,-9.84876889943e-07
0.0001067,1.16,0.882294112245,1.15999990626,-9.75758801146e-07
0.0001068,1.16,0.97163029725,1.15999990133,-9.66136278754e-07
0.0001069,1.16,0.56726400222,1.15999989661,-9.56031519933e-07
0.000107,1.16,-0.12533912726,1.15999989212,-9.45466458517e-07
0.0001071,1.16,-0.754255235802,1.15999988784,-9.34462755359e-07
0.0001072,1.16,-0.999920971308,1.15999988377,-9.23041789184e-07
0.0001073,1.16,-0.7375092508,1.15999987992,-9.11224647915e-07
0.0001074,1.16,-0.100356094585,1.15999987627,-8.99032120495e-07
0.0001075,1.16,0.587789758465,1.15999987282,-8.8648468917e-07
0.0001076,1.16,0.977269287262,1.15999986957,-8.73602522241e-07
0.0001077,1.16,0.87018109093,1.15999986652,-8.60405467277e-07
0.0001078,1.16,0.320938569998,1.15999986366,-8.46913044772e-07
0.0001079,1.16,-0.391378484062,1.159999861,-8.33144442245e-07
0.000108,1.16,-0.904829243801,1.15999985852,-8.19118508774e-07
0.0001081,1.16,-0.95852034765,1.15999985622,-8.04853749958e-07
0.0001082,1.16,-0.52517040389,1.1599998541,-7.90368323288e-07
0.0001083,1.16,0.175027857485,1.15999985216,-7.75680033931e-07
0.0001084,1.16,0.786291385674,1.15999985039,-7.60806330916e-07
0.0001085,1.16,0.998026434195,1.15999984879,-7.45764303709e-07
0.0001086,1.16,0.702646703622,1.15999984736,-7.30570679165e-07
0.0001087,1.16,0.0502398298585,1.15999984609,-7.15241818865e-07
0.0001088,1.16,-0.627694784132,1.15999984498,-6.99793716806e-07
0.0001089,1.16,-0.986686643412,1.15999984402,-6.8424199746e-07
0.000109,1.16,-0.844325674513,1.15999984321,-6.68601914166e-07
0.0001091,1.16,-0.272947989067,1.15999984255,-6.52888347876e-07
0.0001092,1.16,0.437119367072,1.15999984203,-6.37115806218e-07
0.0001093,1.16,0.925078689384,1.15999984165,-6.21298422888e-07
0.0001094,1.16,0.942989269789,1.1599998414,-6.05449957352e-07
0.0001095,1.16,0.481750427852,1.15999984129,-5.89583794849e-07
0.0001096,1.16,-0.224274273869,1.15999984131,-5.73712946694e-07
0.0001097,1.16,-0.816341275148,1.15999984145,-5.57850050859e-07
0.0001098,1.16,-0.993610926178,1.15999984171,-5.42007372842e-07
0.0001099,1.16,-0.666009401206,1.15999984209,-5.26196806793e-07
0.00011,1.16,3.20712541484e-06,1.15999984259,-5.10429876908e-07
0.0001101,1.16,0.666014186117,1.15999984319,-4.9471773907e-07
0.0001102,1.16,0.993611650224,1.1599998439,-4.79071182733e-07
0.0001103,1.16,0.816337568672,1.15999984471,-4.63500633043e-07
0.0001104,1.16,0.224268017686,1.15999984562,-4.48016153179e-07
0.0001105,1.16,-0.481756056145,1.15999984662,-4.32627446917e-07
0.0001106,1.16,-0.942991408625,1.15999984772,-4.17343861401e-07
0.0001107,1.16,-0.925076247154,1.1599998489,-4.0217439011e-07
0.0001108,1.16,-0.437113578941,1.15999985017,-3.87127676027e-07
0.0001109,1.16,0.272954185388,1.15999985153,-3.72212014983e-07
0.000111,1.16,0.844329128877,1.15999985295,-3.57435359183e-07
0.0001111,1.16,0.9866855939,1.15999985446,-3.42805320898e-07
0.0001112,1.16,0.627689755358,1.15999985603,-3.2832917632e-07
0.0001113,1.16,-0.0502462886949,1.15999985767,-3.14013869569e-07
0.0001114,1.16,-0.702651310412,1.15999985938,-2.99866016843e-07
0.0001115,1.16,-0.998026841218,1.15999986115,-2.85891910713e-07
0.0001116,1.16,-0.786287375819,1.15999986297,-2.72097524537e-07
0.0001117,1.16,-0.175021459913,1.15999986485,-2.58488517012e-07
0.0001118,1.16,0.52517594034,1.15999986679,-2.45070236827e-07
0.0001119,1.16,0.958522204216,1.15999986877,-2.31847727439e-07
0.000112,1.16,0.904826467052,1.1599998708,-2.18825731942e-07
0.0001121,1.16,0.391372475697,1.15999987287,-2.06008698034e-07
0.0001122,1.16,-0.320944760695,1.15999987498,-1.93400783072e-07
0.0001123,1.16,-0.870184315044,1.15999987713,-1.81005859216e-07
0.0001124,1.16,-0.977267898676,1.15999987931,-1.68827518634e-07
0.0001125,1.16,-0.587784454895,1.15999988153,-1.56869078794e-07
0.0001126,1.16,0.100362622148,1.15999988377,-1.45133587805e-07
0.0001127,1.16,0.737513684356,1.15999988604,-1.33623829826e-07
0.0001128,1.16,0.999921053863,1.15999988833,-1.22342330516e-07
0.0001129,1.16,0.754250921609,1.15999989065,-1.11291362538e-07
0.000113,1.16,0.125332607252,1.15999989298,-1.00472951102e-07
0.0001131,1.16,-0.567269414248,1.15999989534,-8.98888795346e-08
0.0001132,1.16,-0.971631851109,1.1599998977,-7.9540694888e-08
0.0001133,1.16,-0.882291021095,1.15999990008,-6.94297135657e-08
0.0001134,1.16,-0.344642571893,1.15999990247,-5.95570269697e-08
0.0001135,1.16,0.368124844336,1.15999990486,-4.99235071607e-08
0.0001136,1.16,0.893841538335,1.15999990726,-4.05298125265e-08
0.0001137,1.16,0.96538158741,1.15999990967,-3.13763934557e-08
0.0001138,1.16,0.546394228524,1.15999991207,-2.24634980095e-08
0.0001139,1.16,-0.15022567479,1.15999991448,-1.37911775898e-08
0.000114,1.16,-0.77051326424,1.15999991688,-5.35929259683e-09
0.0001141,1.16,-0.999289473311,1.15999991928,2.8324819261e-09
0.0001142,1.16,-0.720309071891,1.15999992167,1.07846506653e-08
0.0001143,1.16,-0.0753269214235,1.15999992406,1.84978924311e-08
0.0001144,1.16,0.60793016812,1.15999992644,2.59730545779e-08
0.0001145,1.16,0.982287211627,1.1599999288,3.3211147452e-08
0.0001146,1.16,0.857526786176,1.15999993115,4.02133388734e-08
0.0001147,1.16,0.297041863444,1.15999993349,4.69809486523e-08
0.0001148,1.16,-0.414375274972,1.15999993582,5.35154431453e-08
0.0001149,1.16,-0.915241021188,1.15999993812,5.98184298536e-08
0.000115,1.16,-0.951056644231,1.15999994041,6.58916520671e-08
0.0001151,1.16,-0.503623591038,1.15999994268,7.1736983556e-08
0.0001152,1.16,0.199709504261,1.15999994493,7.73564233139e-08
0.0001153,1.16,0.801566673992,1.15999994715,8.27520903547e-08
0.0001154,1.16,0.996133657677,1.15999994936,8.79262185651e-08
0.0001155,1.16,0.684547531347,1.15999995154,9.28811516165e-08
0.0001156,1.16,0.0251307086101,1.15999995369,9.76193379375e-08
0.0001157,1.16,-0.647055472245,1.15999995582,1.02143325749e-07
0.0001158,1.16,-0.990461333531,1.15999995792,1.06455758167e-07
0.0001159,1.16,-0.830596286038,1.15999996,1.10559368368e-07
0.000116,1.16,-0.248690583726,1.15999996204,1.14456974827e-07
0.0001161,1.16,0.459579201298,1.15999996406,1.18151476629e-07
0.0001162,1.16,0.934328670042,1.15999996605,1.21645848844e-07
0.0001163,1.16,0.934329222254,1.159999968,1.24943137984e-07
0.0001164,1.16,0.459580575162,1.15999996993,1.28046457536e-07
0.0001165,1.16,-0.248689090176,1.15999997182,1.30958983563e-07
0.0001166,1.16,-0.830595431442,1.15999997368,1.33683950391e-07
0.0001167,1.16,-0.990461543634,1.1599999755,1.36224646376e-07
0.0001168,1.16,-0.647056625467,1.1599999773,1.38584409744e-07
0.0001169,1.16,0.02512921126,1.15999997905,1.40766624517e-07
0.000117,1.16,0.684546451985,1.15999998078,1.42774716521e-07
0.0001171,1.16,0.996133529319,1.15999998247,1.44612149477e-07
0.0001172,1.16,0.801567534417,1.15999998412,1.46282421171e-07
0.0001173,1.16,0.199710890394,1.15999998574,1.47789059715e-07
0.0001174,1.16,-0.503622392099,1.15999998732,1.49135619889e-07
0.0001175,1.16,-0.951056224421,1.15999998887,1.50325679563e-07
0.0001176,1.16,-0.915241555801,1.15999999038,1.51362836216e-07
0.0001177,1.16,-0.414376451618,1.15999999186,1.5225070353e-07
0.0001178,1.16,0.297040663682,1.15999999329,1.52992908075e-07
0.0001179,1.16,0.857526159731,1.1599999947,1.53593086078e-07
0.000118,1.16,0.982287432105,1.15999999606,1.54054880279e-07
0.0001181,1.16,0.607931067873,1.15999999739,1.54381936875e-07
0.0001182,1.16,-0.0753258370457,1.15999999868,1.54577902543e-07
0.0001183,1.16,-0.720308350884,1.15999999994,1.54646421558e-07
0.0001184,1.16,-0.999289436031,1.16000000116,1.54591132987e-07
0.0001185,1.16,-0.770513861218,1.16000000234,1.54415667979e-07
0.0001186,1.16,-0.150226546519,1.16000000349,1.5412364713e-07
0.0001187,1.16,0.546393537813,1.1600000046,1.53718677936e-07
0.0001188,1.16,0.965381387744,1.16000000568,1.53204352336e-07
0.0001189,1.16,0.893841854023,1.16000000672,1.52584244328e-07
0.000119,1.16,0.368125439855,1.16000000772,1.51861907674e-07
0.0001191,1.16,-0.344642032299,1.16000000869,1.5104087369e-07
0.0001192,1.16,-0.882290782438,1.16000000963,1.50124649112e-07
0.0001193,1.16,-0.971631954497,1.16000001053,1.49116714048e-07
0.0001194,1.16,-0.567269715045,1.16000001139,1.48020520004e-07
0.0001195,1.16,0.12533231822,1.16000001222,1.46839488001e-07
0.0001196,1.16,0.754250780165,1.16000001302,1.45577006755e-07
0.0001197,1.16,0.999921055592,1.16000001379,1.4423643095e-07
0.0001198,1.16,0.737513723382,1.16000001452,1.4282107958e-07
0.0001199,1.16,0.100362598397,1.16000001522,1.41334234367e-07
0.00012,1.16,-0.587784541766,1.16000001588,1.39779138256e-07
0.0001201,1.16,-0.977267939529,1.16000001652,1.38158993988e-07
0.0001202,1.16,-0.870184177188,1.16000001712,1.36476962735e-07
0.0001203,1.16,-0.320944411594,1.16000001769,1.34736162823e-07
0.0001204,1.16,0.391372898181,1.16000001823,1.32939668507e-07
0.0001205,1.16,0.904826701766,1.16000001874,1.31090508838e-07
0.0001206,1.16,0.958522020377,1.16000001923,1.29191666575e-07
0.0001207,1.16,0.52517531034,1.16000001968,1.27246077186e-07
0.0001208,1.16,-0.175022284113,1.1600000201,1.25256627901e-07
0.0001209,1.16,-0.786287953757,1.1600000205,1.23226156836e-07
0.000121,1.16,-0.998026776228,1.16000002087,1.21157452182e-07
0.0001211,1.16,-0.702650502051,1.16000002121,1.19053251455e-07
0.0001212,1.16,-0.0502450518585,1.16000002153,1.16916240806e-07
0.0001213,1.16,0.627690800027,1.16000002181,1.14749054395e-07
0.0001214,1.16,0.986685829191,1.16000002208,1.12554273824e-07
0.0001215,1.16,0.844328296965,1.16000002232,1.10334427623e-07
0.0001216,1.16,0.27295258889,1.16000002253,1.08091990798e-07
0.0001217,1.16,-0.437115168595,1.16000002272,1.05829384432e-07
0.0001218,1.16,-0.925076959743,1.16000002289,1.03548975341e-07
0.0001219,1.16,-0.94299074763,1.16000002303,1.01253075781e-07
0.000122,1.16,-0.481754218887,1.16000002315,9.89439432065e-08
0.0001221,1.16,0.224270169309,1.16000002325,9.66237800837e-08
0.0001222,1.16,0.816338908522,1.16000002333,9.42947337459e-08
0.0001223,1.16,0.993611375728,1.16000002339,9.19588963004e-08
0.0001224,1.16,0.666012287465,1.16000002342,8.96183045808e-08
0.0001225,1.16,5.48364626768e-07,1.16000002344,8.72749401444e-08
0.0001226,1.16,-0.666011469373,1.16000002344,8.49307293127e-08
0.0001227,1.16,-0.993611251957,1.16000002342,8.25875432543e-08
0.0001228,1.16,-0.816339541934,1.16000002338,8.02471981097e-08
0.0001229,1.16,-0.224271238012,1.16000002333,7.79114551547e-08
0.000123,1.16,0.481753257947,1.16000002326,7.5582021003e-08
0.0001231,1.16,0.942990382693,1.16000002317,7.32605478457e-08
0.0001232,1.16,0.925077376134,1.16000002307,7.09486337266e-08
0.0001233,1.16,0.437116154589,1.16000002295,6.86478228531e-08
0.0001234,1.16,-0.2729515344,1.16000002281,6.63596059388e-08
0.0001235,1.16,-0.844327709746,1.16000002267,6.408542058e-08
0.0001236,1.16,-0.986686007387,1.16000002251,6.18266516623e-08
0.0001237,1.16,-0.627691652732,1.16000002233,5.95846317968e-08
0.0001238,1.16,0.0502439582273,1.16000002215,5.73606417854e-08
0.0001239,1.16,0.702649723213,1.16000002195,5.51559111131e-08
0.000124,1.16,0.99802670753,1.16000002174,5.29716184662e-08
0.0001241,1.16,0.786288629383,1.16000002152,5.08088922762e-08
0.0001242,1.16,0.17502336005,1.16000002128,4.86688112869e-08
0.0001243,1.16,-0.525174381048,1.16000002104,4.65524051446e-08
0.0001244,1.16,-0.958521709396,1.16000002079,4.44606550093e-08
0.0001245,1.16,-0.904827165882,1.16000002053,4.23944941874e-08
0.0001246,1.16,-0.391373900168,1.16000002026,4.03548087827e-08
0.0001247,1.16,0.320943381639,1.16000001998,3.83424383663e-08
0.0001248,1.16,0.870183642108,1.1600000197,3.63581766636e-08
0.0001249,1.16,0.977268169395,1.16000001941,3.44027722576e-08
0.000125,1.16,0.587785417379,1.16000001911,3.24769293072e-08
0.0001251,1.16,-0.100361523673,1.1600000188,3.058130828e-08
0.0001252,1.16,-0.737512995507,1.16000001849,2.87165266977e-08
0.0001253,1.16,-0.999921042081,1.16000001817,2.68831598945e-08
0.0001254,1.16,-0.75425148421,1.16000001785,2.5081741786e-08
0.0001255,1.16,-0.125333378888,1.16000001753,2.33127656492e-08
0.0001256,1.16,0.56726883748,1.16000001719,2.15766849111e-08
0.0001257,1.16,0.971631703383,1.16000001686,1.98739139464e-08
0.0001258,1.16,0.882291280276,1.16000001652,1.8204828883e-08
0.0001259,1.16,0.344643020907,1.16000001618,1.65697684136e-08
0.000126,1.16,-0.368124465236,1.16000001583,1.49690346137e-08
0.0001261,1.16,-0.893841386392,1.16000001549,1.3402893765e-08
0.0001262,1.16,-0.96538165829,1.16000001514,1.18715771826e-08
0.0001263,1.16,-0.546394401333,1.16000001479,1.03752820459e-08
0.0001264,1.16,0.150225533747,1.16000001443,8.91417223273e-09
0.0001265,1.16,0.770513212784,1.16000001408,7.48837915519e-09
0.0001266,1.16,0.999289474085,1.16000001373,6.09800259669e-09
0.0001267,1.16,0.72030904556,1.16000001337,4.74311154998e-09
0.0001268,1.16,0.075326826979,1.16000001302,3.42374505507e-09
0.0001269,1.16,-0.607930287019,1.16000001266,2.13991303636e-09
0.000127,1.16,-0.982287249679,1.16000001231,8.91597138528e-10
0.0001271,1.16,-0.857526655155,1.16000001195,-3.21248439553e-10
0.0001272,1.16,-0.297041572585,1.1600000116,-1.49869611341e-09
0.0001273,1.16,0.414375596094,1.16000001125,-2.64084408473e-09
0.0001274,1.16,0.915241182109,1.16000001089,-3.74781551681e-09
0.0001275,1.16,0.951056506937,1.16000001054,-4.81975771418e-09
0.0001276,1.16,0.503623169844,1.1600000102,-5.85684130704e-09
0.0001277,1.16,-0.199710022744,1.16000000985,-6.85925944094e-09
0.0001278,1.16,-0.801567014276,1.16000000951,-7.82722697219e-09
0.0001279,1.16,-0.996133604307,1.16000000917,-8.76097966951e-09
0.000128,1.16,-0.68454706168,1.16000000883,-9.66077342228e-09
0.0001281,1.16,-0.0251300293219,1.16000000849,-1.0526883456e-08
0.0001282,1.16,0.647056015988,1.16000000816,-1.1359603555e-08
0.0001283,1.16,0.990461436224,1.16000000783,-1.21592452935e-08
0.0001284,1.16,0.830595853968,1.16000000751,-1.29261372745e-08
0.0001285,1.16,0.248689804029,1.16000000718,-1.36606243774e-08
0.0001286,1.16,-0.459579940772,1.16000000687,-1.4363067015e-08
0.0001287,1.16,-0.934328976123,1.16000000655,-1.50338403989e-08
0.0001288,1.16,-0.934328907358,1.16000000624,-1.56733338158e-08
0.0001289,1.16,-0.459579769763,1.16000000593,-1.62819499124e-08
0.000129,1.16,0.248689989772,1.16000000563,-1.68601039915e-08
0.0001291,1.16,0.830595960106,1.16000000533,-1.74082233178e-08
0.0001292,1.16,0.990461410176,1.16000000504,-1.79267464349e-08
0.0001293,1.16,0.647055873346,1.16000000475,-1.8416122493e-08
0.0001294,1.16,-0.0251302140126,1.16000000446,-1.88768105874e-08
0.0001295,1.16,-0.68454719437,1.16000000419,-1.93092791092e-08
0.0001296,1.16,-0.996133620025,1.16000000391,-1.97140051068e-08
0.0001297,1.16,-0.801566909392,1.16000000364,-2.00914736587e-08
0.0001298,1.16,-0.19970985466,1.16000000337,-2.04421772597e-08
0.0001299,1.16,0.503623314361,1.16000000311,-2.0766615217e-08
0.00013,1.16,0.951056557196,1.16000000286,-2.10652930601e-08
0.0001301,1.16,0.915241118601,1.16000000261,-2.13387219623e-08
0.0001302,1.16,0.414375457548,1.16000000237,-2.15874181741e-08
0.0001303,1.16,-0.297041712439,1.16000000213,-2.18119024695e-08
0.0001304,1.16,-0.857526727346,1.16000000189,-2.2012699605e-08
0.0001305,1.16,-0.982287224603,1.16000000166,-2.21903377906e-08
0.0001306,1.16,-0.607930186218,1.16000000144,-2.23453481733e-08
0.0001307,1.16,0.0753269463618,1.16000000122,-2.24782643344e-08
0.0001308,1.16,0.720309123341,1.16000000101,-2.25896217978e-08
0.0001309,1.16,0.999289478012,1.1600000008,-2.26799575524e-08
0.000131,1.16,0.770513151661,1.1600000006,-2.27498095862e-08
0.0001311,1.16,0.150225447492,1.1600000004,-2.27997164342e-08
0.0001312,1.16,-0.546394466875,1.16000000021,-2.28302167375e-08
0.0001313,1.16,-0.965381676269,1.16000000002,-2.28418488165e-08
0.0001314,1.16,-0.893841359818,1.15999999984,-2.28351502561e-08
0.0001315,1.16,-0.368124419426,1.15999999967,-2.28106575032e-08
0.0001316,1.16,0.344643057471,1.1599999995,-2.27689054773e-08
0.0001317,1.16,0.882291293601,1.15999999933,-2.27104271935e-08
0.0001318,1.16,0.971631699279,1.15999999917,-2.26357533975e-08
0.0001319,1.16,0.567268832468,1.15999999902,-2.25454122136e-08
0.000132,1.16,-0.125333373447,1.15999999887,-2.24399288044e-08
0.0001321,1.16,-0.754251472815,1.15999999873,-2.23198250428e-08
0.0001322,1.16,-0.999921042452,1.15999999859,-2.21856191968e-08
0.0001323,1.16,-0.737513023847,1.15999999846,-2.20378256251e-08
0.0001324,1.16,-0.100361578088,1.15999999833,-2.18769544854e-08
0.0001325,1.16,0.587785362616,1.1599999982,-2.17035114544e-08
0.0001326,1.16,0.977268152232,1.15999999809,-2.15179974589e-08
0.0001327,1.16,0.870183688662,1.15999999797,-2.13209084194e-08
0.0001328,1.16,0.32094348417,1.15999999786,-2.11127350041e-08
0.0001329,1.16,-0.391373787646,1.15999999776,-2.08939623947e-08
0.000133,1.16,-0.90482710775,1.15999999766,-2.06650700631e-08
0.0001331,1.16,-0.958521752437,1.15999999757,-2.04265315595e-08
0.0001332,1.16,-0.525174522066,1.15999999748,-2.01788143103e-08
0.0001333,1.16,0.175023182219,1.15999999739,-1.9922379428e-08
0.0001334,1.16,0.78628850845,1.15999999731,-1.96576815305e-08
0.0001335,1.16,0.99802672078,1.15999999724,-1.93851685715e-08
0.0001336,1.16,0.702649884385,1.15999999717,-1.91052816802e-08
0.0001337,1.16,0.0502442000891,1.1599999971,-1.88184550123e-08
0.0001338,1.16,-0.627691451901,1.15999999704,-1.85251156094e-08
0.0001339,1.16,-0.986685962832,1.15999999698,-1.82256832692e-08
0.000134,1.16,-0.844327865169,1.15999999692,-1.79205704244e-08
0.0001341,1.16,-0.272951829071,1.15999999687,-1.76101820314e-08
0.0001342,1.16,0.437115864387,1.15999999682,-1.72949154679e-08
0.0001343,1.16,0.925077247341,1.15999999678,-1.69751604395e-08
0.0001344,1.16,0.942990501072,1.15999999674,-1.6651298895e-08
0.0001345,1.16,0.481753584223,1.15999999671,-1.63237049503e-08
0.0001346,1.16,-0.224270858875,1.15999999667,-1.59927448206e-08
0.0001347,1.16,-0.816339307543,1.15999999665,-1.56587767609e-08
0.0001348,1.16,-0.993611299655,1.15999999662,-1.53221510146e-08
0.0001349,1.16,-0.66601179721,1.1599999966,-1.49832097696e-08
0.000135,1.16,9.20002756713e-08,1.15999999658,-1.4642287122e-08
0.0001351,1.16,0.666011934455,1.15999999657,-1.42997090477e-08
0.0001352,1.16,0.993611320416,1.15999999656,-1.39557933809e-08
0.0001353,1.16,0.816339201323,1.15999999655,-1.36108497993e-08
0.0001354,1.16,0.224270679725,1.15999999654,-1.3265179817e-08
0.0001355,1.16,-0.481753745234,1.15999999654,-1.29190767832e-08
0.0001356,1.16,-0.942990562185,1.15999999654,-1.25728258877e-08
0.0001357,1.16,-0.925077177659,1.15999999654,-1.22267041729e-08
0.0001358,1.16,-0.43711569951,1.15999999655,-1.18809805515e-08
0.0001359,1.16,0.272952005247,1.15999999655,-1.15359158302e-08
0.000136,1.16,0.844327963181,1.15999999656,-1.11917627395e-08
0.0001361,1.16,0.986685933122,1.15999999658,-1.08487659679e-08
0.0001362,1.16,0.627691309898,1.15999999659,-1.05071622029e-08
0.0001363,1.16,-0.0502443819812,1.15999999661,-1.01671801762e-08
0.0001364,1.16,-0.702650013742,1.15999999663,-9.82904071387e-09
0.0001365,1.16,-0.998026732173,1.15999999665,-9.49295679151e-09
0.0001366,1.16,-0.78628839658,1.15999999667,-9.15913359418e-09
0.0001367,1.16,-0.175023004365,1.1599999967,-8.82776858031e-09
0.0001368,1.16,0.525174675405,1.15999999673,-8.49905155016e-09
0.0001369,1.16,0.958521803654,1.15999999676,-8.17316471815e-09
0.000137,1.16,0.904827031465,1.15999999679,-7.85028278916e-09
0.0001371,1.16,0.391373623296,1.15999999682,-7.53057303853e-09
0.0001372,1.16,-0.320943652737,1.15999999685,-7.21419539555e-09
0.0001373,1.16,-0.870183776035,1.15999999689,-6.90130253036e-09
0.0001374,1.16,-0.977268114787,1.15999999693,-6.59203994405e-09
0.0001375,1.16,-0.587785220337,1.15999999696,-6.28654606172e-09
0.0001376,1.16,0.100361752266,1.159999997,-5.98495232856e-09
0.0001377,1.16,0.737513141491,1.15999999704,-5.68738330849e-09
0.0001378,1.16,0.99992104463,1.15999999709,-5.39395678549e-09
0.0001379,1.16,0.754251359677,1.15999999713,-5.10478386726e-09
0.000138,1.16,0.125333203518,1.15999999717,-4.81996909113e-09
0.0001381,1.16,-0.567268972616,1.15999999722,-4.53961053214e-09
0.0001382,1.16,-0.971631739251,1.15999999726,-4.26379991303e-09
0.0001383,1.16,-0.882291214627,1.15999999731,-3.99262271603e-09
0.0001384,1.16,-0.344642901197,1.15999999736,-3.7261582964e-09
0.0001385,1.16,0.368124572924,1.15999999741,-3.46447999742e-09
0.0001386,1.16,0.893841433188,1.15999999746,-3.20765526687e-09
0.0001387,1.16,0.965381633989,1.15999999751,-2.95574577466e-09
0.0001388,1.16,0.54639433248,1.15999999756,-2.70880753176e-09
0.0001389,1.16,-0.150225604445,1.15999999761,-2.46689100999e-09
0.000139,1.16,-0.770513251707,1.15999999766,-2.23004126282e-09
0.0001391,1.16,-0.999289472167,1.15999999771,-1.99829804687e-09
0.0001392,1.16,-0.720309017166,1.15999999776,-1.77169594404e-09
0.0001393,1.16,-0.0753267958151,1.15999999781,-1.55026448429e-09
0.0001394,1.16,0.60793030435,1.15999999786,-1.33402826872e-09
0.0001395,1.16,0.982287252051,1.15999999792,-1.12300709302e-09
0.0001396,1.16,0.857526653229,1.15999999797,-9.17216071142e-10
0.0001397,1.16,0.297041577277,1.15999999802,-7.16665759034e-10
0.0001398,1.16,-0.414375583975,1.15999999807,-5.2136227842e-10
0.0001399,1.16,-0.91524117346,1.15999999813,-3.31307440464e-10
0.00014,1.16,-0.951056516011,1.15999999818,-1.46498869248e-10
0.0001401,1.16,-0.503623201815,1.15999999823,3.30698750214e-11
0.0001402,1.16,0.199709979237,1.15999999828,2.07409173186e-10
0.0001403,1.16,0.801566983456,1.15999999833,3.76533224753e-10
0.0001404,1.16,0.996133609442,1.15999999839,5.40459926059e-10
0.0001405,1.16,0.684547109131,1.15999999844,6.99210749046e-10
0.0001406,1.16,0.0251301008002,1.15999999849,8.52810620739e-10
0.0001407,1.16,-0.647055956773,1.15999999854,1.00128780349e-09
0.0001408,1.16,-0.990461424706,1.15999999859,1.14467377605e-09
0.0001409,1.16,-0.830595903685,1.15999999864,1.28300311562e-09
0.000141,1.16,-0.248689895784,1.15999999869,1.41631338076e-09
0.0001411,1.16,0.459579852002,1.15999999874,1.54464499545e-09
0.0001412,1.16,0.934328938721,1.15999999879,1.66804113423e-09
0.0001413,1.16,0.934328946457,1.15999999884,1.78654760844e-09
0.0001414,1.16,0.459579871225,1.15999999889,1.90021275377e-09
0.0001415,1.16,-0.248689874938,1.15999999894,2.009087319e-09
0.0001416,1.16,-0.830595891802,1.15999999898,2.11322435612e-09
0.0001417,1.16,-0.990461427612,1.15999999903,2.2126791118e-09
0.0001418,1.16,-0.647055972624,1.15999999907,2.30750892025e-09
0.0001419,1.16,0.0251300803824,1.15999999912,2.39777309758e-09
0.000142,1.16,0.684547094553,1.15999999916,2.48353283767e-09
0.0001421,1.16,0.996133607727,1.15999999921,2.5648511095e-09
0.0001422,1.16,0.801566994796,1.15999999925,2.64179255615e-09
0.0001423,1.16,0.199709997226,1.1599999993,2.71442339533e-09
0.0001424,1.16,-0.50362318653,1.15999999934,2.78281132164e-09
0.0001425,1.16,-0.951056510767,1.15999999938,2.84702541041e-09
0.0001426,1.16,-0.915241179981,1.15999999942,2.90713602327e-09
0.0001427,1.16,-0.414375597938,1.15999999946,2.96321471549e-09
0.0001428,1.16,0.297041563486,1.1599999995,3.01533414498e-09
0.0001429,1.16,0.857526646291,1.15999999954,3.06356798313e-09
0.000143,1.16,0.982287254388,1.15999999957,3.1079908274e-09
0.0001431,1.16,0.607930313403,1.15999999961,3.14867811573e-09
0.0001432,1.16,-0.0753267855682,1.15999999965,3.18570604272e-09
0.0001433,1.16,-0.720309010858,1.15999999968,3.21915147775e-09
0.0001434,1.16,-0.999289471871,1.15999999972,3.24909188481e-09
0.0001435,1.16,-0.770513255895,1.15999999975,3.27560524429e-09
0.0001436,1.16,-0.150225609612,1.15999999978,3.29876997657e-09
0.0001437,1.16,0.54639432927,1.15999999982,3.31866486748e-09
0.0001438,1.16,0.965381633367,1.15999999985,3.33536899568e-09
0.0001439,1.16,0.893841433586,1.15999999988,3.34896166185e-09
0.000144,1.16,0.368124572311,1.15999999991,3.35952231983e-09
0.0001441,1.16,-0.344642903314,1.15999999994,3.36713050953e-09
0.0001442,1.16,-0.882291216463,1.15999999997,3.37186579183e-09
0.0001443,1.16,-0.971631737928,1.15999999999,3.37380768528e-09
0.0001444,1.16,-0.56726896658,1.16000000002,3.37303560468e-09
0.0001445,1.16,0.125333212559,1.16000000005,3.36962880156e-09
0.0001446,1.16,0.75425136686,1.16000000007,3.36366630642e-09
0.0001447,1.16,0.999921044469,1.1600000001,3.35522687295e-09
0.0001448,1.16,0.737513131549,1.16000000012,3.34438892395e-09
0.0001449,1.16,0.100361735676,1.16000000014,3.33123049918e-09
0.000145,1.16,-0.587785235438,1.16000000016,3.31582920499e-09
0.0001451,1.16,-0.977268119175,1.16000000019,3.2982621657e-09
0.0001452,1.16,-0.87018376482,1.16000000021,3.27860597686e-09
0.0001453,1.16,-0.320943629189,1.16000000023,3.25693666021e-09
0.0001454,1.16,0.391373648142,1.16000000025,3.23332962044e-09
0.0001455,1.16,0.904827043884,1.16000000026,3.20785960364e-09
0.0001456,1.16,0.958521794713,1.16000000028,3.18060065752e-09
0.0001457,1.16,0.525174646813,1.1600000003,3.15162609335e-09
0.0001458,1.16,-0.175023039668,1.16000000031,3.12100844948e-09
0.0001459,1.16,-0.786288420145,1.16000000033,3.08881945666e-09
0.000146,1.16,-0.998026729634,1.16000000034,3.05513000489e-09
0.0001461,1.16,-0.702649983301,1.16000000036,3.02001011196e-09
0.0001462,1.16,-0.0502443369023,1.16000000037,2.98352889359e-09
0.0001463,1.16,0.627691346882,1.16000000038,2.94575453507e-09
0.0001464,1.16,0.986685941238,1.1600000004,2.90675426456e-09
0.0001465,1.16,0.844327935153,1.16000000041,2.86659432782e-09
0.0001466,1.16,0.272951952595,1.16000000042,2.82533996455e-09
0.0001467,1.16,-0.437115750923,1.16000000043,2.78305538609e-09
0.0001468,1.16,-0.925077200297,1.16000000044,2.73980375469e-09
0.0001469,1.16,-0.94299054153,1.16000000045,2.6956471641e-09
0.000147,1.16,-0.481753688696,1.16000000045,2.65064662166e-09
0.0001471,1.16,0.224270744999,1.16000000046,2.60486203172e-09
0.0001472,1.16,0.816339241433,1.16000000047,2.55835218039e-09
0.0001473,1.16,0.993611312301,1.16000000047,2.51117472164e-09
0.0001474,1.16,0.66601187898,1.16000000048,2.4633861647e-09
0.0001475,1.16,1.5174324189e-08,1.16000000049,2.41504186272e-09
0.0001476,1.16,-0.666011856344,1.16000000049,2.36619600265e-09
0.0001477,1.16,-0.993611308877,1.1600000005,2.31690159637e-09
0.0001478,1.16,-0.816339258945,1.1600000005,2.26721047293e-09
0.0001479,1.16,-0.224270774525,1.1600000005,2.21717327208e-09
0.000148,1.16,0.481753662171,1.1600000005,2.16683943876e-09
0.0001481,1.16,0.942990531467,1.16000000051,2.11625721882e-09
0.0001482,1.16,0.925077211763,1.16000000051,2.06547365573e-09
0.0001483,1.16,0.437115778035,1.16000000051,2.01453458842e-09
0.0001484,1.16,-0.272951923649,1.16000000051,1.96348464999e-09
0.0001485,1.16,-0.844327919064,1.16000000051,1.91236726756e-09
0.0001486,1.16,-0.98668594611,1.16000000051,1.86122466298e-09
0.0001487,1.16,-0.627691370144,1.16000000051,1.8100978545e-09
0.0001488,1.16,0.0502443071413,1.16000000051,1.75902665933e-09
0.0001489,1.16,0.702649962162,1.16000000051,1.70804969708e-09
0.000149,1.16,0.998026727774,1.16000000051,1.65720439405e-09
0.0001491,1.16,0.786288438373,1.16000000051,1.6065269883e-09
0.0001492,1.16,0.175023068602,1.1600000005,1.55605253557e-09
0.0001493,1.16,-0.52517462191,1.1600000005,1.5058149159e-09
0.0001494,1.16,-0.95852178641,1.1600000005,1.45584684103e-09
0.0001495,1.16,-0.904827056228,1.1600000005,1.40617986244e-09
0.0001496,1.16,-0.391373674683,1.16000000049,1.3568443802e-09
0.0001497,1.16,0.320943602024,1.16000000049,1.30786965228e-09
0.0001498,1.16,0.870183750771,1.16000000048,1.25928380471e-09
0.0001499,1.16,0.977268125181,1.16000000048,1.21111384212e-09
0.00015,1.16,0.587785258206,1.16000000047,1.16338565904e-09
0.0001501,1.16,-0.100361707874,1.16000000047,1.11612405164e-09
0.0001502,1.16,-0.73751311282,1.16000000047,1.06935273e-09
0.0001503,1.16,-0.999921044123,1.16000000046,1.02309433095e-09
0.0001504,1.16,-0.754251384768,1.16000000045,9.7737043131e-10
0.0001505,1.16,-0.125333239375,1.16000000045,9.32201561611e-10
0.0001506,1.16,0.567268944534,1.16000000044,8.87607220249e-10
0.0001507,1.16,0.971631731661,1.16000000044,8.43605888026e-10
0.0001508,1.16,0.882291228802,1.16000000043,8.00215043085e-10
0.0001509,1.16,0.344642927642,1.16000000042,7.57451176191e-10
0.000151,1.16,-0.368124548505,1.16000000042,7.15329806352e-10
0.0001511,1.16,-0.893841422253,1.16000000041,6.73865496759e-10
0.0001512,1.16,-0.965381639871,1.1600000004,6.33071871002e-10
0.0001513,1.16,-0.546394349855,1.1600000004,5.92961629572e-10
0.0001514,1.16,0.150225585682,1.16000000039,5.53546566601e-10
0.0001515,1.16,0.770513240714,1.16000000038,5.14837586837e-10
0.0001516,1.16,0.999289472754,1.16000000038,4.76844722823e-10
0.0001517,1.16,0.720309026804,1.16000000037,4.39577152274e-10
0.0001518,1.16,0.0753268080531,1.16000000036,4.03043215609e-10
0.0001519,1.16,-0.607930295862,1.16000000035,3.67250433652e-10
0.000152,1.16,-0.982287250338,1.16000000035,3.32205525451e-10
0.0001521,1.16,-0.857526657157,1.16000000034,2.9791442622e-10
0.0001522,1.16,-0.297041583163,1.16000000033,2.64382305378e-10
0.0001523,1.16,0.414375579669,1.16000000032,2.31613584668e-10
0.0001524,1.16,0.915241172116,1.16000000032,1.99611956336e-10
0.0001525,1.16,0.951056516622,1.16000000031,1.68380401364e-10
0.0001526,1.16,0.503623202384,1.1600000003,1.37921207731e-10
0.0001527,1.16,-0.199709979848,1.16000000029,1.08235988692e-10
0.0001528,1.16,-0.801566984573,1.16000000029,7.93257010605e-11
0.0001529,1.16,-0.996133609171,1.16000000028,5.11906634739e-11
0.000153,1.16,-0.684547106038,1.16000000027,2.38305746365e-11
0.0001531,1.16,-0.0251300954261,1.16000000026,-2.75546847923e-12
0.0001532,1.16,0.647055961706,1.16000000025,-2.85689524853e-11
0.0001533,1.16,0.990461425743,1.16000000025,-5.36119294961e-11
0.0001534,1.16,0.830595898923,1.16000000024,-7.78869991254e-11
0.0001535,1.16,0.248689886548,1.16000000023,-1.01397290573e-10
0.0001536,1.16,-0.459579861314,1.16000000022,-1.24146444816e-10
0.0001537,1.16,-0.934328942784,1.16000000022,-1.46138596906e-10
0.0001538,1.16,-0.934328942082,1.16000000021,-1.673783584e-10
0.0001539,1.16,-0.459579859573,1.1600000002,-1.87870799918e-10
0.000154,1.16,0.248689888428,1.16000000019,-2.07621433845e-10
0.0001541,1.16,0.830595899989,1.16000000019,-2.26636197189e-10
0.0001542,1.16,0.990461425485,1.16000000018,-2.44921434599e-10
0.0001543,1.16,0.647055960312,1.16000000017,-2.62483881556e-10
0.0001544,1.16,-0.0251300971977,1.16000000016,-2.79330647741e-10
0.0001545,1.16,-0.684547107282,1.16000000016,-2.95469200589e-10
0.0001546,1.16,-0.996133609315,1.16000000015,-3.10907349045e-10
0.0001547,1.16,-0.801566983648,1.16000000014,-3.25653227512e-10
0.0001548,1.16,-0.199709978423,1.16000000014,-3.39715280013e-10
0.0001549,1.16,0.503623203552,1.16000000013,-3.53102244571e-10
0.000155,1.16,0.951056517005,1.16000000012,-3.65823137801e-10
0.0001551,1.16,0.915241171664,1.16000000012,-3.77887239737e-10
0.0001552,1.16,0.414375578767,1.16000000011,-3.89304078891e-10
0.0001553,1.16,-0.297041583977,1.1600000001,-4.00083417541e-10
0.0001554,1.16,-0.85752665752,1.1600000001,-4.10235237273e-10
0.0001555,1.16,-0.982287250234,1.16000000009,-4.19769724759e-10
0.0001556,1.16,-0.607930295556,1.16000000009,-4.2869725779e-10
0.0001557,1.16,0.0753268082661,1.16000000008,-4.37028391566e-10
0.0001558,1.16,0.720309026826,1.16000000007,-4.44773845237e-10
0.0001559,1.16,0.999289472748,1.16000000007,-4.51944488709e-10
0.000156,1.16,0.770513240939,1.16000000006,-4.58551329714e-10
0.0001561,1.16,0.150225586235,1.16000000006,-4.64605501145e-10
0.0001562,1.16,-0.546394349208,1.16000000005,-4.70118248655e-10
0.0001563,1.16,-0.965381639612,1.16000000005,-4.75100918539e-10
0.0001564,1.16,-0.8938414228,1.16000000004,-4.79564945871e-10
0.0001565,1.16,-0.36812454986,1.16000000004,-4.83521842929e-10
0.0001566,1.16,0.344642926047,1.16000000003,-4.86983187888e-10
0.0001567,1.16,0.882291227884,1.16000000003,-4.89960613788e-10
0.0001568,1.16,0.971631732183,1.16000000002,-4.92465797783e-10
0.0001569,1.16,0.567268946568,1.16000000002,-4.94510450662e-10
0.000157,1.16,-0.125333236657,1.16000000001,-4.9610630665e-10
0.0001571,1.16,-0.754251382788,1.16000000001,-4.97265113485e-10
0.0001572,1.16,-0.999921044164,1.16000000001,-4.97998622772e-10
0.0001573,1.16,-0.737513115244,1.16,-4.98318580616e-10
0.0001574,1.16,-0.100361711737,1.16,-4.98236718524e-10
0.0001575,1.16,0.587785254823,1.15999999999,-4.97764744591e-10
0.0001576,1.16,0.97726812423,1.15999999999,-4.96914334953e-10
0.0001577,1.16,0.870183753135,1.15999999999,-4.95697125515e-10
0.0001578,1.16,0.320943606867,1.15999999998,-4.94124703951e-10
0.0001579,1.16,-0.391373669683,1.15999999998,-4.92208601977e-10
0.000158,1.16,-0.904827053777,1.15999999998,-4.89960287881e-10
0.0001581,1.16,-0.958521788145,1.15999999997,-4.87391159335e-10
0.0001582,1.16,-0.525174627371,1.15999999997,-4.84512536455e-10
0.0001583,1.16,0.175023061953,1.15999999997,-4.81335655138e-10
0.0001584,1.16,0.786288433992,1.15999999996,-4.77871660648e-10
0.0001585,1.16,0.998026728241,1.15999999996,-4.74131601461e-10
0.0001586,1.16,0.702649967697,1.15999999996,-4.7012642337e-10
0.0001587,1.16,0.0502443152564,1.15999999996,-4.65866963835e-10
0.0001588,1.16,-0.627691363547,1.15999999995,-4.61363946588e-10
0.0001589,1.16,-0.986685944674,1.15999999995,-4.56627976477e-10
0.000159,1.16,-0.844327923981,1.15999999995,-4.5166953456e-10
0.0001591,1.16,-0.272951932818,1.15999999995,-4.46498973435e-10
0.0001592,1.16,0.437115769144,1.15999999995,-4.41126512807e-10
0.0001593,1.16,0.925077207874,1.15999999994,-4.35562235288e-10
0.0001594,1.16,0.942990534994,1.15999999994,-4.29816082427e-10
0.0001595,1.16,0.481753671768,1.15999999994,-4.23897850967e-10
0.0001596,1.16,-0.224270763508,1.15999999994,-4.17817189324e-10
0.0001597,1.16,-0.816339252211,1.15999999994,-4.11583594282e-10
0.0001598,1.16,-0.993611310233,1.15999999994,-4.05206407909e-10
0.0001599,1.16,-0.666011865566,1.15999999993,-3.98694814681e-10
0.00016,1.16,2.46330761175e-09,1.15999999993,-3.92057838809e-10
0.0001601,1.16,0.66601186924,1.15999999993,-3.85304341779e-10
0.0001602,1.16,0.993611310788,1.15999999993,-3.78443020087e-10
0.0001603,1.16,0.816339249369,1.15999999993,-3.71482403166e-10
0.0001604,1.16,0.224270758718,1.15999999993,-3.64430851508e-10
0.0001605,1.16,-0.481753676069,1.15999999993,-3.57296554978e-10
0.0001606,1.16,-0.942990536625,1.15999999993,-3.50087531301e-10
0.0001607,1.16,-0.925077206016,1.15999999993,-3.42811624739e-10
0.0001608,1.16,-0.437115764755,1.15999999993,-3.35476504936e-10
0.0001609,1.16,0.2729519375,1.15999999993,-3.28089665935e-10
0.000161,1.16,0.844327926582,1.15999999993,-3.20658425365e-10
0.0001611,1.16,0.986685943888,1.15999999993,-3.13189923789e-10
0.0001612,1.16,0.627691359796,1.15999999992,-3.05691124206e-10
0.0001613,1.16,-0.0502443200508,1.15999999992,-2.98168811719e-10
0.0001614,1.16,-0.702649971098,1.15999999992,-2.90629593334e-10
0.0001615,1.16,-0.99802672854,1.15999999992,-2.83079897927e-10
0.0001616,1.16,-0.786288431067,1.15999999992,-2.75525976334e-10
0.0001617,1.16,-0.175023057318,1.15999999992,-2.6797390159e-10
0.0001618,1.16,0.525174631354,1.15999999992,-2.60429569295e-10
0.0001619,1.16,0.95852178947,1.15999999992,-2.52898698112e-10
0.000162,1.16,0.90482705181,1.15999999992,-2.45386830388e-10
0.0001621,1.16,0.391373665462,1.15999999993,-2.37899332903e-10
0.0001622,1.16,-0.320943611179,1.15999999993,-2.30441397719e-10
0.0001623,1.16,-0.87018375536,1.15999999993,-2.23018043165e-10
0.0001624,1.16,-0.977268123281,1.15999999993,-2.15634114909e-10
0.0001625,1.16,-0.587785251234,1.15999999993,-2.08294287147e-10
0.0001626,1.16,0.100361716107,1.15999999993,-2.01003063892e-10
0.0001627,1.16,0.73751311818,1.15999999993,-1.93764780355e-10
0.0001628,1.16,0.999921044219,1.15999999993,-1.86583604419e-10
0.0001629,1.16,0.754251379996,1.15999999993,-1.79463538211e-10
0.000163,1.16,0.12533323249,1.15999999993,-1.72408419747e-10
0.0001631,1.16,-0.567268949983,1.15999999993,-1.65421924665e-10
0.0001632,1.16,-0.97163173315,1.15999999993,-1.58507568037e-10
0.0001633,1.16,-0.882291225986,1.15999999993,-1.51668706252e-10
0.0001634,1.16,-0.34464292232,1.15999999993,-1.44908538967e-10
0.0001635,1.16,0.368124553492,1.15999999993,-1.38230111132e-10
0.0001636,1.16,0.893841424522,1.15999999993,-1.31636315074e-10
0.0001637,1.16,0.965381638628,1.15999999994,-1.25129892638e-10
0.0001638,1.16,0.54639434611,1.15999999994,-1.18713437393e-10
0.0001639,1.16,-0.150225589819,1.15999999994,-1.12389396879e-10
0.000164,1.16,-0.770513243201,1.15999999994,-1.06160074916e-10
0.0001641,1.16,-0.999289472617,1.15999999994,-1.00027633951e-10
0.0001642,1.16,-0.720309024478,1.15999999994,-9.39940974522e-11
0.0001643,1.16,-0.0753268049764,1.15999999994,-8.80613523409e-11
0.0001644,1.16,0.607930298105,1.15999999994,-8.22311514635e-11
0.0001645,1.16,0.982287250819,1.15999999994,-7.65051160947e-11
0.0001646,1.16,0.857526655965,1.15999999994,-7.08847384734e-11
0.0001647,1.16,0.297041581185,1.15999999995,-6.53713843662e-11
0.0001648,1.16,-0.414375581336,1.15999999995,-5.99662956563e-11
0.0001649,1.16,-0.915241172759,1.15999999995,-5.46705929549e-11
0.000165,1.16,-0.951056516199,1.15999999995,-4.94852782326e-11
0.0001651,1.16,-0.503623201395,1.15999999995,-4.44112374683e-11
0.0001652,1.16,0.199709980757,1.15999999995,-3.94492433119e-11
0.0001653,1.16,0.801566985001,1.15999999995,-3.45999577598e-11
0.0001654,1.16,0.996133609127,1.15999999995,-2.986393484e-11
0.0001655,1.16,0.684547105813,1.15999999995,-2.52416233041e-11
0.0001656,1.16,0.0251300953133,1.15999999996,-2.07333693244e-11
0.0001657,1.16,-0.647055961648,1.15999999996,-1.63394191938e-11
0.0001658,1.16,-0.990461425707,1.15999999996,-1.20599220259e-11
0.0001659,1.16,-0.830595899168,1.15999999996,-7.89493245349e-12
0.000166,1.16,-0.248689887142,1.15999999996,-3.8444133235e-12
0.0001661,1.16,0.459579860621,1.15999999996,9.17616143123e-14
0.0001662,1.16,0.934328942448,1.15999999996,3.91380502595e-12
0.0001663,1.16,0.934328942474,1.15999999996,7.6220133216e-12
0.0001664,1.16,0.459579860684,1.15999999996,1.12167639955e-11
0.0001665,1.16,-0.248689887075,1.15999999997,1.46985129789e-11
0.0001666,1.16,-0.830595899132,1.15999999997,1.80677920081e-11
0.0001667,1.16,-0.990461425715,1.15999999997,2.1325206009e-11
0.0001668,1.16,-0.647055961687,1.15999999997,2.44714304996e-11
0.0001669,1.16,0.0251300952705,1.15999999997,2.75072090124e-11
0.000167,1.16,0.684547105789,1.15999999997,3.04333505378e-11
0.0001671,1.16,0.996133609125,1.15999999997,3.32507269902e-11
0.0001672,1.16,0.801566985006,1.15999999997,3.59602706973e-11
0.0001673,1.16,0.199709980752,1.15999999997,3.85629719156e-11
0.0001674,1.16,-0.503623201413,1.15999999998,4.10598763716e-11
0.0001675,1.16,-0.951056516211,1.15999999998,4.34520828303e-11
0.0001676,1.16,-0.915241172737,1.15999999998,4.57407406933e-11
0.0001677,1.16,-0.414375581267,1.15999999998,4.79270476255e-11
0.0001678,1.16,0.297041581277,1.15999999998,5.00122472136e-11
0.0001679,1.16,0.857526656026,1.15999999998,5.19976266555e-11
0.000168,1.16,0.982287250792,1.15999999998,5.38845144826e-11
0.0001681,1.16,0.607930297973,1.15999999998,5.56742783157e-11
0.0001682,1.16,-0.0753268051688,1.15999999998,5.73683226547e-11
0.0001683,1.16,-0.720309024631,1.15999999998,5.89680867039e-11
0.0001684,1.16,-0.999289472626,1.15999999999,6.04750422322e-11
0.0001685,1.16,-0.770513243024,1.15999999999,6.18906914706e-11
0.0001686,1.16,-0.150225589514,1.15999999999,6.32165650456e-11
0.0001687,1.16,0.546394346395,1.15999999999,6.4454219951e-11
0.0001688,1.16,0.965381638726,1.15999999999,6.56052375572e-11
0.0001689,1.16,0.893841424339,1.15999999999,6.66712216591e-11
0.000169,1.16,0.36812455308,1.15999999999,6.7653796563e-11
0.0001691,1.16,-0.34464292277,1.15999999999,6.85546052128e-11
0.0001692,1.16,-0.88229122623,1.15999999999,6.93753073551e-11
0.0001693,1.16,-0.971631733019,1.15999999999,7.01175777458e-11
0.0001694,1.16,-0.567268949493,1.15999999999,7.07831043952e-11
0.0001695,1.16,0.125333233119,1.15999999999,7.13735868543e-11
0.0001696,1.16,0.75425138044,1.16,7.18907345419e-11
0.0001697,1.16,0.99992104421,1.16,7.23362651115e-11
0.0001698,1.16,0.737513117667,1.16,7.27119028604e-11
0.0001699,1.16,0.100361715308,1.16,7.3019377178e-11
0.00017,1.16,-0.58778525192,1.16,7.32604210365e-11
0.0001701,1.16,-0.97726812347,1.16,7.34367695219e-11
0.0001702,1.16,-0.870183754897,1.16,7.35501584057e-11
0.0001703,1.16,-0.320943610245,1.16,7.36023227578e-11
0.0001704,1.16,0.391373666412,1.16,7.35949956001e-11
0.0001705,1.16,0.904827052269,1.16,7.35299066006e-11
0.0001706,1.16,0.958521789149,1.16,7.34087808081e-11
0.0001707,1.16,0.525174630353,1.16,7.3233337427e-11
0.0001708,1.16,-0.175023058524,1.16,7.30052886326e-11
0.0001709,1.16,-0.786288431854,1.16,7.27263384258e-11
0.000171,1.16,-0.998026728457,1.16,7.23981815279e-11
0.0001711,1.16,-0.702649970121,1.16,7.20225023141e-11
0.0001712,1.16,-0.0502443186291,1.16,7.16009737868e-11
0.0001713,1.16,0.627691360943,1.16,7.11352565871e-11
0.0001714,1.16,0.986685944136,1.16000000001,7.0626998045e-11
0.0001715,1.16,0.844327925738,1.16000000001,7.00778312671e-11
0.0001716,1.16,0.272951935938,1.16000000001,6.94893742625e-11
0.0001717,1.16,-0.437115766262,1.16000000001,6.88632291057e-11
0.0001718,1.16,-0.925077206672,1.16000000001,6.82009811365e-11
0.0001719,1.16,-0.942990536034,1.16000000001,6.75041981955e-11
0.000172,1.16,-0.481753674469,1.16000000001,6.67744298968e-11
0.0001721,1.16,0.224270760545,1.16000000001,6.6013206935e-11
0.0001722,1.16,0.81633925048,1.16000000001,6.52220404277e-11
0.0001723,1.16,0.993611310566,1.16000000001,6.44024212928e-11
0.0001724,1.16,0.666011867732,1.16000000001,6.35558196586e-11
0.0001725,1.16,3.93841570918e-10,1.16000000001,6.2683684309e-11
0.0001726,1.16,-0.666011867144,1.16000000001,6.178744216e-11
0.0001727,1.16,-0.993611310477,1.16000000001,6.08684977698e-11
0.0001728,1.16,-0.816339250935,1.16000000001,5.99282328801e-11
0.0001729,1.16,-0.224270761311,1.16000000001,5.89680059886e-11
0.000173,1.16,0.481753673782,1.16000000001,5.79891519528e-11
0.0001731,1.16,0.942990535774,1.16000000001,5.69929816229e-11
0.0001732,1.16,0.925077206968,1.16000000001,5.59807815056e-11
0.0001733,1.16,0.437115766962,1.16000000001,5.49538134553e-11
0.0001734,1.16,-0.272951935191,1.16000000001,5.39133143951e-11
0.0001735,1.16,-0.844327925324,1.16000000001,5.28604960645e-11
0.0001736,1.16,-0.986685944261,1.16000000001,5.17965447944e-11
0.0001737,1.16,-0.627691361539,1.16000000001,5.07226213095e-11
0.0001738,1.16,0.0502443178683,1.16000000001,4.96398605552e-11
0.0001739,1.16,0.702649969582,1.16000000001,4.85493715512e-11
0.000174,1.16,0.99802672841,1.16000000001,4.74522372686e-11
0.0001741,1.16,0.786288432317,1.16000000001,4.6349514532e-11
0.0001742,1.16,0.175023059255,1.16000000001,4.52422339444e-11
0.0001743,1.16,-0.525174629725,1.16000000001,4.41313998352e-11
0.0001744,1.16,-0.95852178894,1.16000000001,4.30179902308e-11
0.0001745,1.16,-0.904827052578,1.16000000001,4.19029568454e-11
0.0001746,1.16,-0.391373667073,1.16000000001,4.07872250949e-11
0.0001747,1.16,0.320943609571,1.16000000001,3.96716941291e-11
0.0001748,1.16,0.87018375455,1.16000000001,3.85572368848e-11
0.0001749,1.16,0.977268123618,1.16000000001,3.74447001579e-11
0.000175,1.16,0.587785252477,1.16000000001,3.63349046934e-11
0.0001751,1.16,-0.100361714631,1.16000000001,3.52286452944e-11
0.0001752,1.16,-0.737513117213,1.16000000001,3.41266909469e-11
0.0001753,1.16,-0.999921044201,1.16000000001,3.30297849628e-11
0.0001754,1.16,-0.754251380868,1.16000000001,3.19386451381e-11
0.0001755,1.16,-0.125333233757,1.16000000001,3.08539639269e-11
0.0001756,1.16,0.567268948973,1.16000000001,2.97764086298e-11
0.0001757,1.16,0.971631732872,1.16000000001,2.8706621598e-11
0.0001758,1.16,0.882291226517,1.16000000001,2.76452204495e-11
0.0001759,1.16,0.344642923332,1.16000000001,2.65927982995e-11
0.000176,1.16,-0.368124552535,1.16000000001,2.55499240033e-11
0.0001761,1.16,-0.893841424082,1.16000000001,2.45171424111e-11
0.0001762,1.16,-0.965381638872,1.16000000001,2.34949746344e-11
0.0001763,1.16,-0.546394346853,1.16000000001,2.24839183232e-11
0.0001764,1.16,0.150225588987,1.16000000001,2.14844479543e-11
0.0001765,1.16,0.770513242694,1.16000000001,2.04970151285e-11
0.0001766,1.16,0.999289472645,1.16000000001,1.9522048878e-11
0.0001767,1.16,0.720309024969,1.16000000001,1.85599559824e-11
0.0001768,1.16,0.0753268056384,1.16000000001,1.7611121293e-11
0.0001769,1.16,-0.607930297611,1.16000000001,1.66759080651e-11
0.000177,1.16,-0.98228725071,1.16000000001,1.57546582977e-11
0.0001771,1.16,-0.857526656242,1.16000000001,1.48476930798e-11
0.0001772,1.16,-0.297041581661,1.16000000001,1.39553129439e-11
0.0001773,1.16,0.414375580918,1.16000000001,1.30777982241e-11
0.0001774,1.16,0.91524117259,1.16000000001,1.22154094215e-11
0.0001775,1.16,0.951056516317,1.16000000001,1.13683875729e-11
0.0001776,1.16,0.503623201693,1.16000000001,1.05369546254e-11
0.0001777,1.16,-0.199709980454,1.16000000001,9.72131381469e-12
0.0001778,1.16,-0.801566984837,1.16000000001,8.92165004691e-12
0.0001779,1.16,-0.996133609148,1.16000000001,8.13813028438e-12
0.000178,1.16,-0.684547105962,1.16000000001,7.37090393395e-12
0.0001781,1.16,-0.0251300954849,1.16000000001,6.62010323798e-12
0.0001782,1.16,0.647055961541,1.16000000001,5.88584366759e-12
0.0001783,1.16,0.990461425692,1.16000000001,5.16822431768e-12
0.0001784,1.16,0.830595899211,1.16000000001,4.46732830338e-12
0.0001785,1.16,0.248689887188,1.16000000001,3.78322315764e-12
0.0001786,1.16,-0.459579860604,1.16000000001,3.11596122954e-12
0.0001787,1.16,-0.934328942451,1.16000000001,2.46558008309e-12
0.0001788,1.16,-0.934328942461,1.16000000001,1.832102896e-12
0.0001789,1.16,-0.459579860629,1.16000000001,1.21553885834e-12
0.000179,1.16,0.248689887161,1.16000000001,6.15883570628e-13
0.0001791,1.16,0.830595899196,1.16000000001,3.31194410425e-14
0.0001792,1.16,0.990461425696,1.16000000001,-5.32783918405e-13
0.0001793,1.16,0.647055961564,1.16000000001,-1.08186929715e-12
0.0001794,1.16,-0.0251300954535,1.16000000001,-1.61419149302e-12
0.0001795,1.16,-0.684547105938,1.16000000001,-2.12981692106e-12
0.0001796,1.16,-0.996133609145,1.16,-2.62882322463e-12
0.0001797,1.16,-0.801566984859,1.16,-3.11129888884e-12
0.0001798,1.16,-0.199709980493,1.16,-3.57734285671e-12
0.0001799,1.16,0.503623201658,1.16,-4.02706414816e-12
0.00018,1.16,0.951056516304,1.16,-4.46058148214e-12
0.0001801,1.16,0.915241172609,1.16,-4.87802290208e-12
0.0001802,1.16,0.414375580963,1.16,-5.27952540479e-12
0.0001803,1.16,-0.297041581611,1.16,-5.66523457314e-12
0.0001804,1.16,-0.857526656213,1.16,-6.03530421253e-12
0.0001805,1.16,-0.982287250721,1.16,-6.3898959915e-12
0.0001806,1.16,-0.607930297661,1.16,-6.72917908651e-12
0.0001807,1.16,0.0753268055719,1.16,-7.05332983114e-12
0.0001808,1.16,0.72030902492,1.16,-7.36253136974e-12
0.0001809,1.16,0.999289472642,1.16,-7.65697331585e-12
0.000181,1.16,0.770513242744,1.16,-7.93685141534e-12
0.0001811,1.16,0.15022558907,1.16,-8.20236721453e-12
0.0001812,1.16,-0.546394346779,1.16,-8.45372773336e-12
0.0001813,1.16,-0.965381638847,1.16,-8.69114514366e-12
0.0001814,1.16,-0.893841424126,1.16,-8.91483645276e-12
0.0001815,1.16,-0.368124552631,1.16,-9.1250231924e-12
0.0001816,1.16,0.34464292323,1.16,-9.32193111313e-12
0.0001817,1.16,0.882291226463,1.16,-9.50578988423e-12
0.0001818,1.16,0.9716317329,1.16,-9.67683279922e-12
0.0001819,1.16,0.567268949076,1.16,-9.83529648708e-12
0.000182,1.16,-0.125333233626,1.16,-9.98142062916e-12
0.0001821,1.16,-0.754251380778,1.16,-1.0115447682e-11
0.0001822,1.16,-0.999921044203,1.16,-1.02376226058e-11
0.0001823,1.16,-0.737513117314,1.16,-1.0348192599e-11
0.0001824,1.16,-0.100361714786,1.16,-1.04474068387e-11
0.0001825,1.16,0.587785252346,1.16,-1.0535516227e-11
0.0001826,1.16,0.977268123582,1.16,-1.06127731432e-11
0.0001827,1.16,0.870183754637,1.16,-1.06794312027e-11
0.0001828,1.16,0.320943609743,1.16,-1.07357450206e-11
0.0001829,1.16,-0.391373666899,1.16,-1.07819699831e-11
0.000183,1.16,-0.904827052495,1.16,-1.0818362023e-11
0.0001831,1.16,-0.958521788998,1.16,-1.08451774031e-11
0.0001832,1.16,-0.525174629903,1.16,-1.08626725042e-11
0.0001833,1.16,0.175023059042,1.16,-1.087110362e-11
0.0001834,1.16,0.786288432179,1.16,-1.08707267577e-11
0.0001835,1.16,0.998026728424,1.16,-1.08617974445e-11
0.0001836,1.16,0.70264996975,1.16,-1.08445705402e-11
0.0001837,1.16,0.050244318112,1.16,-1.08193000562e-11
0.0001838,1.16,-0.627691361344,1.16,-1.07862389793e-11
0.0001839,1.16,-0.986685944219,1.16,-1.07456391026e-11
0.000184,1.16,-0.844327925466,1.16,-1.06977508618e-11
0.0001841,1.16,-0.272951935453,1.16,-1.06428231768e-11
0.0001842,1.16,0.437115766711,1.16,-1.05811032999e-11
0.0001843,1.16,0.92507720686,1.16,-1.05128366692e-11
0.0001844,1.16,0.942990535871,1.16,-1.0438266768e-11
0.0001845,1.16,0.481753674045,1.16,-1.03576349893e-11
0.0001846,1.16,-0.224270761012,1.16,-1.02711805067e-11
0.0001847,1.16,-0.816339250754,1.16,-1.01791401498e-11
0.0001848,1.16,-0.993611310513,1.16,-1.00817482859e-11
0.0001849,1.16,-0.666011867387,1.16,-9.97923670674e-12
0.000185,1.16,6.18436976171e-11,1.16,-9.87183452017e-12
0.0001851,1.16,0.66601186748,1.16,-9.75976804788e-12
0.0001852,1.16,0.993611310527,1.16,-9.64326072762e-12
0.0001853,1.16,0.816339250683,1.16,-9.5225330208e-12
0.0001854,1.16,0.224270760892,1.16,-9.39780232508e-12
0.0001855,1.16,-0.481753674153,1.16,-9.26928289189e-12
0.0001856,1.16,-0.942990535912,1.16,-9.13718574881e-12
0.0001857,1.16,-0.925077206813,1.16,-9.00171862678e-12
0.0001858,1.16,-0.437115766601,1.16,-8.86308589195e-12
0.0001859,1.16,0.27295193557,1.16,-8.72148848223e-12
0.000186,1.16,0.844327925531,1.16,-8.57712384832e-12
0.0001861,1.16,0.986685944199,1.16,-8.43018589923e-12
0.0001862,1.16,0.62769136125,1.16,-8.28086495215e-12
0.0001863,1.16,-0.0502443182307,1.16,-8.12934768661e-12
0.0001864,1.16,-0.702649969835,1.16,-7.97581710285e-12
0.0001865,1.16,-0.998026728431,1.16,-7.82045248424e-12
0.0001866,1.16,-0.786288432107,1.16,-7.66342936379e-12
0.0001867,1.16,-0.175023058929,1.16,-7.50491949453e-12
0.0001868,1.16,0.52517463,1.16,-7.34509082377e-12
0.0001869,1.16,0.95852178903,1.16,-7.18410747104e-12
0.000187,1.16,0.904827052447,1.16,-7.02212970976e-12
0.0001871,1.16,0.391373666798,1.16,-6.8593139524e-12
0.0001872,1.16,-0.320943609847,1.16,-6.6958127392e-12
0.0001873,1.16,-0.87018375469,1.16,-6.53177473015e-12
0.0001874,1.16,-0.97726812356,1.16,-6.36734470036e-12
0.0001875,1.16,-0.587785252261,1.16,-6.20266353858e-12
0.0001876,1.16,0.100361714889,1.16,-6.03786824884e-12
0.0001877,1.16,0.737513117383,1.16,-5.87309195506e-12
0.0001878,1.16,0.999921044204,1.16,-5.70846390866e-12
0.0001879,1.16,0.754251380713,1.16,-5.54410949893e-12
0.000188,1.16,0.125333233531,1.16,-5.38015026618e-12
0.0001881,1.16,-0.567268949154,1.16,-5.21670391753e-12
0.0001882,1.16,-0.971631732922,1.16,-5.05388434524e-12
0.0001883,1.16,-0.882291226421,1.16,-4.89180164756e-12
0.0001884,1.16,-0.344642923147,1.16,-4.73056215195e-12
0.0001885,1.16,0.368124552711,1.16,-4.57026844056e-12
0.0001886,1.16,0.893841424164,1.16,-4.41101937794e-12
0.0001887,1.16,0.965381638826,1.16,-4.25291014095e-12
0.0001888,1.16,0.546394346713,1.16,-4.09603225056e-12
0.0001889,1.16,-0.150225589145,1.16,-3.94047360575e-12
0.000189,1.16,-0.770513242791,1.16,-3.78631851921e-12
0.0001891,1.16,-0.99928947264,1.16,-3.63364775484e-12
0.0001892,1.16,-0.720309024873,1.16,-3.48253856693e-12
0.0001893,1.16,-0.0753268055073,1.16,-3.33306474108e-12
0.0001894,1.16,0.60793029771,1.16,-3.1852966365e-12
0.0001895,1.16,0.982287250732,1.16,-3.03930122995e-12
0.0001896,1.16,0.857526656184,1.16,-2.89514216093e-12
0.0001897,1.16,0.297041581561,1.16,-2.75287977828e-12
0.0001898,1.16,-0.414375581008,1.16,-2.61257118802e-12
0.0001899,1.16,-0.915241172627,1.16,-2.47427030228e-12
0.00019,1.16,-0.951056516291,1.16,-2.33802788941e-12
0.0001901,1.16,-0.503623201624,1.16,-2.2038916251e-12
0.0001902,1.16,0.199709980527,1.16,-2.0719061444e-12
0.0001903,1.16,0.801566984878,1.16,-1.94211309471e-12
0.0001904,1.16,0.996133609142,1.16,-1.81455118952e-12
0.0001905,1.16,0.684547105921,1.16,-1.68925626294e-12
0.0001906,1.16,0.0251300954335,1.16,-1.5662613249e-12
0.0001907,1.16,-0.647055961576,1.16,-1.44559661699e-12
0.0001908,1.16,-0.990461425698,1.16,-1.32728966886e-12
0.0001909,1.16,-0.830595899192,1.16,-1.2113653551e-12
0.000191,1.16,-0.248689887158,1.16,-1.09784595261e-12
0.0001911,1.16,0.459579860627,1.16,-9.86751198295e-13
0.0001912,1.16,0.934328942459,1.16,-8.78098347149e-13
0.0001913,1.16,0.934328942455,1.16,-7.71902230552e-13
0.0001914,1.16,0.459579860618,1.16,-6.68175314834e-13
0.0001915,1.16,-0.248689887168,1.16,-5.66927759983e-13
0.0001916,1.16,-0.830595899197,1.16,-4.68167478474e-13
0.0001917,1.16,-0.990461425696,1.16,-3.71900194159e-13
0.0001918,1.16,-0.647055961568,1.16,-2.78129501181e-13
0.0001919,1.16,0.0251300954444,1.16,-1.86856922856e-13
0.000192,1.16,0.684547105929,1.16,-9.80819704789e-14
0.0001921,1.16,0.996133609143,1.16,-1.18022020094e-14
0.0001922,1.16,0.801566984871,1.16,7.19867193991e-14
0.0001923,1.16,0.199709980515,1.16,1.53290967079e-13
0.0001924,1.16,-0.503623201634,1.16,2.32118492767e-13
0.0001925,1.16,-0.951056516294,1.16,3.08478968812e-13
0.0001926,1.16,-0.915241172622,1.16,3.82383730691e-13
0.0001927,1.16,-0.414375580996,1.16,4.53845719891e-13
0.0001928,1.16,0.297041581574,1.16,5.22879427176e-13
0.0001929,1.16,0.857526656192,1.16,5.89500836277e-13
0.000193,1.16,0.982287250729,1.16,6.53727368041e-13
0.0001931,1.16,0.607930297698,1.16,7.1557782506e-13
0.0001932,1.16,-0.075326805523,1.16,7.75072336828e-13
0.0001933,1.16,-0.720309024884,1.16,8.32232305425e-13
0.0001934,1.16,-0.99928947264,1.16,8.8708035179e-13
0.0001935,1.16,-0.770513242779,1.16,9.39640262575e-13
0.0001936,1.16,-0.150225589127,1.16,9.89936937633e-13
0.0001937,1.16,0.546394346729,1.16,1.03799633815e-12
0.0001938,1.16,0.965381638831,1.16,1.08384543542e-12
0.0001939,1.16,0.893841424154,1.16,1.12751216035e-12
0.000194,1.16,0.368124552692,1.16,1.16902535365e-12
0.0001941,1.16,-0.344642923168,1.16,1.20841471675e-12
0.0001942,1.16,-0.882291226431,1.16,1.24571076342e-12
0.0001943,1.16,-0.971631732917,1.16,1.28094477226e-12
0.0001944,1.16,-0.567268949134,1.16,1.31414873986e-12
0.0001945,1.16,0.125333233556,1.16,1.3453553348e-12
0.0001946,1.16,0.75425138073,1.16,1.37459785242e-12
0.0001947,1.16,0.999921044204,1.16,1.40191017047e-12
0.0001948,1.16,0.737513117364,1.16,1.42732670552e-12
0.0001949,1.16,0.10036171486,1.16,1.45088237024e-12
0.000195,1.16,-0.587785252285,1.16,1.4726125315e-12
0.0001951,1.16,-0.977268123566,1.16,1.49255296942e-12
0.0001952,1.16,-0.870183754674,1.16,1.51073983711e-12
0.0001953,1.16,-0.320943609817,1.16,1.52720962146e-12
0.0001954,1.16,0.391373666828,1.16,1.5419991047e-12
0.0001955,1.16,0.904827052462,1.16,1.55514532685e-12
0.0001956,1.16,0.95852178902,1.16,1.5666855491e-12
0.0001957,1.16,0.52517462997,1.16,1.57665721803e-12
0.0001958,1.16,-0.175023058965,1.16,1.58509793074e-12
0.0001959,1.16,-0.78628843213,1.16,1.59204540089e-12
0.000196,1.16,-0.998026728429,1.16,1.5975374256e-12
0.0001961,1.16,-0.702649969806,1.16,1.60161185324e-12
0.0001962,1.16,-0.0502443181898,1.16,1.60430655216e-12
0.0001963,1.16,0.627691361283,1.16,1.60565938027e-12
0.0001964,1.16,0.986685944206,1.16,1.60570815551e-12
0.0001965,1.16,0.844327925507,1.16,1.60449062723e-12
0.0001966,1.16,0.272951935527,1.16,1.60204444844e-12
0.0001967,1.16,-0.437115766642,1.16,1.59840714893e-12
0.0001968,1.16,-0.925077206831,1.16,1.59361610929e-12
0.0001969,1.16,-0.942990535896,1.16,1.58770853576e-12
0.000197,1.16,-0.48175367411,1.16,1.58072143602e-12
0.0001971,1.16,0.22427076094,1.16,1.57269159575e-12
0.0001972,1.16,0.816339250711,1.16,1.56365555611e-12
0.0001973,1.16,0.993611310521,1.16,1.55364959201e-12
0.0001974,1.16,0.666011867441,1.16,1.54270969128e-12
0.0001975,1.16,9.75058720009e-12,1.16,1.53087153465e-12
0.0001976,1.16,-0.666011867427,1.16,1.51817047648e-12
0.0001977,1.16,-0.993611310519,1.16,1.50464152644e-12
0.0001978,1.16,-0.816339250723,1.16,1.49031933188e-12
0.0001979,1.16,-0.224270760959,1.16,1.47523816102e-12
0.000198,1.16,0.481753674094,1.16,1.459431887e-12
0.0001981,1.16,0.94299053589,1.16,1.44293397259e-12
0.0001982,1.16,0.925077206838,1.16,1.42577745574e-12
0.0001983,1.16,0.437115766659,1.16,1.40799493587e-12
0.0001984,1.16,-0.272951935509,1.16,1.38961856088e-12
0.0001985,1.16,-0.844327925497,1.16,1.37068001494e-12
0.0001986,1.16,-0.986685944209,1.16,1.35121050694e-12
0.0001987,1.16,-0.627691361297,1.16,1.33124075969e-12
0.0001988,1.16,0.0502443181715,1.16,1.3108009998e-12
0.0001989,1.16,0.702649969793,1.16,1.28992094824e-12
0.000199,1.16,0.998026728428,1.16,1.2686298116e-12
0.0001991,1.16,0.786288432142,1.16,1.24695627398e-12
0.0001992,1.16,0.175023058983,1.16,1.22492848952e-12
0.0001993,1.16,-0.525174629955,1.16,1.20257407559e-12
0.0001994,1.16,-0.958521789015,1.16,1.17992010659e-12
0.0001995,1.16,-0.904827052469,1.16,1.15699310836e-12
0.0001996,1.16,-0.391373666844,1.16,1.13381905316e-12
0.0001997,1.16,0.320943609801,1.16,1.11042335528e-12
0.0001998,1.16,0.870183754666,1.16,1.08683086715e-12
0.0001999,1.16,0.97726812357,1.16,1.0630658761e-12
0.0002,1.16,0.587785252298,1.16,1.03915210156e-12
