time_s,cmd_V,out_V,tune_V,phase_error_cycles
0,0.8,0,0.8,0
1e-07,0.8,0.481753674102,0.8,0
2e-07,0.8,0.844327925502,0.8,0
3e-07,0.8,0.998026728428,0.8,0
4e-07,0.8,0.904827052466,0.8,0
5e-07,0.8,0.587785252292,0.8,0
6e-07,0.8,0.125333233564,0.8,0
7e-07,0.8,-0.368124552685,0.8,0
8e-07,0.8,-0.770513242776,0.8,0
9e-07,0.8,-0.982287250729,0.8,0
1e-06,0.8,-0.951056516295,0.8,0
1.1e-06,0.8,-0.684547105929,0.8,0
1.2e-06,0.8,-0.248689887165,0.8,0
1.3e-06,0.8,0.248689887165,0.8,0
1.4e-06,0.8,0.684547105929,0.8,0
1.5e-06,0.8,0.951056516295,0.8,0
1.6e-06,0.8,0.982287250729,0.8,0
1.7e-06,0.8,0.770513242776,0.8,0
1.8e-06,0.8,0.368124552685,0.8,0
1.9e-06,0.8,-0.125333233564,0.8,0
2e-06,0.8,-0.587785252292,0.8,0
2.1e-06,0.8,-0.904827052466,0.8,0
2.2e-06,0.8,-0.998026728428,0.8,0
2.3e-06,0.8,-0.844327925502,0.8,0
2.4e-06,0.8,-0.481753674102,0.8,0
2.5e-06,0.8,-4.89858719659e-16,0.8,0
2.6e-06,0.8,0.481753674102,0.8,0
2.7e-06,0.8,0.844327925502,0.8,0
2.8e-06,0.8,0.998026728428,0.8,0
2.9e-06,0.8,0.904827052466,0.8,0
3e-06,0.8,0.587785252292,0.8,0
3.1e-06,0.8,0.125333233564,0.8,0
3.2e-06,0.8,-0.368124552685,0.8,0
3.3e-06,0.8,-0.770513242776,0.8,0
3.4e-06,0.8,-0.982287250729,0.8,0
3.5e-06,0.8,-0.951056516295,0.8,0
3.6e-06,0.8,-0.684547105929,0.8,0
3.7e-06,0.8,-0.248689887165,0.8,0
3.8e-06,0.8,0.248689887165,0.8,0
3.9e-06,0.8,0.684547105929,0.8,0
4e-06,0.8,0.951056516295,0.8,0
4.1e-06,0.8,0.982287250729,0.8,0
4.2e-06,0.8,0.770513242776,0.8,0
4.3e-06,0.8,0.368124552685,0.8,0
4.4e-06,0.8,-0.125333233564,0.8,0
4.5e-06,0.8,-0.587785252292,0.8,0
4.6e-06,0.8,-0.904827052466,0.8,0
4.7e-06,0.8,-0.998026728428,0.8,0
4.8e-06,0.8,-0.844327925502,0.8,0
4.9e-06,0.8,-0.481753674102,0.8,0
5e-06,0.8,-9.79717439318e-16,0.8,0
5.1e-06,0.8,0.481753674102,0.8,0
5.2e-06,0.8,0.844327925502,0.8,0
5.3e-06,0.8,0.998026728428,0.8,0
5.4e-06,0.8,0.904827052466,0.8,0
5.5e-06,0.8,0.587785252292,0.8,0
5.6e-06,0.8,0.125333233564,0.8,0
5.7e-06,0.8,-0.368124552685,0.8,0
5.8e-06,0.8,-0.770513242776,0.8,0
5.9e-06,0.8,-0.982287250729,0.8,0
6e-06,0.8,-0.951056516295,0.8,0
6.1e-06,0.8,-0.684547105929,0.8,0
6.2e-06,0.8,-0.248689887165,0.8,0
6.3e-06,0.8,0.248689887165,0.8,0
6.4e-06,0.8,0.684547105929,0.8,0
6.5e-06,0.8,0.951056516295,0.8,0
6.6e-06,0.8,0.982287250729,0.8,0
6.7e-06,0.8,0.770513242776,0.8,0
6.8e-06,0.8,0.368124552685,0.8,0
6.9e-06,0.8,-0.125333233564,0.8,0
7e-06,0.8,-0.587785252292,0.8,0
7.1e-06,0.8,-0.904827052466,0.8,0
7.2e-06,0.8,-0.998026728428,0.8,0
7.3e-06,0.8,-0.844327925502,0.8,0
7.4e-06,0.8,-0.481753674102,0.8,0
7.5e-06,0.8,-1.46957615898e-15,0.8,0
7.6e-06,0.8,0.481753674102,0.8,0
7.7e-06,0.8,0.844327925502,0.8,0
7.8e-06,0.8,0.998026728428,0.8,0
7.9e-06,0.8,0.904827052466,0.8,0
8e-06,0.8,0.587785252292,0.8,0
8.1e-06,0.8,0.125333233564,0.8,0
8.2e-06,0.8,-0.368124552685,0.8,0
8.3e-06,0.8,-0.770513242776,0.8,0
8.4e-06,0.8,-0.982287250729,0.8,0
8.5e-06,0.8,-0.951056516295,0.8,0
8.6e-06,0.8,-0.684547105929,0.8,0
8.7e-06,0.8,-0.248689887165,0.8,0
8.8e-06,0.8,0.248689887165,0.8,0
8.9e-06,0.8,0.684547105929,0.8,0
9e-06,0.8,0.951056516295,0.8,0
9.1e-06,0.8,0.982287250729,0.8,0
9.2e-06,0.8,0.770513242776,0.8,0
9.3e-06,0.8,0.368124552685,0.8,0
9.4e-06,0.8,-0.125333233564,0.8,0
9.5e-06,0.8,-0.587785252292,0.8,0
9.6e-06,0.8,-0.904827052466,0.8,0
9.7e-06,0.8,-0.998026728428,0.8,0
9.8e-06,0.8,-0.844327925502,0.8,0
9.9e-06,0.8,-0.481753674102,0.8,0
1e-05,0.74,-1.95943487864e-15,0.8,0
1.01e-05,0.74,0.481268272327,0.798237852769,-0.00591185467547
1.02e-05,0.74,0.843139916629,0.796480890957,-0.0116477434466
1.03e-05,0.74,0.997702014205,0.794730348345,-0.0172082468855
1.04e-05,0.74,0.908552922512,0.792987417905,-0.0225940668997
1.05e-05,0.74,0.598881485005,0.791253252046,-0.027806022664
1.06e-05,0.74,0.144974166519,0.789528962875,-0.0328450465763
1.07e-05,0.74,-0.342944730886,0.787815622497,-0.0377121802429
1.08e-05,0.74,-0.747648420752,0.786114263323,-0.0424085704929
1.09e-05,0.74,-0.973005012065,0.784425878411,-0.0469354654263
1.1e-05,0.74,-0.966528871962,0.782751421822,-0.0512942104955
1.11e-05,0.74,-0.731174557519,0.781091808999,-0.0554862446253
1.12e-05,0.74,-0.323839566651,0.779447917163,-0.0595130963702
1.13e-05,0.74,0.158769775998,0.777820585736,-0.0633763801131
1.14e-05,0.74,0.603319418394,0.776210616767,-0.067077792307
1.15e-05,0.74,0.906476470592,0.774618775386,-0.0706191077599
1.16e-05,0.74,0.998736269572,0.773045790276,-0.0740021759666
1.17e-05,0.74,0.860008966862,0.771492354146,-0.0772289174872
1.18e-05,0.74,0.52356254291,0.769959124236,-0.0803013203753
1.19e-05,0.74,0.0676719535627,0.768446722822,-0.0832214366558
1.2e-05,0.74,-0.402856858109,0.766955737741,-0.085991378855
1.21e-05,0.74,-0.78087537544,0.765486722925,-0.0886133165832
1.22e-05,0.74,-0.98119917137,0.76404019895,-0.0910894731712
1.23e-05,0.74,-0.959550348343,0.762616653587,-0.0934221223628
1.24e-05,0.74,-0.72199103262,0.761216542374,-0.0956135850622
1.25e-05,0.74,-0.322929122119,0.759840289186,-0.0976662261396
1.26e-05,0.74,0.14763131176,0.758488286823,-0.099582451294
1.27e-05,0.74,0.584551239029,0.7571608976,-0.101364703975
1.28e-05,0.74,0.89105062648,0.755858453942,-0.103015462365
1.29e-05,0.74,0.999994302816,0.754581258992,-0.104537236419
1.3e-05,0.74,0.8883310962,0.753329587219,-0.105932564968
1.31e-05,0.74,0.581648248625,0.752103685034,-0.10720401288
1.32e-05,0.74,0.148025167317,0.750903771404,-0.108354168289
1.33e-05,0.74,-0.317285297142,0.749730038483,-0.10938563988
1.34e-05,0.74,-0.712863521772,0.748582652231,-0.110301054237
1.35e-05,0.74,-0.953175357887,0.747461753045,-0.111103053256
1.36e-05,0.74,-0.986895329149,0.746367456388,-0.111794291624
1.37e-05,0.74,-0.807620793916,0.745299853422,-0.11237743435
1.38e-05,0.74,-0.454801209449,0.744259011638,-0.112855154373
1.39e-05,0.74,-0.00483721560337,0.743244975493,-0.113230130224
1.4e-05,0.74,0.445601293229,0.742257767036,-0.113505043752
1.41e-05,0.74,0.800372916756,0.741297386549,-0.11368257792
1.42e-05,0.74,0.984305291089,0.740363813166,-0.113765414655
1.43e-05,0.74,0.95895720994,0.739457005513,-0.113756232766
1.44e-05,0.74,0.730439193832,0.738576902328,-0.113657705928
1.45e-05,0.74,0.34775234124,0.737723423089,-0.113472500717
1.46e-05,0.74,-0.107881000636,0.736896468634,-0.113203274725
1.47e-05,0.74,-0.540342581505,0.73609592178,-0.112852674717
1.48e-05,0.74,-0.858891974371,0.735321647937,-0.112423334867
1.49e-05,0.74,-0.997119898401,0.734573495717,-0.111917875043
1.5e-05,0.74,-0.926646755219,0.733851297545,-0.111338899162
1.51e-05,0.74,-0.662776401949,0.733154870253,-0.110688993598
1.52e-05,0.74,-0.261019070456,0.732484015682,-0.109970725653
1.53e-05,0.74,0.194699866247,0.731838521269,-0.109186642088
1.54e-05,0.74,0.60962145015,0.731218160635,-0.108339267714
1.55e-05,0.74,0.897837048067,0.73062269416,-0.107431104035
1.56e-05,0.74,0.99999573872,0.730051869559,-0.106464627955
1.57e-05,0.74,0.895407153861,0.729505422443,-0.105442290542
1.58e-05,0.74,0.60610021717,0.728983076883,-0.104366515841
1.59e-05,0.74,0.192071650295,0.728484545961,-0.103239699752
1.6e-05,0.74,-0.261230955486,0.72800953231,-0.102064208954
1.61e-05,0.74,-0.660568663872,0.727557728658,-0.100842379891
1.62e-05,0.74,-0.92406341057,0.727128818349,-0.0995765178065
1.63e-05,0.74,-0.997919218067,0.726722475873,-0.098268895831
1.64e-05,0.74,-0.86731552078,0.726338367371,-0.0969217541222
1.65e-05,0.74,-0.559287997838,0.725976151145,-0.0955372990559
1.66e-05,0.74,-0.13705776088,0.725635478154,-0.0941177024667
1.67e-05,0.74,0.312988704482,0.7253159925,-0.0926651009383
1.68e-05,0.74,0.698981844967,0.725017331906,-0.0911815951418
1.69e-05,0.74,0.942296845034,0.724739128189,-0.0896692492214
1.7e-05,0.74,0.993518731944,0.724481007722,-0.0881300902269
1.71e-05,0.74,0.842416674438,0.724242591881,-0.0865661075918
1.72e-05,0.74,0.519928701302,0.724023497494,-0.0849792526561
1.73e-05,0.74,0.0917846014426,0.723823337269,-0.0833714382334
1.74e-05,0.74,-0.354911716038,0.723641720223,-0.0817445382195
1.75e-05,0.74,-0.72940026161,0.723478252097,-0.0801003872452
1.76e-05,0.74,-0.955683539782,0.723332535756,-0.0784407803678
1.77e-05,0.74,-0.987915838923,0.723204171591,-0.0767674728045
1.78e-05,0.74,-0.819656424528,0.723092757903,-0.0750821797038
1.79e-05,0.74,-0.485127598553,0.722997891282,-0.0733865759555
1.8e-05,0.74,-0.052237888335,0.722919166971,-0.0716822960383
1.81e-05,0.74,0.391205600508,0.722856179226,-0.0699709339027
1.82e-05,0.74,0.755298460665,0.722808521664,-0.06825404289
1.83e-05,0.74,0.966249985234,0.722775787601,-0.0665331356854
1.84e-05,0.74,0.981321260235,0.722757570384,-0.0648096843047
1.85e-05,0.74,0.797471863396,0.722753463704,-0.0630851201127
1.86e-05,0.74,0.451969257082,0.722763061915,-0.0613608338741
1.87e-05,0.74,0.0148392342357,0.722785960324,-0.0596381758342
1.88e-05,0.74,-0.425315641103,0.722821755494,-0.0579184558293
1.89e-05,0.74,-0.779262057285,0.722870045513,-0.0562029434259
1.9e-05,0.74,-0.975216716346,0.722930430277,-0.0544928680877
1.91e-05,0.74,-0.973402491318,0.723002511745,-0.0527894193689
1.92e-05,0.74,-0.774130322671,0.7230858942,-0.0510937471335
1.93e-05,0.74,-0.417763905052,0.723180184485,-0.0494069618
1.94e-05,0.74,0.0234349813667,0.723284992245,-0.0477301346096
1.95e-05,0.74,0.459938626438,0.723399930153,-0.046064297917
1.96e-05,0.74,0.803106257902,0.723524614123,-0.044410445505
1.97e-05,0.74,0.983181775839,0.723658663522,-0.0427695329185
1.98e-05,0.74,0.96348435761,0.72380170137,-0.0411424778202
1.99e-05,0.74,0.747904018829,0.72395335453,-0.0395301603652
2e-05,0.74,0.380166033078,0.72411325389,-0.0379334235948
2.01e-05,0.74,-0.0650044140555,0.724281034538,-0.0363530738479
2.02e-05,0.74,-0.497039951395,0.724456335928,-0.0347898811887
2.03e-05,0.74,-0.82794337364,0.724638802037,-0.0332445798522
2.04e-05,0.74,-0.990215611073,0.724828081516,-0.0317178687031
2.05e-05,0.74,-0.95064714757,0.725023827827,-0.0302104117109
2.06e-05,0.74,-0.717151222181,0.725225699382,-0.0287228384377
2.07e-05,0.74,-0.337225591359,0.725433359665,-0.0272557445392
2.08e-05,0.74,0.111668204998,0.725646477352,-0.0258096922783
2.09e-05,0.74,0.537868794646,0.725864726419,-0.0243852110495
2.1e-05,0.74,0.854221242829,0.726087786249,-0.0229827979147
2.11e-05,0.74,0.995911325682,0.726315341725,-0.021602918148
2.12e-05,0.74,0.933776920702,0.726547083321,-0.0202460057908
2.13e-05,0.74,0.680356568909,0.72678270718,-0.0189124642146
2.14e-05,0.74,0.287411339447,0.727021915193,-0.0176026666921
2.15e-05,0.74,-0.164601825858,0.727264415068,-0.0163169569754
2.16e-05,0.74,-0.582974609475,0.727509920387,-0.0150556498806
2.17e-05,0.74,-0.881755439349,0.727758150664,-0.0138190318781
2.18e-05,0.74,-0.999426027908,0.728008831397,-0.0126073616886
2.19e-05,0.74,-0.911607761886,0.728261694104,-0.0114208708832
2.2e-05,0.74,-0.636165549321,0.728516476366,-0.0102597644878
2.21e-05,0.74,-0.229629846113,0.728772921857,-0.0091242215906
2.22e-05,0.74,0.224358908366,0.729030780368,-0.00801439595306
2.23e-05,0.74,0.632231484657,0.729289807825,-0.00693041662221
2.24e-05,0.74,0.90977342917,0.729549766308,-0.0058723885454
2.25e-05,0.74,0.999537557706,0.729810424058,-0.00484039318588
2.26e-05,0.74,0.882780250949,0.730071555479,-0.00383448913917
2.27e-05,0.74,0.583432118234,0.730332941141,-0.00285471274954
2.28e-05,0.74,0.163250399208,0.730594367771,-0.00190107872614
2.29e-05,0.74,-0.290877351497,0.730855628244,-0.000973580758327
2.3e-05,0.74,-0.684877693134,0.731116521568,-7.21921297814e-05
2.31e-05,0.74,-0.936982762758,0.731376852864,0.000803133669197
2.32e-05,0.74,-0.994729490831,0.731636433343,0.00165246233147
2.33e-05,0.74,-0.845926287283,0.731895080278,0.00247587812546
2.34e-05,0.74,-0.521284518835,0.732152616974,0.00327348329048
2.35e-05,0.74,-0.0881353306211,0.732408872727,0.00404539743543
2.36e-05,0.74,0.363494605802,0.732663682791,0.00479175694132
2.37e-05,0.74,0.73957732785,0.732916888334,0.00551271436777
2.38e-05,0.74,0.961669374138,0.733168336387,0.00620843786403
2.39e-05,0.74,0.98330728274,0.733417879801,0.00687911058479
2.4e-05,0.74,0.799778698805,0.733665377189,0.0075249301111
2.41e-05,0.74,0.449203593898,0.733910692876,0.00814610787665
2.42e-05,0.74,0.00466756412345,0.734153696833,0.00874286859984
2.43e-05,0.74,-0.44098019394,0.734394264623,0.00931544972178
2.44e-05,0.74,-0.794509208374,0.734632277333,0.00986410085061
2.45e-05,0.74,-0.981826228169,0.734867621509,0.0103890832123
2.46e-05,0.74,-0.963540103594,0.735100189085,0.0108906691081
2.47e-05,0.74,-0.743295353418,0.735329877315,0.0113691413793
2.48e-05,0.74,-0.367100777194,0.735556588699,0.011824792879
2.49e-05,0.74,0.0862367512081,0.735780230907,0.012257925951
2.5e-05,0.74,0.521593681106,0.7360007167,0.012668851917
2.51e-05,0.74,0.847484913368,0.736217963857,0.0130578905711
2.52e-05,0.74,0.995306888075,0.736431895088,0.0134253696819
2.53e-05,0.74,0.933816556221,0.736642437956,0.0137716245042
2.54e-05,0.74,0.675782161512,0.736849524792,0.0140969972971
2.55e-05,0.74,0.275380005227,0.73705309261,0.0144018368516
2.56e-05,0.74,-0.183142592333,0.737253083021,0.014686498027
2.57e-05,0.74,-0.603173424525,0.737449442148,0.0149513412951
2.58e-05,0.74,-0.896093056045,0.737642120533,0.0151967322937
2.59e-05,0.74,-0.999993429195,0.737831073052,0.0154230413888
2.6e-05,0.74,-0.892798438564,0.738016258824,0.0156306432461
2.61e-05,0.74,-0.596997628616,0.738197641119,0.015819916411
2.62e-05,0.74,-0.174968885526,0.738375187268,0.0159912428982
2.63e-05,0.74,0.284145824722,0.738548868571,0.0161450077899
2.64e-05,0.74,0.683256243407,0.738718660202,0.016281598844
2.65e-05,0.74,0.937861645908,0.738884541121,0.0164014061107
2.66e-05,0.74,0.993964279373,0.739046493978,0.0165048215592
2.67e-05,0.74,0.839555449671,0.739204505018,0.0165922387129
2.68e-05,0.74,0.50722341013,0.739358563993,0.0166640522948
2.69e-05,0.74,0.067308952376,0.739508664061,0.0167206578816
2.7e-05,0.74,-0.386960707461,0.739654801702,0.0167624515671
2.71e-05,0.74,-0.759222025895,0.739796976614,0.0167898296356
2.72e-05,0.74,-0.970425854016,0.73993519163,0.0168031882442
2.73e-05,0.74,-0.975645893453,0.740069452617,0.0168029231139
2.74e-05,0.74,-0.773665457352,0.740199768388,0.0167894292312
2.75e-05,0.74,-0.407290096541,0.74032615061,0.0167631005576
2.76e-05,0.74,0.0456984637228,0.740448613707,0.0167243297496
2.77e-05,0.74,0.48904051895,0.740567174776,0.0166735078867
2.78e-05,0.74,0.828451838458,0.74068185349,0.016611024209
2.79e-05,0.74,0.991685956705,0.740792672011,0.0165372658644
2.8e-05,0.74,0.943933220392,0.7408996549,0.0164526176637
2.81e-05,0.74,0.695269368243,0.741002829028,0.0163574618455
2.82e-05,0.74,0.298554171997,0.741102223485,0.0162521778495
2.83e-05,0.74,-0.161786888279,0.7411978695,0.0161371420988
2.84e-05,0.74,-0.587720552461,0.741289800346,0.0160127277906
2.85e-05,0.74,-0.888484716227,0.741378051261,0.015879304696
2.86e-05,0.74,-0.999940427675,0.741462659359,0.0157372389676
2.87e-05,0.74,-0.898267633097,0.741543663549,0.0155868929563
2.88e-05,0.74,-0.605075917143,0.741621104451,0.0154286250359
2.89e-05,0.74,-0.182829336071,0.741695024316,0.0152627894357
2.9e-05,0.74,0.278449620838,0.741765466944,0.0150897360821
2.91e-05,0.74,0.680368788958,0.741832477603,0.0149098104474
2.92e-05,0.74,0.93715777799,0.741896102956,0.0147233534065
2.93e-05,0.74,0.993982104789,0.741956390978,0.0145307011019
2.94e-05,0.74,0.838666637619,0.742013390884,0.0143321848161
2.95e-05,0.74,0.504318557074,0.742067153053,0.0141281308509
2.96e-05,0.74,0.0622817023494,0.742117728955,0.0139188604154
2.97e-05,0.74,-0.393080473559,0.742165171077,0.0137046895202
2.98e-05,0.74,-0.764528523545,0.742209532856,0.0134859288791
2.99e-05,0.74,-0.972716638503,0.742250868605,0.0132628838176
3e-05,0.74,-0.973150388077,0.742289233448,0.0130358541891
3.01e-05,0.74,-0.765706072897,0.742324683251,0.0128051342967
3.02e-05,0.74,-0.394672729689,0.74235727456,0.0125710128227
3.03e-05,0.74,0.0606973651213,0.74238706453,0.0123337727633
3.04e-05,0.74,0.503114539749,0.742414110871,0.0120936913714
3.05e-05,0.74,0.838039066897,0.742438471779,0.011851040104
3.06e-05,0.74,0.993887591357,0.742460205881,0.0116060845762
3.07e-05,0.74,0.937338376002,0.742479372172,0.0113590845218
3.08e-05,0.74,0.680461358523,0.742496029963,0.0111102937587
3.09e-05,0.74,0.278146039324,0.74251023882,0.0108599601606
3.1e-05,0.74,-0.183625434355,0.742522058514,0.0106083256336
3.11e-05,0.74,-0.606154638021,0.742531548966,0.0103556260992
3.12e-05,0.74,-0.8991246744,0.742538770193,0.0101020914813
3.13e-05,0.74,-0.999908582451,0.742543782264,0.00984794569918
3.14e-05,0.74,-0.886959462628,0.742546645244,0.00959340666489
3.15e-05,0.74,-0.584418595508,0.742547419154,0.00933868628591
3.16e-05,0.74,-0.156955673729,0.742546163919,0.00908399047206
3.17e-05,0.74,0.304055891598,0.742542939327,0.00882951914711
3.18e-05,0.74,0.700072639203,0.742537804984,0.00857546626476
3.19e-05,0.74,0.946446998333,0.742530820274,0.00832201982888
3.2e-05,0.74,0.990521382542,0.742522044318,0.00806936191776
3.21e-05,0.74,0.822882181977,0.742511535934,0.00781766871244
3.22e-05,0.74,0.479368406796,0.742499353601,0.00756711052877
3.23e-05,0.74,0.0334068317453,0.742485555422,0.00731785185325
3.24e-05,0.74,-0.419686262261,0.742470199089,0.0070700513823
3.25e-05,0.74,-0.783079575073,0.74245334185,0.00682386206509
3.26e-05,0.74,-0.979121481461,0.742435040476,0.0065794311496
3.27e-05,0.74,-0.965931626565,0.74241535123,0.00633690023177
3.28e-05,0.74,-0.746344433528,0.74239432984,0.00609640530778
3.29e-05,0.74,-0.367295297235,0.742372031467,0.00585807682919
3.3e-05,0.74,0.0902165589412,0.74234851068,0.00562203976083
3.31e-05,0.74,0.528440869808,0.742323821428,0.00538841364134
3.32e-05,0.74,0.853763214275,0.742298017021,0.00515731264628
3.33e-05,0.74,0.996702305627,0.742271150099,0.00492884565354
3.34e-05,0.74,0.926745965919,0.742243272615,0.00470311631113
3.35e-05,0.74,0.65885858933,0.742214435813,0.00448022310704
3.36e-05,0.74,0.250273437603,0.742184690207,0.00426025944121
3.37e-05,0.74,-0.211741140509,0.742154085564,0.0040433136994
3.38e-05,0.74,-0.628525104341,0.742122670884,0.00382946932882
3.39e-05,0.74,-0.911095838256,0.742090494389,0.00361880491552
3.4e-05,0.74,-0.999143248728,0.742057603498,0.00341139426336
3.41e-05,0.74,-0.873896379044,0.742024044824,0.00320730647443
3.42e-05,0.74,-0.562117706932,0.741989864152,0.00300660603088
3.43e-05,0.74,-0.130376806128,0.741955106433,0.00280935287796
3.44e-05,0.74,0.329169628781,0.741919815766,0.00261560250829
3.45e-05,0.74,0.718452384595,0.741884035397,0.00242540604718
3.46e-05,0.74,0.954417762182,0.7418478077,0.00223881033888
3.47e-05,0.74,0.986742963615,0.741811174176,0.00205585803377
3.48e-05,0.74,0.808560969288,0.741774175444,0.00187658767623
3.49e-05,0.74,0.457910721901,0.741736851231,0.00170103379333
3.5e-05,0.74,0.00960826867361,0.74169924037,0.00152922698399
3.51e-05,0.74,-0.440722211591,0.741661380797,0.0013611940087
3.52e-05,0.74,-0.797047689744,0.741623309541,0.00119695787972
3.53e-05,0.74,-0.983403578817,0.741585062727,0.0010365379515
3.54e-05,0.74,-0.960082970545,0.74154667557,0.00087995001147
3.55e-05,0.74,-0.732088820822,0.741508182378,0.000727206370943
3.56e-05,0.74,-0.34805168602,0.741469616546,0.000578315956161
3.57e-05,0.74,0.110150956434,0.741431010557,0.000433284399341
3.58e-05,0.74,0.544856222272,0.741392395989,0.000292114129695
3.59e-05,0.74,0.863433151871,0.741353803507,0.000154804464333
3.6e-05,0.74,0.998018295679,0.741315262874,2.13516989727e-05
3.61e-05,0.74,0.919965437876,0.741276802946,-0.000108250801582
3.62e-05,0.74,0.645934209775,0.741238451682,-0.000234012513291
3.63e-05,0.74,0.234325379664,0.741200236144,-0.000355945663092
3.64e-05,0.74,-0.227172525626,0.741162182503,-0.000474065139555
3.65e-05,0.74,-0.640268178814,0.741124316044,-0.000588388404029
3.66e-05,0.74,-0.917001721438,0.741086661174,-0.000698935402331
3.67e-05,0.74,-0.998469795306,0.741049241422,-0.000805728477043
3.68e-05,0.74,-0.8673560562,0.741012079453,-0.000908792280463
3.69e-05,0.74,-0.55160313912,0.740975197072,-0.00100815368825
3.7e-05,0.74,-0.118449321853,0.740938615231,-0.00110384171383
3.71e-05,0.74,0.339895696593,0.740902354037,-0.0011958874236
3.72e-05,0.74,0.725883047069,0.740866432765,-0.00128432385294
3.73e-05,0.74,0.957384582991,0.740830869862,-0.00136918592319
3.74e-05,0.74,0.985162740326,0.740795682956,-0.00145051035942
3.75e-05,0.74,0.8033353865,0.740760888871,-0.00152833560929
3.76e-05,0.74,0.450613111681,0.740726503634,-0.00160270176282
3.77e-05,0.74,0.00205051311485,0.740692542484,-0.00167365047321
3.78e-05,0.74,-0.446929298635,0.740659019884,-0.00174122487876
3.79e-05,0.74,-0.800835584372,0.740625949534,-0.00180546952583
3.8e-05,0.74,-0.984417100902,0.740593344381,-0.00186643029298
3.81e-05,0.74,-0.958657506809,0.740561216628,-0.00192415431616
3.82e-05,0.74,-0.729060278466,0.740529577751,-0.00197868991523
3.83e-05,0.74,-0.34446545953,0.740498438506,-0.00203008652151
3.84e-05,0.74,0.113345792141,0.740467808946,-0.00207839460668
3.85e-05,0.74,0.547044952706,0.740437698429,-0.00212366561288
3.86e-05,0.74,0.864448078608,0.740408115635,-0.00216595188401
3.87e-05,0.74,0.998106896501,0.740379068576,-0.00220530659846
3.88e-05,0.74,0.919636221859,0.740350564608,-0.00224178370293
3.89e-05,0.74,0.645735489615,0.740322610449,-0.00227543784774
3.9e-05,0.74,0.234628467833,0.740295212188,-0.00230632432339
3.91e-05,0.74,-0.226318445946,0.740268375299,-0.00233449899843
3.92e-05,0.74,-0.639165305729,0.740242104655,-0.00236001825868
3.93e-05,0.74,-0.916207946083,0.740216404544,-0.00238293894789
3.94e-05,0.74,-0.998606424592,0.740191278678,-0.00240331830962
3.95e-05,0.74,-0.868876673651,0.740166730209,-0.00242121393062
3.96e-05,0.74,-0.554594563645,0.740142761745,-0.00243668368548
3.97e-05,0.74,-0.122528934539,0.740119375359,-0.00244978568272
3.98e-05,0.74,0.335547065759,0.740096572607,-0.00246057821222
3.99e-05,0.74,0.722350481733,0.740074354539,-0.00246911969408
4e-05,0.74,0.955747681495,0.740052721716,-0.00247546862877
4.01e-05,0.74,0.986191284746,0.74003167422,-0.00247968354879
4.02e-05,0.74,0.807233838667,0.74001121167,-0.00248182297156
4.03e-05,0.74,0.456888345494,0.739991333235,-0.00248194535382
4.04e-05,0.74,0.00954961135021,0.739972037648,-0.00248010904731
4.05e-05,0.74,-0.439805846084,0.73995332322,-0.00247637225584
4.06e-05,0.74,-0.795785228451,0.739935187852,-0.00247079299374
4.07e-05,0.74,-0.982828704623,0.739917629052,-0.00246342904566
4.08e-05,0.74,-0.96124455975,0.739900643944,-0.00245433792768
4.09e-05,0.74,-0.735628051819,0.739884229284,-0.0024435768498
4.1e-05,0.74,-0.353879171684,0.739868381472,-0.00243120267974
4.11e-05,0.74,0.102969926244,0.739853096567,-0.00241727190806
4.12e-05,0.74,0.537956876931,0.739838370297,-0.00240184061459
4.13e-05,0.74,0.858768474286,0.739824198077,-0.00238496443616
4.14e-05,0.74,0.997329808946,0.739810575015,-0.00236669853561
4.15e-05,0.74,0.924246755539,0.73979749593,-0.00234709757204
4.16e-05,0.74,0.655038408542,0.739784955361,-0.00232621567239
4.17e-05,0.74,0.246838707359,0.739772947583,-0.00230410640421
4.18e-05,0.74,-0.213731130861,0.739761466617,-0.00228082274967
4.19e-05,0.74,-0.628944739197,0.73975050624,-0.00225641708076
4.2e-05,0.74,-0.910706290354,0.739740060001,-0.00223094113578
4.21e-05,0.74,-0.999240232421,0.739730121232,-0.00220444599686
4.22e-05,0.74,-0.875770422898,0.739720683056,-0.00217698206882
4.23e-05,0.74,-0.566499789833,0.739711738403,-0.00214859905903
4.24e-05,0.74,-0.137047531958,0.739703280017,-0.00211934595849
4.25e-05,0.74,0.32147479278,0.739695300472,-0.00208927102397
4.26e-05,0.74,0.71179355433,0.739687792177,-0.00205842176133
4.27e-05,0.74,0.951108625139,0.739680747391,-0.00202684490979
4.28e-05,0.74,0.988656854011,0.739674158234,-0.00199458642735
4.29e-05,0.74,0.816478248556,0.739668016692,-0.00196169147725
4.3e-05,0.74,0.471101890209,0.739662314634,-0.00192820441539
4.31e-05,0.74,0.0257948370121,0.739657043815,-0.0018941687788
4.32e-05,0.74,-0.424981079601,0.739652195892,-0.00185962727505
4.33e-05,0.74,-0.785607114442,0.73964776243,-0.00182462177269
4.34e-05,0.74,-0.979589669553,0.73964373491,-0.00178919329253
4.35e-05,0.74,-0.965784665753,0.739640104743,-0.00175338199991
4.36e-05,0.74,-0.747123279994,0.739636863274,-0.00171722719785
4.37e-05,0.74,-0.369988754798,0.739634001794,-0.0016807673211
4.38e-05,0.74,0.0856230630345,0.739631511544,-0.00164403993098
4.39e-05,0.74,0.52307211485,0.73962938373,-0.00160708171113
4.4e-05,0.74,0.849572239603,0.739627609526,-0.00156992846402
4.41e-05,0.74,0.995871324574,0.739626180082,-0.00153261510833
4.42e-05,0.74,0.930939462727,0.739625086535,-0.00149517567698
4.43e-05,0.74,0.668549959641,0.739624320012,-0.00145764331606
4.44e-05,0.74,0.264357551343,0.739623871641,-0.00142005028437
4.45e-05,0.74,-0.195906335781,0.739623732556,-0.00138242795375
4.46e-05,0.74,-0.614617472974,0.739623893905,-0.00134480681002
4.47e-05,0.74,-0.902965116858,0.739624346854,-0.0013072164547
4.48e-05,0.74,-0.999788978621,0.739625082598,-0.00126968560729
4.49e-05,0.74,-0.884551611252,0.739626092361,-0.00123224210818
4.5e-05,0.74,-0.58169475753,0.739627367408,-0.00119491292223
4.51e-05,0.74,-0.155455579344,0.739628899048,-0.00115772414289
4.52e-05,0.74,0.303757909305,0.739630678639,-0.00112070099688
4.53e-05,0.74,0.698542589954,0.739632697594,-0.00108386784945
4.54e-05,0.74,0.945160076541,0.739634947386,-0.00104724821014
4.55e-05,0.74,0.991298647497,0.739637419554,-0.00101086473906
4.56e-05,0.74,0.827169776578,0.739640105707,-0.000974739253661
4.57e-05,0.74,0.487585377406,0.739642997528,-0.000938892735944
4.58e-05,0.74,0.0445748220132,0.739646086779,-0.000903345340166
4.59e-05,0.74,-0.407892633466,0.739649365307,-0.000868116400936
4.6e-05,0.74,-0.773839776376,0.739652825043,-0.000833224441737
4.61e-05,0.74,-0.975640055037,0.739656458011,-0.000798687183839
4.62e-05,0.74,-0.970484473349,0.73966025633,-0.000764521555586
4.63e-05,0.74,-0.759463593455,0.739664212217,-0.000730743702036
4.64e-05,0.74,-0.387337744081,0.739668317988,-0.000697368994941
4.65e-05,0.74,0.0669563466079,0.739672566066,-0.000664412043046
4.66e-05,0.74,0.507049224993,0.739676948983,-0.00063188670269
4.67e-05,0.74,0.839581279893,0.739681459376,-0.000599806088696
4.68e-05,0.74,0.994007874841,0.739686090001,-0.000568182585523
4.69e-05,0.74,0.937565606023,0.739690833724,-0.000537027858677
4.7e-05,0.74,0.682224425183,0.739695683532,-0.000506352866354
4.71e-05,0.74,0.282150236774,0.73970063253,-0.000476167871304
4.72e-05,0.74,-0.177784396469,0.739705673946,-0.000446482452897
4.73e-05,0.74,-0.600004640348,0.73971080113,-0.000417305519381
4.74e-05,0.74,-0.894933678746,0.739716007558,-0.00038864532031
4.75e-05,0.74,-0.999997434554,0.739721286833,-0.000360509459137
4.76e-05,0.74,-0.892901584844,0.739726632684,-0.000332904905939
4.77e-05,0.74,-0.596363559377,0.739732038971,-0.000305838010287
4.78e-05,0.74,-0.173294894837,0.739737499685,-0.000279314514221
4.79e-05,0.74,0.286544656012,0.739743008946,-0.000253339565332
4.8e-05,0.74,0.685590322685,0.739748561008,-0.000227917729932
4.81e-05,0.74,0.939172795758,0.739754150257,-0.000203053006302
4.82e-05,0.74,0.993483933517,0.739759771212,-0.000178748838002
4.83e-05,0.74,0.836995484974,0.739765418527,-0.000155008127231
4.84e-05,0.74,0.5029074129,0.73977108699,-0.00013183324823
4.85e-05,0.74,0.0621055714482,0.739776771522,-0.000109226060707
4.86e-05,0.74,-0.391877727544,0.739782467179,-8.71879232889e-05
4.87e-05,0.74,-0.762709634236,0.739788169153,-6.5719706962e-05
4.88e-05,0.74,-0.971698298112,0.739793872769,-4.48218085233e-05
4.89e-05,0.74,-0.974492345668,0.739799573486,-2.44941640053e-05
4.9e-05,0.74,-0.770494273454,0.739805266898,-4.73626207905e-06
4.91e-05,0.74,-0.402989547001,0.73981094873,1.445284258e-05
4.92e-05,0.74,0.0500367662607,0.739816614844,3.30745159713e-05
4.93e-05,0.74,0.492447758627,0.739822261231,5.11305315033e-05
4.94e-05,0.74,0.830355713166,0.739827884014,6.86230567906e-05
4.95e-05,0.74,0.992047184385,0.739833479448,8.55546405238e-05
4.96e-05,0.74,0.943203491366,0.739839043919,0.000101928199419
4.97e-05,0.74,0.694186019458,0.739844573939,0.000117747005256
4.98e-05,0.74,0.297839511357,0.739850066151,0.000133014672012
4.99e-05,0.74,-0.161721206714,0.739855517325,0.000147735143099
5e-05,0.74,-0.586961913143,0.739860924354,0.000161912678711
5.01e-05,0.74,-0.887628980668,0.739866284259,0.00017555184329
5.02e-05,0.74,-0.999905446305,0.739871594183,0.000188657493112
5.03e-05,0.74,-0.899957219608,0.739876851392,0.000201234764005
5.04e-05,0.74,-0.608993805538,0.739882053271,0.000213289059205
5.05e-05,0.74,-0.18876872937,0.739887197327,0.000224826037349
5.06e-05,0.74,0.27152600819,0.739892281182,0.000235851600618
5.07e-05,0.74,0.674190328976,0.739897302577,0.000246371883027
5.08e-05,0.74,0.933753562813,0.739902259365,0.000256393238881
5.09e-05,0.74,0.995117316333,0.739907149515,0.00026592223138
5.1e-05,0.74,0.845252391458,0.739911971104,0.000274965621398
5.11e-05,0.74,0.515966377893,0.739916722322,0.000283530356432
5.12e-05,0.74,0.0771537971019,0.739921401464,0.000291623559715
5.13e-05,0.74,-0.378039040441,0.739926006934,0.00029925251952
5.14e-05,0.74,-0.75298584388,0.739930537238,0.00030642467863
5.15e-05,0.74,-0.968091973196,0.739934990985,0.000313147623999
5.16e-05,0.74,-0.977691660049,0.739939366886,0.000319429076602
5.17e-05,0.74,-0.779743534713,0.739943663749,0.000325276881463
5.18e-05,0.74,-0.416265742511,0.73994788048,0.000330698997886
5.19e-05,0.74,0.0355823118606,0.739952016079,0.00033570348987
5.2e-05,0.74,0.479878891608,0.73995606964,0.000340298516724
5.21e-05,0.74,0.822302810615,0.739960040345,0.000344492323878
5.22e-05,0.74,0.990157515229,0.739963927469,0.000348293233891
5.23e-05,0.74,0.947805231284,0.73996773037,0.000351709637664
5.24e-05,0.74,0.704234207503,0.739971448495,0.000354749985842
5.25e-05,0.74,0.31115205189,0.73997508137,0.000357422780434
5.26e-05,0.74,-0.147990566134,0.739978628604,0.000359736566622
5.27e-05,0.74,-0.57571597833,0.739982089885,0.000361699924781
5.28e-05,0.74,-0.881214397946,0.739985464976,0.000363321462698
5.29e-05,0.74,-0.999623995215,0.739988753717,0.000364609808
5.3e-05,0.74,-0.905802665493,0.739991956018,0.00036557360078
5.31e-05,0.74,-0.61966725492,0.739995071862,0.000366221486429
5.32e-05,0.74,-0.201966229088,0.7399981013,0.000366562108676
5.33e-05,0.74,0.258617116122,0.740001044449,0.000366604102823
5.34e-05,0.74,0.664293035076,0.740003901491,0.000366356089188
5.35e-05,0.74,0.92892787529,0.740006672671,0.000365826666751
5.36e-05,0.74,0.996332477153,0.740009358293,0.000365024406995
5.37e-05,0.74,0.852193232615,0.740011958722,0.000363957847953
5.38e-05,0.74,0.527112261048,0.740014474377,0.000362635488449
5.39e-05,0.74,0.090110840297,0.740016905734,0.000361065782542
5.4e-05,0.74,-0.36602485154,0.740019253319,0.000359257134163
5.41e-05,0.74,-0.744444426661,0.740021517711,0.000357217891945
5.42e-05,0.74,-0.96479749493,0.740023699537,0.000354956344252
5.43e-05,0.74,-0.980294946999,0.74002579947,0.000352480714395
5.44e-05,0.74,-0.787644496492,0.74002781823,0.000349799156038
5.45e-05,0.74,-0.427750585271,0.740029756578,0.000346919748794
5.46e-05,0.74,0.022970244404,0.740031615318,0.000343850494007
5.47e-05,0.74,0.46881470965,0.740033395292,0.000340599310718
5.48e-05,0.74,0.815113816382,0.74003509738,0.000337174031805
5.49e-05,0.74,0.98833470654,0.740036722499,0.00033358240032
5.5e-05,0.74,0.951694879107,0.740038271599,0.000329832065984
5.51e-05,0.74,0.712973128573,0.740039745661,0.000325930581868
5.52e-05,0.74,0.322858425877,0.7400411457,0.000321885401244
5.53e-05,0.74,-0.135812865977,0.740042472757,0.000317703874607
5.54e-05,0.74,-0.565646225917,0.740043727903,0.000313393246861
5.55e-05,0.74,-0.875369821746,0.740044912231,0.00030896065467
5.56e-05,0.74,-0.999215555393,0.740046026861,0.000304413123977
5.57e-05,0.74,-0.910884804379,0.740047072935,0.000299757567674
5.58e-05,0.74,-0.629133196794,0.740048051615,0.000295000783434
5.59e-05,0.74,-0.21378837776,0.740048964084,0.000290149451695
5.6e-05,0.74,0.246953760514,0.74004981154,0.000285210133794
5.61e-05,0.74,0.655256893658,0.740050595201,0.00028018927025
5.62e-05,0.74,0.924419391776,0.740051316297,0.000275093179189
5.63e-05,0.74,0.997285220928,0.740051976073,0.000269928054918
5.64e-05,0.74,0.858381064509,0.740052575787,0.000264699966632
5.65e-05,0.74,0.537202296263,0.740053116707,0.000259414857254
5.66e-05,0.74,0.101949948542,0.74005360011,0.000254078542419
5.67e-05,0.74,-0.354951454751,0.740054027282,0.000248696709577
5.68e-05,0.74,-0.736479982037,0.740054399516,0.000243274917229
5.69e-05,0.74,-0.961618737032,0.740054718111,0.000237818594283
5.7e-05,0.74,-0.982559741667,0.74005498437,0.000232333039536
5.71e-05,0.74,-0.794855998213,0.7400551996,0.000226823421265
5.72e-05,0.74,-0.43836590923,0.740055365109,0.000221294776945
5.73e-05,0.74,0.0112105259072,0.740055482209,0.000215752013062
5.74e-05,0.74,0.458406476165,0.74005555221,0.000210199905053
5.75e-05,0.74,0.808260545355,0.740055576422,0.000204643097335
5.76e-05,0.74,0.986481730311,0.740055556151,0.000199086103444
5.77e-05,0.74,0.955225042928,0.740055492704,0.000193533306276
5.78e-05,0.74,0.721127844325,0.740055387382,0.000187988958414
5.79e-05,0.74,0.333900381519,0.74005524148,0.00018245718256
5.8e-05,0.74,-0.124230163689,0.74005505629,0.000176941972046
5.81e-05,0.74,-0.555980547016,0.740054833095,0.00017144719144
5.82e-05,0.74,-0.869669435155,0.740054573174,0.000165976577233
5.83e-05,0.74,-0.99868576896,0.740054277794,0.000160533738605
5.84e-05,0.74,-0.915633435132,0.740053948217,0.000155122158273
5.85e-05,0.74,-0.638148665536,0.740053585693,0.000149745193409
5.86e-05,0.74,-0.225154886116,0.740053191461,0.000144406076638
5.87e-05,0.74,0.235649660998,0.740052766752,0.000139107917097
5.88e-05,0.74,0.646414497601,0.740052312783,0.000133853701564
5.89e-05,0.74,0.91991519611,0.740051830759,0.000128646295654
5.9e-05,0.74,0.99807514722,0.740051321874,0.000123488445068
5.91e-05,0.74,0.864297783642,0.740050787306,0.00011838277691
5.92e-05,0.74,0.546990599064,0.740050228221,0.000113331801049
5.93e-05,0.74,0.113532717022,0.74004964577,0.000108337911543
5.94e-05,0.74,-0.344032952604,0.740049041088,0.000103403388107
5.95e-05,0.74,-0.728544695082,0.740048415296,9.85303976311e-05
5.96e-05,0.74,-0.958353784575,0.740047769499,9.37209957418e-05
5.97e-05,0.74,-0.984662029016,0.740047104785,8.89771284086e-05
5.98e-05,0.74,-0.801883568634,0.740046422226,8.43006335875e-05
5.99e-05,0.74,-0.448830730764,0.740045722876,7.96932429032e-05
6e-05,0.74,-0.000472222722767,0.740045007774,7.51565833664e-05
6.01e-05,0.74,0.447986152485,0.740044277939,7.06921791233e-05
6.02e-05,0.74,0.801317837486,0.740043534373,6.63014532359e-05
6.03e-05,0.74,0.984496094009,0.740042778059,6.19857294902e-05
6.04e-05,0.74,0.958625139544,0.740042009962,5.77462342297e-05
6.05e-05,0.74,0.729199058613,0.74004123103,5.35840982134e-05
6.06e-05,0.74,0.344934871435,0.740040442189,4.95003584948e-05
6.07e-05,0.74,-0.112572346985,0.740039644349,4.54959603198e-05
6.08e-05,0.74,-0.546175563206,0.740038838398,4.1571759043e-05
6.09e-05,0.74,-0.863804006373,0.740038025206,3.77285220585e-05
6.1e-05,0.74,-0.998013304914,0.740037205625,3.3966930744e-05
6.11e-05,0.74,-0.920306310087,0.740036380483,3.02875824169e-05
6.12e-05,0.74,-0.647183817472,0.740035550594,2.66909922994e-05
6.13e-05,0.74,-0.236640492397,0.740034716748,2.31775954915e-05
6.14e-05,0.74,0.224149841131,0.740033879716,1.97477489501e-05
6.15e-05,0.74,0.637344581021,0.74003304025,1.64017334721e-05
6.16e-05,0.74,0.91520790574,0.740032199082,1.31397556802e-05
6.17e-05,0.74,0.998740099581,0.740031356924,9.96195000924e-06
6.18e-05,0.74,0.87020501766,0.740030514469,6.86838069236e-06
6.19e-05,0.74,0.556895755855,0.740029672387,3.85904374456e-06
6.2e-05,0.74,0.125339054965,0.740028831333,9.33868942582e-07
6.21e-05,0.74,-0.332830845092,0.740027991938,-1.90727820034e-06
6.22e-05,0.74,-0.720329354524,0.740027154816,-4.66459446638e-06
6.23e-05,0.74,-0.954878239764,0.74002632056,-7.33833697296e-06
6.24e-05,0.74,-0.98667579623,0.740025489745,-9.92882122185e-06
6.25e-05,0.74,-0.808971062174,0.740024662925,-1.24364191588e-05
6.26e-05,0.74,-0.459496926285,0.740023840636,-1.48615572451e-05
6.27e-05,0.74,-0.0124579479357,0.740023023394,-1.72047145417e-05
6.28e-05,0.74,0.437225770653,0.740022211696,-1.94664208077e-05
6.29e-05,0.74,0.79407307816,0.740021406023,-2.16472546141e-05
6.3e-05,0.74,0.982315199351,0.740020606833,-2.37478414736e-05
6.31e-05,0.74,0.9619834652,0.740019814568,-2.57688519872e-05
6.32e-05,0.74,0.737395521723,0.740019029652,-2.77110000101e-05
6.33e-05,0.74,0.356238250453,0.74001825249,-2.95750408353e-05
6.34e-05,0.74,-0.100557769799,0.74001748347,-3.13617693983e-05
6.35e-05,0.74,-0.536002232743,0.740016722961,-3.3072018502e-05
6.36e-05,0.74,-0.857638818788,0.740015971316,-3.47066570636e-05
6.37e-05,0.74,-0.997176039068,0.740015228871,-3.62665883831e-05
6.38e-05,0.74,-0.924987094354,0.740014495942,-3.77527484359e-05
6.39e-05,0.74,-0.656400123743,0.740013772833,-3.91661041886e-05
6.4e-05,0.74,-0.248443358151,0.740013059829,-4.05076519391e-05
6.41e-05,0.74,0.21226363699,0.740012357197,-4.17784156816e-05
6.42e-05,0.74,0.627901560449,0.740011665191,-4.2979445498e-05
6.43e-05,0.74,0.910220785187,0.740010984048,-4.41118159743e-05
6.44e-05,0.74,0.999278733908,0.74001031399,-4.5176624644e-05
6.45e-05,0.74,0.876166873888,0.740009655224,-4.61749904588e-05
6.46e-05,0.74,0.567025168003,0.740009007941,-4.71080522867e-05
6.47e-05,0.74,0.137491711637,0.740008372319,-4.7976967437e-05
6.48e-05,0.74,-0.321233891783,0.74000774852,-4.87829102151e-05
6.49e-05,0.74,-0.711754298825,0.740007136693,-4.95270705044e-05
6.5e-05,0.74,-0.951153958521,0.740006536973,-5.02106523777e-05
6.51e-05,0.74,-0.988603711515,0.740005949482,-5.08348727378e-05
6.52e-05,0.74,-0.816152674252,0.740005374328,-5.14009599868e-05
6.53e-05,0.74,-0.470416138049,0.740004811606,-5.1910152725e-05
6.54e-05,0.74,-0.0248011871734,0.740004261401,-5.23636984805e-05
6.55e-05,0.74,0.426079235322,0.740003723782,-5.27628524667e-05
6.56e-05,0.74,0.786494563729,0.740003198808,-5.31088763719e-05
6.57e-05,0.74,0.979922008145,0.740002686527,-5.34030371767e-05
6.58e-05,0.74,0.965293661738,0.740002186974,-5.36466060036e-05
6.59e-05,0.74,0.745715796204,0.740001700173,-5.38408569949e-05
6.6e-05,0.74,0.367809141341,0.74000122614,-5.39870662219e-05
6.61e-05,0.74,-0.088189713103,0.740000764876,-5.40865106235e-05
6.62e-05,0.74,-0.525464086266,0.740000316377,-5.41404669755e-05
6.63e-05,0.74,-0.851173115751,0.739999880624,-5.41502108894e-05
6.64e-05,0.74,-0.996163423357,0.739999457592,-5.4117015841e-05
6.65e-05,0.74,-0.929651433074,0.739999047246,-5.40421522296e-05
6.66e-05,0.74,-0.665759080014,0.739998649541,-5.39268864661e-05
6.67e-05,0.74,-0.260515325196,0.739998264424,-5.37724800909e-05
6.68e-05,0.74,0.200039841564,0.739997891834,-5.35801889215e-05
6.69e-05,0.74,0.61812315473,0.739997531702,-5.3351262229e-05
6.7e-05,0.74,0.90496902298,0.739997183949,-5.30869419434e-05
6.71e-05,0.74,0.999675799153,0.739996848492,-5.27884618885e-05
6.72e-05,0.74,0.882136035747,0.739996525237,-5.24570470445e-05
6.73e-05,0.74,0.577305471828,0.739996214087,-5.20939128393e-05
6.74e-05,0.74,0.149904425252,0.739995914936,-5.17002644679e-05
6.75e-05,0.74,-0.309323394241,0.739995627671,-5.12772962398e-05
6.76e-05,0.74,-0.702877163151,0.739995352175,-5.08261909532e-05
6.77e-05,0.74,-0.947199787011,0.739995088322,-5.03481192969e-05
6.78e-05,0.74,-0.990418223879,0.739994835985,-4.98442392793e-05
6.79e-05,0.74,-0.823356784336,0.739994595028,-4.93156956834e-05
6.8e-05,0.74,-0.481485159138,0.739994365311,-4.8763619548e-05
6.81e-05,0.74,-0.0373876148623,0.739994146689,-4.81891276757e-05
6.82e-05,0.74,0.414647718424,0.739993939013,-4.75933221648e-05
6.83e-05,0.74,0.77864754144,0.739993742129,-4.69772899678e-05
6.84e-05,0.74,0.977329813525,0.73999355588,-4.63421024738e-05
6.85e-05,0.74,0.968511729492,0.739993380105,-4.56888151159e-05
6.86e-05,0.74,0.754065629131,0.739993214637,-4.50184670013e-05
6.87e-05,0.74,0.37952140361,0.73999305931,-4.43320805667e-05
6.88e-05,0.74,-0.075600163366,0.739992913951,-4.36306612556e-05
6.89e-05,0.74,-0.514670742112,0.739992778386,-4.29151972185e-05
6.9e-05,0.74,-0.844469925624,0.739992652438,-4.21866590358e-05
6.91e-05,0.74,-0.994977118729,0.739992535928,-4.14459994625e-05
6.92e-05,0.74,-0.934237781353,0.739992428674,-4.06941531938e-05
6.93e-05,0.74,-0.675147744541,0.739992330492,-3.99320366524e-05
6.94e-05,0.74,-0.272715217483,0.739992241197,-3.91605477962e-05
6.95e-05,0.74,0.187618189874,0.739992160601,-3.83805659456e-05
6.96e-05,0.74,0.60811782403,0.739992088516,-3.75929516311e-05
6.97e-05,0.74,0.899506293973,0.739992024752,-3.67985464601e-05
6.98e-05,0.74,0.999918176399,0.739991969118,-3.59981730019e-05
6.99e-05,0.74,0.888034803955,0.739991921423,-3.51926346916e-05
7e-05,0.74,0.58761046423,0.739991881473,-3.43827157516e-05
7.01e-05,0.74,0.162429048412,0.739991849077,-3.35691811306e-05
7.02e-05,0.74,-0.297238078545,0.73999182404,-3.27527764594e-05
7.03e-05,0.74,-0.693797820898,0.739991806169,-3.19342280235e-05
7.04e-05,0.74,-0.943055582946,0.739991795271,-3.11142427514e-05
7.05e-05,0.74,-0.99209082745,0.739991791152,-3.02935082186e-05
7.06e-05,0.74,-0.830492761397,0.739991793619,-2.9472692667e-05
7.07e-05,0.74,-0.492570675582,0.739991802478,-2.86524450384e-05
7.08e-05,0.74,-0.0500696559177,0.739991817539,-2.78333950227e-05
7.09e-05,0.74,0.403061789806,0.739991838609,-2.70161531199e-05
7.1e-05,0.74,0.770618169973,0.739991865497,-2.6201310715e-05
7.11e-05,0.74,0.974562637529,0.739991898014,-2.53894401661e-05
7.12e-05,0.74,0.97159519463,0.739991935972,-2.45810949051e-05
7.13e-05,0.74,0.76234583616,0.739991979181,-2.37768095497e-05
7.14e-05,0.74,0.39124080946,0.739992027457,-2.29771000279e-05
7.15e-05,0.74,-0.0629296204213,0.739992080615,-2.21824637129e-05
7.16e-05,0.74,-0.503739324434,0.73999213847,-2.13933795691e-05
7.17e-05,0.74,-0.837598790206,0.739992200842,-2.06103083081e-05
7.18e-05,0.74,-0.993625366828,0.739992267551,-1.98336925547e-05
7.19e-05,0.74,-0.938692568772,0.739992338417,-1.90639570225e-05
7.2e-05,0.74,-0.68446327601,0.739992413265,-1.83015086982e-05
7.21e-05,0.74,-0.284913584286,0.739992491921,-1.75467370346e-05
7.22e-05,0.74,0.17512698625,0.739992574213,-1.68000141522e-05
7.23e-05,0.74,0.597985873036,0.739992659969,-1.60616950479e-05
7.24e-05,0.74,0.893884614793,0.739992749022,-1.53321178119e-05
7.25e-05,0.74,0.999999995786,0.739992841207,-1.4611603851e-05
7.26e-05,0.74,0.893802259331,0.73999293636,-1.3900458119e-05
7.27e-05,0.74,0.597838505793,0.73999303432,-1.31989693534e-05
7.28e-05,0.74,0.174945685091,0.739993134928,-1.25074103175e-05
7.29e-05,0.74,-0.285090484825,0.739993238029,-1.18260380485e-05
7.3e-05,0.74,-0.684598197311,0.739993343469,-1.1155094111e-05
7.31e-05,0.74,-0.938756581644,0.739993451098,-1.04948048547e-05
7.32e-05,0.74,-0.993604327283,0.739993560766,-9.84538167733e-06
7.33e-05,0.74,-0.837496430044,0.73999367233,-9.207021291e-06
7.34e-05,0.74,-0.503576627536,0.739993785645,-8.5799059931e-06
7.35e-05,0.74,-0.0627405776251,0.739993900571,-7.96420394025e-06
7.36e-05,0.74,0.391416222246,0.739994016973,-7.36006942565e-06
7.37e-05,0.74,0.762470024666,0.739994134714,-6.76764315922e-06
7.38e-05,0.74,0.971640925937,0.739994253664,-6.18705255038e-06
7.39e-05,0.74,0.97451895508,0.739994373694,-5.61841199309e-06
7.4e-05,0.74,0.770492969516,0.739994494678,-5.0618231529e-06
7.41e-05,0.74,0.402880457798,0.739994616493,-4.51737525568e-06
7.42e-05,0.74,-0.050269325945,0.739994739018,-3.98514537782e-06
7.43e-05,0.74,-0.492746287495,0.739994862138,-3.46519873754e-06
7.44e-05,0.74,-0.830606247516,0.739994985737,-2.95758898715e-06
7.45e-05,0.74,-0.992116640283,0.739995109705,-2.46235850595e-06
7.46e-05,0.74,-0.942986396274,0.739995233933,-1.97953869348e-06
7.47e-05,0.74,-0.693646475616,0.739995358316,-1.50915026294e-06
7.48e-05,0.74,-0.297035274779,0.73999548275,-1.05120353456e-06
7.49e-05,0.74,0.162640920241,0.739995607138,-6.05698728633e-07
7.5e-05,0.74,0.587786129786,0.739995731381,-1.72626257972e-07
7.51e-05,0.74,0.888135732586,0.739995855387,2.48032980314e-07
7.52e-05,0.74,0.999920992377,0.739995979064,6.56307314043e-07
7.53e-05,0.74,0.899408141486,0.739996102325,1.05223400633e-06
7.54e-05,0.74,0.607937460867,0.739996225085,1.43585896731e-06
7.55e-05,0.74,0.187392468643,0.739996347261,1.80723646743e-06
7.56e-05,0.74,-0.2729388403,0.739996468774,2.1664288524e-06
7.57e-05,0.74,-0.675321160621,0.739996589548,2.51350626012e-06
7.58e-05,0.74,-0.934322563267,0.739996709509,2.84854633959e-06
7.59e-05,0.74,-0.994953016788,0.739996828585,3.17163397214e-06
7.6e-05,0.74,-0.844339651045,0.73999694671,3.48286099498e-06
7.61e-05,0.74,-0.514459912804,0.739997063817,3.78232592726e-06
7.62e-05,0.74,-0.075352306251,0.739997179843,4.07013369887e-06
7.63e-05,0.74,0.379753832255,0.739997294729,4.34639538202e-06
7.64e-05,0.74,0.754232357029,0.739997408416,4.61122792573e-06
7.65e-05,0.74,0.968575559184,0.739997520851,4.86475389344e-06
7.66e-05,0.74,0.977274926132,0.739997631981,5.10710120374e-06
7.67e-05,0.74,0.778483355262,0.739997741756,5.33840287448e-06
7.68e-05,0.74,0.414407367966,0.739997850129,5.55879677013e-06
7.69e-05,0.74,-0.0376539643122,0.739997957055,5.76842535284e-06
7.7e-05,0.74,-0.48172081708,0.739998062492,5.96743543693e-06
7.71e-05,0.74,-0.823510655531,0.7399981664,6.15597794711e-06
7.72e-05,0.74,-0.990455940996,0.739998268741,6.33420768054e-06
7.73e-05,0.74,-0.947111416371,0.739998369481,6.50228307262e-06
7.74e-05,0.74,-0.702679745752,0.739998468586,6.6603659668e-06
7.75e-05,0.74,-0.309057680128,0.739998566026,6.80862138831e-06
7.76e-05,0.74,0.150182433683,0.739998661771,6.94721732194e-06
7.77e-05,0.74,0.577536406891,0.739998755797,7.07632449401e-06
7.78e-05,0.74,0.882269942875,0.739998848077,7.1961161584e-06
7.79e-05,0.74,0.999683034513,0.739998938592,7.30676788683e-06
7.8e-05,0.74,0.904846870963,0.739999027319,7.40845736339e-06
7.81e-05,0.74,0.617896672113,0.739999114242,7.50136418337e-06
7.82e-05,0.74,0.199756682304,0.739999199344,7.58566965639e-06
7.83e-05,0.74,-0.2607950335,0.73999928261,7.66155661393e-06
7.84e-05,0.74,-0.665975640723,0.739999364029,7.72920922116e-06
7.85e-05,0.74,-0.929758469291,0.739999443589,7.78881279324e-06
7.86e-05,0.74,-0.996137935805,0.739999521282,7.84055361602e-06
7.87e-05,0.74,-0.851020498175,0.739999597102,7.88461877116e-06
7.88e-05,0.74,-0.525216983597,0.739999671041,7.9211959657e-06
7.89e-05,0.74,-0.0879009575958,0.739999743097,7.95047336606e-06
7.9e-05,0.74,0.368077976398,0.739999813267,7.97263943653e-06
7.91e-05,0.74,0.745907717783,0.739999881551,7.98788278214e-06
7.92e-05,0.74,0.965368532204,0.73999994795,7.99639199604e-06
7.93e-05,0.74,0.979865087602,0.740000012466,7.99835551127e-06
7.94e-05,0.74,0.786319464714,0.740000075102,7.99396145693e-06
7.95e-05,0.74,0.425824678209,0.740000135865,7.98339751887e-06
7.96e-05,0.74,-0.0250800540206,0.740000194759,7.9668508046e-06
7.97e-05,0.74,-0.470659890412,0.740000251794,7.94450771269e-06
7.98e-05,0.74,-0.816310520563,0.740000306977,7.91655380649e-06
7.99e-05,0.74,-0.988644302635,0.740000360319,7.88317369215e-06
8e-05,0.74,-0.951071746207,0.740000411832,7.8445509009e-06
8.01e-05,0.74,-0.711570116249,0.740000461528,7.80086777569e-06
8.02e-05,0.74,-0.3209897418,0.740000509421,7.75230536192e-06
8.03e-05,0.74,0.137742377432,0.740000555524,7.69904330244e-06
8.04e-05,0.74,0.567229409478,0.740000599853,7.64125973669e-06
8.05e-05,0.74,0.876283737417,0.740000642426,7.57913120395e-06
8.06e-05,0.74,0.99928769238,0.740000683259,7.5128325506e-06
8.07e-05,0.74,0.910125347068,0.74000072237,7.44253684145e-06
8.08e-05,0.74,0.627727401179,0.740000759779,7.36841527507e-06
8.09e-05,0.74,0.212051876812,0.740000795506,7.29063710297e-06
8.1e-05,0.74,-0.248646012219,0.74000082957,7.20936955271e-06
8.11e-05,0.74,-0.656551990052,0.740000861994,7.12477775481e-06
8.12e-05,0.74,-0.925060414024,0.7400008928,7.03702467342e-06
8.13e-05,0.74,-0.997162186927,0.740000922009,6.94627104076e-06
8.14e-05,0.74,-0.857548805431,0.740000949646,6.85267529516e-06
8.15e-05,0.74,-0.535862637629,0.740000975734,6.75639352268e-06
8.16e-05,0.74,-0.100403334366,0.740001000297,6.6575794024e-06
8.17e-05,0.74,0.356373388752,0.74000102336,6.55638415502e-06
8.18e-05,0.74,0.737485735301,0.740001044949,6.45295649505e-06
8.19e-05,0.74,0.962016784909,0.74000106509,6.34744258623e-06
8.2e-05,0.74,0.982294596631,0.740001083807,6.23998600031e-06
8.21e-05,0.74,0.794013815837,0.740001101129,6.13072767908e-06
8.22e-05,0.74,0.437149785043,0.740001117081,6.01980589957e-06
8.23e-05,0.74,-0.0125289257913,0.740001131691,5.90735624228e-06
8.24e-05,0.74,-0.459547530634,0.740001144986,5.79351156255e-06
8.25e-05,0.74,-0.808996022592,0.740001156994,5.67840196491e-06
8.26e-05,0.74,-0.986680259754,0.740001167742,5.56215478021e-06
8.27e-05,0.74,-0.954874706361,0.740001177259,5.44489454577e-06
8.28e-05,0.74,-0.720332240307,0.740001185573,5.32674298821e-06
8.29e-05,0.74,-0.332850400591,0.740001192713,5.20781900895e-06
8.3e-05,0.74,0.125301515249,0.740001198705,5.08823867249e-06
8.31e-05,0.74,0.556849688677,0.74000120358,4.96811519713e-06
8.32e-05,0.74,0.870168746722,0.740001207366,4.8475589483e-06
8.33e-05,0.74,0.99873546398,0.74000121009,4.72667743424e-06
8.34e-05,0.74,0.915252831416,0.740001211783,4.60557530416e-06
8.35e-05,0.74,0.637445699499,0.740001212472,4.4843543486e-06
8.36e-05,0.74,0.224297476789,0.740001212185,4.36311350211e-06
8.37e-05,0.74,-0.236473100087,0.740001210952,4.24194884806e-06
8.38e-05,0.74,-0.647036219646,0.740001208801,4.12095362558e-06
8.39e-05,0.74,-0.920222010245,0.74000120576,4.00021823851e-06
8.4e-05,0.74,-0.99802825882,0.740001201858,3.87983026639e-06
8.41e-05,0.74,-0.86393531454,0.740001197121,3.75987447724e-06
8.42e-05,0.74,-0.546413503801,0.740001191579,3.64043284231e-06
8.43e-05,0.74,-0.112878370253,0.740001185259,3.52158455254e-06
8.44e-05,0.74,0.344622848994,0.740001178188,3.40340603672e-06
8.45e-05,0.74,0.728954493857,0.740001170394,3.28597098134e-06
8.46e-05,0.74,0.958516113063,0.740001161904,3.16935035201e-06
8.47e-05,0.74,0.984567692413,0.740001152745,3.05361241639e-06
8.48e-05,0.74,0.80157802515,0.740001142943,2.9388227686e-06
8.49e-05,0.74,0.448399081952,0.740001132525,2.82504435502e-06
8.5e-05,0.74,1.70421192292e-05,0.740001121516,2.71233750144e-06
8.51e-05,0.74,-0.448368609717,0.740001109943,2.60075994142e-06
8.52e-05,0.74,-0.801557629093,0.740001097831,2.49036684601e-06
8.53e-05,0.74,-0.984561715796,0.740001085205,2.38121085449e-06
8.54e-05,0.74,-0.958525860086,0.74000107209,2.27334210626e-06
8.55e-05,0.74,-0.728977947092,0.740001058511,2.16680827383e-06
8.56e-05,0.74,-0.344655083277,0.740001044491,2.06165459669e-06
8.57e-05,0.74,0.11284416146,0.740001030055,1.95792391624e-06
8.58e-05,0.74,0.546384581593,0.740001015226,1.85565671147e-06
8.59e-05,0.74,0.863917864037,0.740001000026,1.75489113555e-06
8.6e-05,0.74,0.998026075175,0.740000984479,1.65566305322e-06
8.61e-05,0.74,0.920235678573,0.740000968608,1.55800607875e-06
8.62e-05,0.74,0.64706296512,0.740000952433,1.46195161478e-06
8.63e-05,0.74,0.2365073457,0.740000935976,1.36752889159e-06
8.64e-05,0.74,-0.224262955387,0.74000091926,1.27476500704e-06
8.65e-05,0.74,-0.637418259184,0.740000902303,1.18368496707e-06
8.66e-05,0.74,-0.91523840231,0.740000885127,1.09431172654e-06
8.67e-05,0.74,-0.998737274385,0.740000867751,1.00666623063e-06
8.68e-05,0.74,-0.870186605256,0.740000850196,9.20767456571e-07
8.69e-05,0.74,-0.556879982688,0.740000832479,8.366324557e-07
8.7e-05,0.74,-0.125337935451,0.74000081462,7.54276395858e-07
8.71e-05,0.74,0.332815552783,0.740000796637,6.7371260401e-07
8.72e-05,0.74,0.72030643187,0.740000778547,5.94952609092e-07
8.73e-05,0.74,0.954863577952,0.740000760368,5.18006185029e-07
8.74e-05,0.74,0.986686396775,0.740000742117,4.42881393892e-07
8.75e-05,0.74,0.809018359309,0.74000072381,3.69584629151e-07
8.76e-05,0.74,0.459581524231,0.740000705464,2.98120658993e-07
8.77e-05,0.74,0.0125674754318,0.740000687093,2.28492669659e-07
8.78e-05,0.74,-0.437114858501,0.740000668714,1.60702308775e-07
8.79e-05,0.74,-0.793990036728,0.74000065034,9.47497286384e-08
8.8e-05,0.74,-0.982287214662,0.740000631986,3.06336294297e-08
8.81e-05,0.74,-0.962027617308,0.740000613667,-3.16486976859e-08
8.82e-05,0.74,-0.73751272655,0.740000595395,-9.21013275954e-08
8.83e-05,0.74,-0.356410993845,0.740000577183,-1.50729658444e-07
8.84e-05,0.74,0.100363012282,0.740000559044,-2.07540369038e-07
8.85e-05,0.74,0.535828187778,0.740000540991,-2.62541376474e-07
8.86e-05,0.74,0.85752767677,0.740000523035,-3.15741794018e-07
8.87e-05,0.74,0.997159074028,0.740000505186,-3.67151889271e-07
8.88e-05,0.74,0.925076212294,0.740000487457,-4.16783042623e-07
8.89e-05,0.74,0.656583553738,0.740000469858,-4.64647706048e-07
8.9e-05,0.74,0.248686778791,0.740000452399,-5.10759362244e-07
8.91e-05,0.74,-0.212010518632,0.740000435089,-5.55132484139e-07
8.92e-05,0.74,-0.627694285174,0.740000417938,-5.97782494804e-07
8.93e-05,0.74,-0.910107633663,0.740000400955,-6.38725727764e-07
8.94e-05,0.74,-0.999289312076,0.740000384148,-6.77979387754e-07
8.95e-05,0.74,-0.876304514068,0.740000367526,-7.15561511917e-07
8.96e-05,0.74,-0.5672650606,0.740000351095,-7.51490931476e-07
8.97e-05,0.74,-0.13778540053,0.740000334865,-7.85787233891e-07
8.98e-05,0.74,0.320948480354,0.74000031884,-8.18470725514e-07
8.99e-05,0.74,0.711539427915,0.740000303029,-8.4956239476e-07
9e-05,0.74,0.95105822312,0.740000287438,-8.79083875812e-07
9.01e-05,0.74,0.988650888555,0.740000272071,-9.07057412864e-07
9.02e-05,0.74,0.816335863014,0.740000256936,-9.33505824924e-07
9.03e-05,0.74,0.47069861888,0.740000242037,-9.5845247118e-07
9.04e-05,0.74,0.0251239277983,0.740000227379,-9.81921216945e-07
9.05e-05,0.74,-0.425784999132,0.740000212966,-1.0039364002e-06
9.06e-05,0.74,-0.786292409447,0.740000198804,-1.0245227987e-06
9.07e-05,0.74,-0.97985636202,0.740000184895,-1.04370559775e-06
9.08e-05,0.74,-0.965379899086,0.740000171243,-1.06151035853e-06
9.09e-05,0.74,-0.745936634481,0.740000157853,-1.07796298707e-06
9.1e-05,0.74,-0.368118166892,0.740000144726,-1.09308970386e-06
9.11e-05,0.74,0.0878581246228,0.740000131865,-1.10691701405e-06
9.12e-05,0.74,0.525180615714,0.740000119273,-1.11947167839e-06
9.13e-05,0.74,0.850998213089,0.740000106952,-1.13078068467e-06
9.14e-05,0.74,0.996134238862,0.740000094904,-1.14087121992e-06
9.15e-05,0.74,0.92977382645,0.74000008313,-1.14977064322e-06
9.16e-05,0.74,0.666006442315,0.740000071632,-1.15750645913e-06
9.17e-05,0.74,0.260834445196,0.740000060411,-1.16410629187e-06
9.18e-05,0.74,-0.199717181268,0.740000049467,-1.16959786003e-06
9.19e-05,0.74,-0.617865413143,0.740000038801,-1.17400895203e-06
9.2e-05,0.74,-0.904830202194,0.740000028414,-1.17736740219e-06
9.21e-05,0.74,-0.999684002985,0.740000018306,-1.1797010675e-06
9.22e-05,0.74,-0.882287733468,0.740000008476,-1.181037805e-06
9.23e-05,0.74,-0.577566643729,0.739999998924,-1.18140544984e-06
9.24e-05,0.74,-0.150218253929,0.739999989649,-1.18083179396e-06
9.25e-05,0.74,0.309024041734,0.739999980652,-1.17934456552e-06
9.26e-05,0.74,0.702655231678,0.739999971931,-1.17697140881e-06
9.27e-05,0.74,0.947100671872,0.739999963484,-1.17373986499e-06
9.28e-05,0.74,0.990460413008,0.739999955311,-1.16967735332e-06
9.29e-05,0.74,0.823528445921,0.73999994741,-1.16481115314e-06
9.3e-05,0.74,0.481747291711,0.739999939779,-1.1591683864e-06
9.31e-05,0.74,0.0376829447102,0.739999932417,-1.15277600088e-06
9.32e-05,0.74,-0.414382132288,0.739999925322,-1.14566075398e-06
9.33e-05,0.74,-0.778466789112,0.739999918491,-1.13784919721e-06
9.34e-05,0.74,-0.977269627952,0.739999911922,-1.12936766117e-06
9.35e-05,0.74,-0.968581410654,0.739999905613,-1.12024224127e-06
9.36e-05,0.74,-0.754246799411,0.739999899561,-1.11049878396e-06
9.37e-05,0.74,-0.379772700891,0.739999893763,-1.10016287359e-06
9.38e-05,0.74,0.0753336301029,0.739999888217,-1.08925981985e-06
9.39e-05,0.74,0.514445341034,0.73999988292,-1.07781464579e-06
9.4e-05,0.74,0.844331513886,0.739999877869,-1.06585207641e-06
9.41e-05,0.74,0.994951681222,0.73999987306,-1.05339652785e-06
9.42e-05,0.74,0.934326612401,0.739999868491,-1.04047209705e-06
9.43e-05,0.74,0.675328048584,0.739999864157,-1.02710255206e-06
9.44e-05,0.74,0.272945810452,0.739999860057,-1.01331132285e-06
9.45e-05,0.74,-0.187387481053,0.739999856185,-9.99121492614e-07
9.46e-05,0.74,-0.607935209424,0.739999852538,-9.84555789673e-07
9.47e-05,0.74,-0.899407914637,0.739999849114,-9.69636579828e-07
9.48e-05,0.74,-0.999920968833,0.739999845908,-9.5438585926e-07
9.49e-05,0.74,-0.888133737822,0.739999842916,-9.38825247908e-07
9.5e-05,0.74,-0.587780560608,0.739999840134,-9.22975983341e-07
9.51e-05,0.74,-0.162631543093,0.739999837559,-9.06858915109e-07
9.52e-05,0.74,0.297046924175,0.739999835186,-8.90494499563e-07
9.53e-05,0.74,0.693657260942,0.739999833012,-8.73902795133e-07
9.54e-05,0.74,0.942992328226,0.739999831033,-8.57103458057e-07
9.55e-05,0.74,0.992114039716,0.739999829244,-8.40115738553e-07
9.56e-05,0.74,0.830593019692,0.739999827641,-8.22958477421e-07
9.57e-05,0.74,0.492722936629,0.739999826221,-8.05650103062e-07
9.58e-05,0.74,0.0502393719735,0.739999824979,-7.88208628914e-07
9.59e-05,0.74,-0.402910867441,0.73999982391,-7.70651651283e-07
9.6e-05,0.74,-0.770516258557,0.739999823012,-7.52996347573e-07
9.61e-05,0.74,-0.974527908856,0.739999822278,-7.35259474891e-07
9.62e-05,0.74,-0.971630666787,0.739999821706,-7.17457369027e-07
9.63e-05,0.74,-0.762439666705,0.739999821291,-6.9960594379e-07
9.64e-05,0.74,-0.391369725133,0.739999821029,-6.81720690706e-07
9.65e-05,0.74,0.0627946821816,0.739999820915,-6.63816679047e-07
9.66e-05,0.74,0.503626707747,0.739999820946,-6.45908556195e-07
9.67e-05,0.74,0.837530196057,0.739999821117,-6.28010548335e-07
9.68e-05,0.74,0.993611743159,0.739999821424,-6.10136461445e-07
9.69e-05,0.74,0.938732575049,0.739999821862,-5.92299682604e-07
9.7e-05,0.74,0.684544474513,0.739999822429,-5.74513181581e-07
9.71e-05,0.74,0.285015909164,0.739999823118,-5.56789512711e-07
9.72e-05,0.74,-0.175026394207,0.739999823927,-5.39140817044e-07
9.73e-05,0.74,-0.597907609931,0.739999824852,-5.21578824758e-07
9.74e-05,0.74,-0.893842844377,0.739999825887,-5.04114857823e-07
9.75e-05,0.74,-0.999999999995,0.73999982703,-4.86759832909e-07
9.76e-05,0.74,-0.893840101368,0.739999828276,-4.69524264537e-07
9.77e-05,0.74,-0.597902704499,0.739999829621,-4.52418268442e-07
9.78e-05,0.74,-0.175020365184,0.739999831061,-4.35451565165e-07
9.79e-05,0.74,0.285021783718,0.739999832592,-4.18633483846e-07
9.8e-05,0.74,0.684548947061,0.739999834211,-4.01972966215e-07
9.81e-05,0.74,0.938734692388,0.739999835914,-3.85478570778e-07
9.82e-05,0.74,0.993611048748,0.739999837697,-3.69158477176e-07
9.83e-05,0.74,0.837526828087,0.739999839556,-3.53020490722e-07
9.84e-05,0.74,0.503621371943,0.739999841487,-3.37072047098e-07
9.85e-05,0.74,0.0627885045985,0.739999843487,-3.21320217211e-07
9.86e-05,0.74,-0.391375434805,0.739999845553,-3.05771712191e-07
9.87e-05,0.74,-0.762443691786,0.73999984768,-2.90432888528e-07
9.88e-05,0.74,-0.971632142014,0.739999849866,-2.75309753345e-07
9.89e-05,0.74,-0.974526505835,0.739999852107,-2.60407969789e-07
9.9e-05,0.74,-0.770512258602,0.739999854399,-2.45732862533e-07
9.91e-05,0.74,-0.402905105653,0.73999985674,-2.31289423396e-07
9.92e-05,0.74,0.0502456804255,0.739999859125,-2.17082317049e-07
9.93e-05,0.74,0.492728452089,0.739999861553,-2.03115886826e-07
9.94e-05,0.74,0.830596561876,0.739999864019,-1.89394160613e-07
9.95e-05,0.74,0.99211483985,0.739999866521,-1.75920856812e-07
9.96e-05,0.74,0.942990195661,0.739999869055,-1.62699390383e-07
9.97e-05,0.74,0.693652628146,0.739999871619,-1.49732878948e-07
9.98e-05,0.74,0.297040759488,0.73999987421,-1.37024148947e-07
9.99e-05,0.74,-0.162637937506,0.739999876825,-1.24575741853e-07
0.0001,0.74,-0.587785823593,0.739999879462,-1.12389920426e-07
0.0001001,0.74,-0.888136738929,0.739999882116,-1.00468675005e-07
0.0001002,0.74,-0.999921051216,0.739999884787,-8.88137298385e-08
0.0001003,0.74,-0.899405038916,0.739999887471,-7.74265494321e-08
0.0001004,0.74,-0.607929966896,0.739999890166,-6.63083449246e-08
0.0001005,0.74,-0.187380972292,0.73999989287,-5.54600804745e-08
0.0001006,0.74,0.272952206814,0.739999895579,-4.48824796574e-08
0.0001007,0.74,0.675332968344,0.739999898292,-3.45760318676e-08
0.0001008,0.74,0.934328997414,0.739999901007,-2.45409987186e-08
0.0001009,0.74,0.994951007663,0.739999903721,-1.47774204369e-08
0.000101,0.74,0.844327907709,0.739999906432,-5.28512224632e-09
0.0001011,0.74,0.51443955499,0.739999909139,3.93627926497e-09
0.0001012,0.74,0.0753268862717,0.739999911838,1.28873697962e-08
0.0001013,0.74,-0.379778970154,0.739999914529,2.15689310111e-08
0.0001014,0.74,-0.754251257047,0.739999917209,2.99819342437e-08
0.0001015,0.74,-0.968583101552,0.739999919877,3.81275342368e-08
0.0001016,0.74,-0.977268184853,0.73999992253,4.60070629181e-08
0.0001017,0.74,-0.778462513047,0.739999925168,5.36220232161e-08
0.0001018,0.74,-0.414375929665,0.739999927788,6.09740829217e-08
0.0001019,0.74,0.0376897553084,0.739999930389,6.80650685966e-08
0.000102,0.74,0.481753261719,0.73999993297,7.48969595338e-08
0.0001021,0.74,0.823532307242,0.739999935528,8.14718817731e-08
0.0001022,0.74,0.990461349689,0.739999938063,8.77921021736e-08
0.0001023,0.74,0.947098494268,0.739999940574,9.38600225474e-08
0.0001024,0.74,0.702650415431,0.739999943059,9.96781738575e-08
0.0001025,0.74,0.309017623309,0.739999945516,1.05249210481e-07
0.0001026,0.74,-0.150224902236,0.739999947945,1.10575904543e-07
0.0001027,0.74,-0.577572110172,0.739999950345,1.15661140319e-07
0.0001028,0.74,-0.88229087003,0.739999952714,1.20507908714e-07
0.0001029,0.74,-0.999684169527,0.739999955052,1.25119301818e-07
0.000103,0.74,-0.904827398907,0.739999957358,1.29498507537e-07
0.0001031,0.74,-0.617860273368,0.73999995963,1.33648804304e-07
0.0001032,0.74,-0.199710827501,0.739999961869,1.37573555874e-07
0.0001033,0.74,0.260840649355,0.739999964072,1.41276206204e-07
0.0001034,0.74,0.666011188959,0.73999996624,1.44760274413e-07
0.0001035,0.74,0.929776143497,0.739999968372,1.48029349833e-07
0.0001036,0.74,0.996133692541,0.739999970467,1.51087087147e-07
0.0001037,0.74,0.850994989752,0.739999972524,1.53937201617e-07
0.0001038,0.74,0.525175467206,0.739999974544,1.56583464401e-07
0.0001039,0.74,0.0878521919004,0.739999976525,1.59029697963e-07
0.000104,0.74,-0.368123610495,0.739999978467,1.61279771574e-07
0.0001041,0.74,-0.745940461909,0.73999998037,1.63337596909e-07
0.0001042,0.74,-0.965381368072,0.739999982233,1.65207123738e-07
0.0001043,0.74,-0.979855261803,0.739999984056,1.66892335707e-07
0.0001044,0.74,-0.786289085876,0.739999985839,1.68397246222e-07
0.0001045,0.74,-0.42578025649,0.739999987581,1.69725894423e-07
0.0001046,0.74,0.0251290220969,0.739999989283,1.70882341258e-07
0.0001047,0.74,0.470702979383,0.739999990944,1.71870665649e-07
0.0001048,0.74,0.816338624007,0.739999992564,1.72694960761e-07
0.0001049,0.74,0.988651581104,0.739999994142,1.73359330367e-07
0.000105,0.74,0.951056853878,0.73999999568,1.73867885299e-07
0.0001051,0.74,0.71153644639,0.739999997176,1.74224740017e-07
0.0001052,0.74,0.320944647828,0.739999998632,1.74434009253e-07
0.0001053,0.74,-0.137789204728,0.740000000046,1.74499804767e-07
0.0001054,0.74,-0.567268046574,0.740000001419,1.74426232193e-07
0.0001055,0.74,-0.876306152696,0.740000002751,1.7421738798e-07
0.0001056,0.74,-0.999289431463,0.740000004043,1.73877356436e-07
0.0001057,0.74,-0.910106422175,0.740000005294,1.73410206858e-07
0.0001058,0.74,-0.627692206591,0.740000006504,1.72819990761e-07
0.0001059,0.74,-0.212008166743,0.740000007674,1.72110739209e-07
0.000106,0.74,0.248688844752,0.740000008805,1.71286460221e-07
0.0001061,0.74,0.656584948441,0.740000009895,1.70351136291e-07
0.0001062,0.74,0.925076802826,0.740000010946,1.69308721986e-07
0.0001063,0.74,0.99715897985,0.740000011959,1.68163141639e-07
0.0001064,0.74,0.857527195726,0.740000012932,1.66918287139e-07
0.0001065,0.74,0.535827673381,0.740000013867,1.65578015799e-07
0.0001066,0.74,0.100362741005,0.740000014764,1.64146148324e-07
0.0001067,0.74,-0.356410924004,0.740000015623,1.62626466858e-07
0.0001068,0.74,-0.7375124341,0.740000016446,1.61022713126e-07
0.0001069,0.74,-0.962027398319,0.740000017231,1.59338586656e-07
0.000107,0.74,-0.982287436253,0.74000001798,1.57577743086e-07
0.0001071,0.74,-0.793990993548,0.740000018693,1.5574379256e-07
0.0001072,0.74,-0.437116636022,0.740000019371,1.53840298197e-07
0.0001073,0.74,0.0125650857264,0.740000020014,1.51870774653e-07
0.0001074,0.74,0.459579024473,0.740000020622,1.49838686749e-07
0.0001075,0.74,0.809016448719,0.740000021197,1.47747448195e-07
0.0001076,0.74,0.986685795421,0.740000021738,1.45600420373e-07
0.0001077,0.74,0.954864812385,0.740000022247,1.43400911213e-07
0.0001078,0.74,0.720309640079,0.740000022723,1.41152174129e-07
0.0001079,0.74,0.332820367251,0.740000023167,1.38857407041e-07
0.000108,0.74,-0.125332382549,0.740000023581,1.36519751462e-07
0.0001081,0.74,-0.556874916428,0.740000023963,1.3414229166e-07
0.0001082,0.74,-0.870183346853,0.740000024316,1.31728053881e-07
0.0001083,0.74,-0.998736915793,0.74000002464,1.29280005655e-07
0.0001084,0.74,-0.915241493622,0.740000024934,1.26801055153e-07
0.0001085,0.74,-0.637424591491,0.740000025201,1.24294050618e-07
0.0001086,0.74,-0.224271506513,0.74000002544,1.21761779861e-07
0.0001087,0.74,0.236498269272,0.740000025652,1.19206969811e-07
0.0001088,0.74,0.647055402834,0.740000025837,1.16632286134e-07
0.0001089,0.74,0.920231566932,0.740000025997,1.1404033291e-07
0.000109,0.74,0.998026772391,0.740000026132,1.11433652361e-07
0.0001091,0.74,0.863923761521,0.740000026242,1.08814724646e-07
0.0001092,0.74,0.546394905521,0.740000026329,1.06185967703e-07
0.0001093,0.74,0.112857031339,0.740000026392,1.03549737148e-07
0.0001094,0.74,-0.344642327993,0.740000026433,1.00908326225e-07
0.0001095,0.74,-0.728968204775,0.740000026451,9.82639658082e-08
0.0001096,0.74,-0.95852161778,0.740000026448,9.56188244489e-08
0.0001097,0.74,-0.984564436774,0.740000026425,9.29750084765e-08
0.0001098,0.74,-0.801567324235,0.740000026381,9.03345621403e-08
0.0001099,0.74,-0.448383708625,0.740000026318,8.76994677988e-08
0.00011,0.74,-5.34520899198e-07,0.740000026236,8.50716461513e-08
0.0001101,0.74,0.44838275302,0.740000026135,8.24529565116e-08
0.0001102,0.74,0.801566684913,0.740000026017,7.98451971222e-08
0.0001103,0.74,0.984564249577,0.740000025882,7.72501055071e-08
0.0001104,0.74,0.958521922737,0.74000002573,7.46693588631e-08
0.0001105,0.74,0.728968937553,0.740000025563,7.21045744862e-08
0.0001106,0.74,0.34464333344,0.74000002538,6.95573102334e-08
0.0001107,0.74,-0.112855966408,0.740000025183,6.70290650184e-08
0.0001108,0.74,-0.546394007201,0.740000024971,6.45212793379e-08
0.0001109,0.74,-0.863923220891,0.740000024746,6.20353358305e-08
0.000111,0.74,-0.998026704925,0.740000024508,5.95725598638e-08
0.0001111,0.74,-0.920231987863,0.740000024257,5.71342201496e-08
0.0001112,0.74,-0.647056223717,0.740000023995,5.47215293867e-08
0.0001113,0.74,-0.23649931653,0.740000023721,5.23356449281e-08
0.0001114,0.74,0.224270454929,0.740000023437,4.99776694739e-08
0.0001115,0.74,0.637423759068,0.740000023142,4.76486517855e-08
0.0001116,0.74,0.915241057817,0.740000022838,4.53495874229e-08
0.0001117,0.74,0.998736970207,0.740000022524,4.30814195019e-08
0.0001118,0.74,0.870183881122,0.740000022202,4.08450394711e-08
0.0001119,0.74,0.556875818149,0.740000021872,3.86412879065e-08
0.000112,0.74,0.125333460911,0.740000021534,3.64709553237e-08
0.0001121,0.74,-0.33281934109,0.740000021189,3.43347830056e-08
0.0001122,0.74,-0.720308884403,0.740000020837,3.22334638454e-08
0.0001123,0.74,-0.954864488443,0.740000020479,3.01676432026e-08
0.0001124,0.74,-0.986685972961,0.740000020115,2.81379197723e-08
0.0001125,0.74,-0.809017090932,0.740000019746,2.61448464656e-08
0.0001126,0.74,-0.459579995604,0.740000019372,2.41889313009e-08
0.0001127,0.74,-0.0125661798029,0.740000018993,2.22706383043e-08
0.0001128,0.74,0.437115651422,0.740000018611,2.03903884193e-08
0.0001129,0.74,0.793990327797,0.740000018225,1.85485604231e-08
0.000113,0.74,0.982287231013,0.740000017836,1.67454918503e-08
0.0001131,0.74,0.962027697279,0.740000017444,1.49814799224e-08
0.0001132,0.74,0.73751317361,0.74000001705,1.32567824813e-08
0.0001133,0.74,0.356411946645,0.740000016653,1.15716189276e-08
0.0001134,0.74,-0.100361652798,0.740000016255,9.92617116162e-09
0.0001135,0.74,-0.535826750838,0.740000015856,8.32058452678e-09
0.0001136,0.74,-0.857526634359,0.740000015456,6.75496875441e-09
0.0001137,0.74,-0.997158897786,0.740000015055,5.22939890928e-09
0.0001138,0.74,-0.925077215768,0.740000014654,3.74391633492e-09
0.0001139,0.74,-0.656585766646,0.740000014253,2.29852959831e-09
0.000114,0.74,-0.248689892601,0.740000013853,8.93215432805e-10
0.0001141,0.74,0.212007112821,0.740000013453,-4.72080321016e-10
0.0001142,0.74,0.627691370082,0.740000013054,-1.79744177755e-09
0.0001143,0.74,0.910105978712,0.740000012657,-3.08298207186e-09
0.0001144,0.74,0.999289471615,0.740000012261,-4.32884242964e-09
0.0001145,0.74,0.876306663289,0.740000011867,-5.535191242e-09
0.0001146,0.74,0.567268914447,0.740000011474,-6.70222314557e-09
0.0001147,0.74,0.137790241956,0.740000011085,-7.83015810872e-09
0.0001148,0.74,-0.320943662884,0.740000010697,-8.91924052421e-09
0.0001149,0.74,-0.711535721224,0.740000010313,-9.96973830893e-09
0.000115,0.74,-0.951056537618,0.740000009932,-1.09819420112e-08
0.0001151,0.74,-0.988651733453,0.740000009553,-1.1956163926e-08
0.0001152,0.74,-0.816339203929,0.740000009179,-1.2892737219e-08
0.0001153,0.74,-0.470703855708,0.740000008808,-1.37920150591e-08
0.0001154,0.74,-0.0251300033964,0.74000000844,-1.46543697609e-08
0.0001155,0.74,0.425779379573,0.740000008077,-1.54801919361e-08
0.0001156,0.74,0.786288495298,0.740000007718,-1.62698896562e-08
0.0001157,0.74,0.979855073746,0.740000007363,-1.70238876249e-08
0.0001158,0.74,0.965381609755,0.740000007013,-1.77426263612e-08
0.0001159,0.74,0.745941068315,0.740000006667,-1.84265613946e-08
0.000116,0.74,0.368124441242,0.740000006326,-1.90761624712e-08
0.0001161,0.74,-0.0878513198002,0.74000000599,-1.96919127715e-08
0.0001162,0.74,-0.525174738367,0.740000005659,-2.02743081406e-08
0.0001163,0.74,-0.850994550509,0.740000005333,-2.08238563307e-08
0.0001164,0.74,-0.996133620923,0.740000005012,-2.1341076256e-08
0.0001165,0.74,-0.929776435404,0.740000004697,-2.18264972604e-08
0.0001166,0.74,-0.666011763007,0.740000004387,-2.22806583985e-08
0.0001167,0.74,-0.260841368574,0.740000004083,-2.27041077294e-08
0.0001168,0.74,0.199710122716,0.740000003784,-2.3097401624e-08
0.0001169,0.74,0.617859728997,0.740000003491,-2.34611040862e-08
0.000117,0.74,0.904827116126,0.740000003204,-2.37957860868e-08
0.0001171,0.74,0.999684185478,0.740000002922,-2.41020249128e-08
0.0001172,0.74,0.882291154329,0.740000002646,-2.43804035285e-08
0.0001173,0.74,0.577572577082,0.740000002377,-2.46315099525e-08
0.0001174,0.74,0.150225434719,0.740000002113,-2.48559366481e-08
0.0001175,0.74,-0.309017144091,0.740000001855,-2.50542799271e-08
0.0001176,0.74,-0.702650082582,0.740000001603,-2.52271393693e-08
0.0001177,0.74,-0.947098356165,0.740000001357,-2.5375117255e-08
0.0001178,0.74,-0.990461403621,0.740000001118,-2.54988180124e-08
0.0001179,0.74,-0.823532506388,0.740000000884,-2.55988476796e-08
0.000118,0.74,-0.481753532731,0.740000000656,-2.56758133799e-08
0.0001181,0.74,-0.0376900211164,0.740000000435,-2.57303228125e-08
0.0001182,0.74,0.414375728315,0.740000000219,-2.57629837572e-08
0.0001183,0.74,0.778462403219,0.74000000001,-2.57744035929e-08
0.0001184,0.74,0.977268157889,0.739999999807,-2.57651888311e-08
0.0001185,0.74,0.968583120915,0.739999999609,-2.57359446632e-08
0.0001186,0.74,0.754251274765,0.739999999418,-2.56872745216e-08
0.0001187,0.74,0.379778946609,0.739999999233,-2.56197796561e-08
0.0001188,0.74,-0.0753269655074,0.739999999054,-2.55340587227e-08
0.0001189,0.74,-0.514439670802,0.73999999888,-2.5430707388e-08
0.000119,0.74,-0.844328010714,0.739999998713,-2.53103179456e-08
0.0001191,0.74,-0.994951032855,0.739999998551,-2.51734789483e-08
0.0001192,0.74,-0.934328886425,0.739999998396,-2.5020774852e-08
0.0001193,0.74,-0.675332692955,0.739999998246,-2.48527856746e-08
0.0001194,0.74,-0.272951786397,0.739999998101,-2.46700866674e-08
0.0001195,0.74,0.187381465632,0.739999997963,-2.44732480001e-08
0.0001196,0.74,0.607930418737,0.73999999783,-2.42628344591e-08
0.0001197,0.74,0.89940531759,0.739999997702,-2.40394051584e-08
0.0001198,0.74,0.999921042324,0.739999997581,-2.38035132634e-08
0.0001199,0.74,0.888136380794,0.739999997464,-2.35557057278e-08
0.00012,0.74,0.587785133872,0.739999997353,-2.32965230427e-08
0.0001201,0.74,0.162637022441,0.739999997247,-2.30264989979e-08
0.0001202,0.74,-0.297041718045,0.739999997147,-2.27461604559e-08
0.0001203,0.74,-0.693653407445,0.739999997051,-2.24560271371e-08
0.0001204,0.74,-0.942990582226,0.739999996961,-2.21566114179e-08
0.0001205,0.74,-0.992114684109,0.739999996876,-2.18484181396e-08
0.0001206,0.74,-0.830595823857,0.739999996795,-2.15319444292e-08
0.0001207,0.74,-0.492727225595,0.73999999672,-2.1207679531e-08
0.0001208,0.74,-0.0502441871771,0.739999996649,-2.08761046501e-08
0.0001209,0.74,0.402906553818,0.739999996583,-2.0537692806e-08
0.000121,0.74,0.770513323649,0.739999996522,-2.0192908697e-08
0.0001211,0.74,0.974526900747,0.739999996465,-1.98422085758e-08
0.0001212,0.74,0.971631703959,0.739999996412,-1.94860401343e-08
0.0001213,0.74,0.762442433258,0.739999996364,-1.91248423992e-08
0.0001214,0.74,0.391373558373,0.73999999632,-1.87590456374e-08
0.0001215,0.74,-0.0627906348431,0.739999996281,-1.83890712705e-08
0.0001216,0.74,-0.503623299426,0.739999996245,-1.80153317997e-08
0.0001217,0.74,-0.837528100596,0.739999996214,-1.76382307387e-08
0.0001218,0.74,-0.993611322758,0.739999996186,-1.72581625569e-08
0.0001219,0.74,-0.938733821111,0.739999996162,-1.68755126301e-08
0.000122,0.74,-0.684547030397,0.739999996142,-1.64906572011e-08
0.0001221,0.74,-0.285019165483,0.739999996125,-1.61039633473e-08
0.0001222,0.74,0.175023156196,0.739999996112,-1.57157889576e-08
0.0001223,0.74,0.597905060248,0.739999996102,-1.53264827167e-08
0.0001224,0.74,0.893841466231,0.739999996096,-1.49363840968e-08
0.0001225,0.74,1,0.739999996093,-1.45458233574e-08
0.0001226,0.74,0.893841384272,0.739999996093,-1.41551215521e-08
0.0001227,0.74,0.597904913734,0.739999996097,-1.37645905424e-08
0.0001228,0.74,0.175022976238,0.739999996103,-1.33745330183e-08
0.0001229,0.74,-0.285019340674,0.739999996112,-1.29852425258e-08
0.000123,0.74,-0.684547163626,0.739999996124,-1.25970035005e-08
0.0001231,0.74,-0.938733884094,0.739999996138,-1.22100913076e-08
0.0001232,0.74,-0.993611302135,0.739999996156,-1.18247722878e-08
0.0001233,0.74,-0.837528000763,0.739999996175,-1.14413038088e-08
0.0001234,0.74,-0.5036231416,0.739999996198,-1.10599343231e-08
0.0001235,0.74,-0.0627904525516,0.739999996222,-1.068090343e-08
0.0001236,0.74,0.391373726417,0.739999996249,-1.03044419437e-08
0.0001237,0.74,0.762442551386,0.739999996278,-9.93077196614e-09
0.0001238,0.74,0.971631747121,0.739999996309,-9.56010696424e-09
0.0001239,0.74,0.974526859833,0.739999996342,-9.19265185218e-09
0.000124,0.74,0.770513207417,0.739999996377,-8.8286030777e-09
0.0001241,0.74,0.402906387016,0.739999996414,-8.4681487127e-09
0.0001242,0.74,-0.0502443690813,0.739999996453,-8.11146854782e-09
0.0001243,0.74,-0.492727383969,0.739999996493,-7.75873419076e-09
0.0001244,0.74,-0.830595925123,0.739999996535,-7.41010916822e-09
0.0001245,0.74,-0.992114706879,0.739999996578,-7.06574903124e-09
0.0001246,0.74,-0.942990521828,0.739999996623,-6.72580146379e-09
0.0001247,0.74,-0.693653276891,0.739999996669,-6.39040639438e-09
0.0001248,0.74,-0.297041545221,0.739999996717,-6.05969611059e-09
0.0001249,0.74,0.162637200742,0.739999996765,-5.73379537626e-09
0.000125,0.74,0.587785279807,0.739999996815,-5.4128215512e-09
0.0001251,0.74,0.888136463531,0.739999996866,-5.09688471333e-09
0.0001252,0.74,0.999921044582,0.739999996918,-4.78608778295e-09
0.0001253,0.74,0.899405239261,0.739999996971,-4.48052664908e-09
0.0001254,0.74,0.60793027684,0.739999997025,-4.18029029767e-09
0.0001255,0.74,0.187381290605,0.739999997079,-3.88546094153e-09
0.0001256,0.74,-0.272951957254,0.739999997134,-3.59611415184e-09
0.0001257,0.74,-0.67533282347,0.73999999719,-3.31231899107e-09
0.0001258,0.74,-0.934328949251,0.739999997246,-3.03413814717e-09
0.0001259,0.74,-0.99495101524,0.739999997303,-2.76162806893e-09
0.000126,0.74,-0.844327917103,0.739999997361,-2.49483910229e-09
0.0001261,0.74,-0.514439521746,0.739999997419,-2.23381562751e-09
0.0001262,0.74,-0.0753267931314,0.739999997477,-1.97859619709e-09
0.0001263,0.74,0.379779105573,0.739999997535,-1.72921367431e-09
0.0001264,0.74,0.754251386865,0.739999997594,-1.48569537212e-09
0.0001265,0.74,0.968583163079,0.739999997653,-1.24806319253e-09
0.0001266,0.74,0.977268122214,0.739999997712,-1.01633376611e-09
0.0001267,0.74,0.778462298449,0.739999997771,-7.90518591664e-10
0.0001268,0.74,0.41437557773,0.739999997831,-5.70624175846e-10
0.0001269,0.74,-0.0376901849093,0.73999999789,-3.56652172727e-10
0.000127,0.74,-0.48175367492,0.739999997949,-1.48599523088e-10
0.0001271,0.74,-0.823532597438,0.739999998008,5.35414065921e-11
0.0001272,0.74,-0.99046142548,0.739999998067,2.49782685568e-10
0.0001273,0.74,-0.947098305882,0.739999998126,4.40140680789e-10
0.0001274,0.74,-0.702649972591,0.739999998184,6.24635919469e-10
0.0001275,0.74,-0.309016999175,0.739999998243,8.03292952363e-10
0.0001276,0.74,0.150225583057,0.7399999983,9.76140217839e-10
0.0001277,0.74,0.577572697558,0.739999998358,1.14320990682e-09
0.0001278,0.74,0.882291222577,0.739999998415,1.3045378287e-09
0.0001279,0.74,0.999684189053,0.739999998472,1.46016327825e-09
0.000128,0.74,0.904827056774,0.739999998528,1.61012890371e-09
0.0001281,0.74,0.617859621758,0.739999998584,1.75448057599e-09
0.0001282,0.74,0.199709992171,0.73999999864,1.89326725917e-09
0.0001283,0.74,-0.260841493998,0.739999998695,2.02654088225e-09
0.0001284,0.74,-0.666011857337,0.739999998749,2.15435621242e-09
0.0001285,0.74,-0.929776480622,0.739999998803,2.27677072957e-09
0.0001286,0.74,-0.996133610465,0.739999998856,2.39384450249e-09
0.0001287,0.74,-0.850994490063,0.739999998908,2.50564006648e-09
0.0001288,0.74,-0.525174643929,0.73999999896,2.61222230263e-09
0.0001289,0.74,-0.0878512135351,0.739999999011,2.71365831873e-09
0.000129,0.74,0.368124536269,0.739999999062,2.81001733192e-09
0.0001291,0.74,0.745941133283,0.739999999111,2.90137055297e-09
0.0001292,0.74,0.965381633937,0.73999999916,2.98779107249e-09
0.0001293,0.74,0.979855056236,0.739999999208,3.06935374883e-09
0.0001294,0.74,0.78628844435,0.739999999256,3.1461350979e-09
0.0001295,0.74,0.425779309861,0.739999999302,3.21821318487e-09
0.0001296,0.74,-0.0251300748054,0.739999999348,3.2856675178e-09
0.0001297,0.74,-0.470703913602,0.739999999393,3.34857894312e-09
0.0001298,0.74,-0.816339238353,0.739999999438,3.40702954328e-09
0.0001299,0.74,-0.988651741471,0.739999999481,3.46110253616e-09
0.00013,0.74,-0.951056523112,0.739999999523,3.51088217669e-09
0.0001301,0.74,-0.711535692911,0.739999999565,3.55645366039e-09
0.0001302,0.74,-0.320943631218,0.739999999606,3.59790302901e-09
0.0001303,0.74,0.137790268061,0.739999999646,3.63531707825e-09
0.0001304,0.74,0.567268930143,0.739999999685,3.66878326751e-09
0.0001305,0.74,0.876306668849,0.739999999723,3.69838963176e-09
0.0001306,0.74,0.999289471759,0.73999999976,3.72422469556e-09
0.0001307,0.74,0.910105980439,0.739999999797,3.74637738907e-09
0.0001308,0.74,0.627691379706,0.739999999832,3.7649369663e-09
0.0001309,0.74,0.212007133132,0.739999999867,3.77999292539e-09
0.000131,0.74,-0.24868986409,0.7399999999,3.79163493104e-09
0.0001311,0.74,-0.656585737745,0.739999999933,3.79995273903e-09
0.0001312,0.74,-0.925077197755,0.739999999965,3.80503612291e-09
0.0001313,0.74,-0.997158902062,0.739999999996,3.80697480276e-09
0.0001314,0.74,-0.857526668495,0.740000000026,3.80585837602e-09
0.0001315,0.74,-0.535826815148,0.740000000055,3.80177625054e-09
0.0001316,0.74,-0.100361738574,0.740000000084,3.79481757956e-09
0.0001317,0.74,0.356411856493,0.740000000111,3.78507119892e-09
0.0001318,0.74,0.73751310135,0.740000000138,3.77262556626e-09
0.0001319,0.74,0.962027665142,0.740000000163,3.75756870227e-09
0.000132,0.74,0.982287255132,0.740000000188,3.73998813406e-09
0.0001321,0.74,0.793990412857,0.740000000212,3.71997084047e-09
0.0001322,0.74,0.437115787547,0.740000000235,3.69760319947e-09
0.0001323,0.74,-0.0125660168071,0.740000000257,3.67297093752e-09
0.0001324,0.74,-0.459579840275,0.740000000279,3.64615908091e-09
0.0001325,0.74,-0.809016981016,0.740000000299,3.61725190906e-09
0.0001326,0.74,-0.986685940543,0.740000000319,3.58633290981e-09
0.0001327,0.74,-0.954864551379,0.740000000338,3.55348473656e-09
0.0001328,0.74,-0.720309040224,0.740000000356,3.51878916734e-09
0.0001329,0.74,-0.332819565156,0.740000000373,3.48232706578e-09
0.000133,0.74,0.125333212094,0.74000000039,3.44417834385e-09
0.0001331,0.74,0.556875598721,0.740000000405,3.40442192658e-09
0.0001332,0.74,0.870183744258,0.74000000042,3.36313571838e-09
0.0001333,0.74,0.998736955558,0.740000000434,3.32039657133e-09
0.0001334,0.74,0.915241180915,0.740000000448,3.27628025509e-09
0.0001335,0.74,0.63742400539,0.74000000046,3.23086142858e-09
0.0001336,0.74,0.224270780447,0.740000000472,3.18421361337e-09
0.0001337,0.74,-0.236498977876,0.740000000484,3.13640916872e-09
0.0001338,0.74,-0.647055946778,0.740000000494,3.08751926824e-09
0.0001339,0.74,-0.920231839896,0.740000000504,3.0376138782e-09
0.000134,0.74,-0.998026729607,0.740000000513,2.98676173739e-09
0.0001341,0.74,-0.86392342648,0.740000000521,2.93503033856e-09
0.0001342,0.74,-0.546394361903,0.740000000529,2.88248591131e-09
0.0001343,0.74,-0.112856402536,0.740000000536,2.82919340658e-09
0.0001344,0.74,0.344642906806,0.740000000543,2.7752164825e-09
0.0001345,0.74,0.72896861572,0.740000000549,2.72061749171e-09
0.0001346,0.74,0.958521784244,0.740000000554,2.66545747009e-09
0.0001347,0.74,0.984564337399,0.740000000559,2.60979612682e-09
0.0001348,0.74,0.801566994464,0.740000000563,2.55369183577e-09
0.0001349,0.74,0.448383230115,0.740000000567,2.49720162826e-09
0.000135,0.74,1.53334054027e-08,0.74000000057,2.44038118699e-09
0.0001351,0.74,-0.448383202705,0.740000000572,2.38328484128e-09
0.0001352,0.74,-0.801566976133,0.740000000574,2.32596556348e-09
0.0001353,0.74,-0.984564332035,0.740000000576,2.26847496655e-09
0.0001354,0.74,-0.958521792977,0.740000000577,2.21086330283e-09
0.0001355,0.74,-0.728968636683,0.740000000577,2.15317946386e-09
0.0001356,0.74,-0.344642935534,0.740000000577,2.09547098128e-09
0.0001357,0.74,0.112856372152,0.740000000577,2.03778402881e-09
0.0001358,0.74,0.546394336314,0.740000000576,1.98016342524e-09
0.0001359,0.74,0.863923411109,0.740000000574,1.92265263837e-09
0.000136,0.74,0.998026727692,0.740000000573,1.86529378991e-09
0.0001361,0.74,0.920231851812,0.740000000571,1.80812766131e-09
0.0001362,0.74,0.647055969959,0.740000000568,1.75119370049e-09
0.0001363,0.74,0.236499007369,0.740000000565,1.69453002937e-09
0.0001364,0.74,-0.224270750919,0.740000000562,1.63817345231e-09
0.0001365,0.74,-0.637423982089,0.740000000558,1.58215946525e-09
0.0001366,0.74,-0.915241168756,0.740000000554,1.5265222657e-09
0.0001367,0.74,-0.99873695707,0.74000000055,1.47129476339e-09
0.0001368,0.74,-0.870183759055,0.740000000546,1.41650859169e-09
0.0001369,0.74,-0.556875623597,0.740000000541,1.36219411969e-09
0.000137,0.74,-0.12533324172,0.740000000536,1.30838046486e-09
0.0001371,0.74,0.332819537087,0.74000000053,1.25509550642e-09
0.0001372,0.74,0.720309019648,0.740000000524,1.20236589926e-09
0.0001373,0.74,0.9548645426,0.740000000519,1.15021708839e-09
0.0001374,0.74,0.986685945331,0.740000000512,1.09867332401e-09
0.0001375,0.74,0.809016998245,0.740000000506,1.04775767695e-09
0.0001376,0.74,0.459579866188,0.740000000499,9.97492054759e-10
0.0001377,0.74,0.0125660458387,0.740000000493,9.47897218082e-10
0.0001378,0.74,-0.437115761571,0.740000000486,8.98992797582e-10
0.0001379,0.74,-0.793990395398,0.740000000478,8.5079731121e-10
0.000138,0.74,-0.982287249783,0.740000000471,8.03328181855e-10
0.0001381,0.74,-0.962027672884,0.740000000463,7.56601755357e-10
0.0001382,0.74,-0.737513120374,0.740000000456,7.10633318838e-10
0.0001383,0.74,-0.35641188262,0.740000000448,6.65437119338e-10
0.0001384,0.74,0.100361710969,0.74000000044,6.21026382733e-10
0.0001385,0.74,0.535826791916,0.740000000432,5.77413332904e-10
0.0001386,0.74,0.857526654466,0.740000000424,5.34609211144e-10
0.0001387,0.74,0.997158900027,0.740000000416,4.92624295776e-10
0.0001388,0.74,0.925077207912,0.740000000407,4.51467921959e-10
0.0001389,0.74,0.656585757702,0.740000000399,4.11148501665e-10
0.000139,0.74,0.248689889427,0.740000000391,3.71673543804e-10
0.0001391,0.74,-0.212007107877,0.740000000382,3.33049674478e-10
0.0001392,0.74,-0.627691359846,0.740000000373,2.9528265734e-10
0.0001393,0.74,-0.910105970012,0.740000000365,2.58377414049e-10
0.0001394,0.74,-0.999289472693,0.740000000356,2.22338044787e-10
0.0001395,0.74,-0.87630668061,0.740000000347,1.87167848837e-10
0.0001396,0.74,-0.567268949918,0.740000000339,1.5286934519e-10
0.0001397,0.74,-0.137790291428,0.74000000033,1.19444293172e-10
0.0001398,0.74,0.32094360929,0.740000000321,8.689371307e-11
0.0001399,0.74,0.711535676965,0.740000000312,5.52179067439e-11
0.00014,0.74,0.951056516248,0.740000000304,2.4416478208e-11
0.0001401,0.74,0.988651744733,0.740000000295,-5.5116458369e-12
0.0001402,0.74,0.816339250592,0.740000000286,-3.45681955309e-11
0.0001403,0.74,0.470703931818,0.740000000278,-6.27555374588e-11
0.0001404,0.74,0.0251300948777,0.740000000269,-9.00766543431e-11
0.0001405,0.74,-0.425779292228,0.74000000026,-1.16535124841e-10
0.0001406,0.74,-0.786288432688,0.740000000252,-1.42135103456e-10
0.0001407,0.74,-0.979855052594,0.740000000243,-1.66881300581e-10
0.0001408,0.74,-0.965381638521,0.740000000235,-1.90778962676e-10
0.0001409,0.74,-0.745941144529,0.740000000226,-2.13833852603e-10
0.000141,0.74,-0.368124551306,0.740000000218,-2.36052230126e-10
0.0001411,0.74,0.087851198162,0.74000000021,-2.57440832575e-10
0.0001412,0.74,0.525174631448,0.740000000202,-2.78006855705e-10
0.0001413,0.74,0.850994482777,0.740000000193,-2.97757934741e-10
0.0001414,0.74,0.996133609318,0.740000000185,-3.16702125629e-10
0.0001415,0.74,0.929776485114,0.740000000177,-3.348478865e-10
0.0001416,0.74,0.666011865784,0.74000000017,-3.52204059354e-10
0.0001417,0.74,0.260841504053,0.740000000162,-3.68779851966e-10
0.0001418,0.74,-0.199709982882,0.740000000154,-3.84584820041e-10
0.0001419,0.74,-0.617859615065,0.740000000147,-3.99628849597e-10
0.000142,0.74,-0.904827053573,0.740000000139,-4.13922139612e-10
0.0001421,0.74,-0.999684189216,0.740000000132,-4.27475184917e-10
0.0001422,0.74,-0.882291225133,0.740000000125,-4.40298759358e-10
0.0001423,0.74,-0.577572701102,0.740000000117,-4.52403899222e-10
0.0001424,0.74,-0.15022558624,0.74000000011,-4.6380188694e-10
0.0001425,0.74,0.30901699721,0.740000000104,-4.74504235068e-10
0.0001426,0.74,0.702649971965,0.740000000097,-4.84522670545e-10
0.0001427,0.74,0.947098305991,0.74000000009,-4.93869119249e-10
0.0001428,0.74,0.990461425262,0.740000000084,-5.0255569083e-10
0.0001429,0.74,0.823532595809,0.740000000077,-5.10594663855e-10
0.000143,0.74,0.48175367125,0.740000000071,-5.17998471234e-10
0.0001431,0.74,0.037690179375,0.740000000065,-5.24779685954e-10
0.0001432,0.74,-0.414375584029,0.740000000059,-5.3095100712e-10
0.0001433,0.74,-0.778462303683,0.740000000053,-5.36525246291e-10
0.0001434,0.74,-0.97726812429,0.740000000047,-5.41515314135e-10
0.0001435,0.74,-0.968583160276,0.740000000041,-5.45934207382e-10
0.0001436,0.74,-0.754251378468,0.740000000036,-5.49794996095e-10
0.0001437,0.74,-0.379779092307,0.74000000003,-5.53110811246e-10
0.0001438,0.74,0.0753268090107,0.740000000025,-5.55894832613e-10
0.0001439,0.74,0.514439536789,0.74000000002,-5.58160276976e-10
0.000144,0.74,0.844327927387,0.740000000015,-5.59920386638e-10
0.0001441,0.74,0.994951017335,0.74000000001,-5.61188418255e-10
0.0001442,0.74,0.934328941198,0.740000000006,-5.61977631971e-10
0.0001443,0.74,0.675332805515,0.740000000001,-5.62301280879e-10
0.0001444,0.74,0.272951932119,0.739999999996,-5.62172600781e-10
0.0001445,0.74,-0.187381318052,0.739999999992,-5.6160480026e-10
0.0001446,0.74,-0.607930300491,0.739999999988,-5.6061105107e-10
0.0001447,0.74,-0.899405253102,0.739999999984,-5.59204478824e-10
0.0001448,0.74,-0.99992104416,0.73999999998,-5.57398153991e-10
0.0001449,0.74,-0.88813644721,0.739999999976,-5.55205083197e-10
0.000145,0.74,-0.587785249483,0.739999999973,-5.52638200831e-10
0.0001451,0.74,-0.162637161787,0.739999999969,-5.49710360949e-10
0.0001452,0.74,0.297041584855,0.739999999966,-5.46434329476e-10
0.0001453,0.74,0.69365330827,0.739999999962,-5.42822776702e-10
0.0001454,0.74,0.94299053702,0.739999999959,-5.38888270073e-10
0.0001455,0.74,0.992114700893,0.739999999956,-5.34643267273e-10
0.0001456,0.74,0.830595897341,0.739999999953,-5.30100109587e-10
0.0001457,0.74,0.492727338676,0.73999999995,-5.25271015559e-10
0.0001458,0.74,0.0502443149155,0.739999999948,-5.20168074914e-10
0.0001459,0.74,-0.402906438674,0.739999999945,-5.14803242777e-10
0.000146,0.74,-0.770513244815,0.739999999943,-5.09188334148e-10
0.0001461,0.74,-0.974526873496,0.73999999994,-5.03335018661e-10
0.0001462,0.74,-0.971631732176,0.739999999938,-4.97254815599e-10
0.0001463,0.74,-0.762442509015,0.739999999936,-4.90959089178e-10
0.0001464,0.74,-0.391373664036,0.739999999934,-4.84459044093e-10
0.0001465,0.74,0.0627905225252,0.739999999932,-4.77765721303e-10
0.0001466,0.74,0.503623204192,0.73999999993,-4.70889994091e-10
0.0001467,0.74,0.837528041634,0.739999999929,-4.63842564349e-10
0.0001468,0.74,0.993611310844,0.739999999927,-4.56633959115e-10
0.0001469,0.74,0.938733856681,0.739999999926,-4.4927452735e-10
0.000147,0.74,0.684547103905,0.739999999924,-4.41774436944e-10
0.0001471,0.74,0.285019259855,0.739999999923,-4.34143671954e-10
0.0001472,0.74,-0.175023061613,0.739999999922,-4.26392030065e-10
0.0001473,0.74,-0.597904985165,0.739999999921,-4.18529120273e-10
0.0001474,0.74,-0.893841425308,0.73999999992,-4.10564360783e-10
0.0001475,0.74,-1,0.739999999919,-4.0250697712e-10
0.0001476,0.74,-0.89384142304,0.739999999918,-3.94366000442e-10
0.0001477,0.74,-0.597904981113,0.739999999917,-3.86150266061e-10
0.0001478,0.74,-0.175023056638,0.739999999917,-3.77868412155e-10
0.0001479,0.74,0.285019264695,0.739999999916,-3.6952887868e-10
0.000148,0.74,0.684547107583,0.739999999916,-3.6113990646e-10
0.0001481,0.74,0.938733858418,0.739999999916,-3.52709536469e-10
0.0001482,0.74,0.993611310276,0.739999999915,-3.44245609289e-10
0.0001483,0.74,0.837528038889,0.739999999915,-3.35755764736e-10
0.0001484,0.74,0.503623199859,0.739999999915,-3.27247441665e-10
0.0001485,0.74,0.0627905175306,0.739999999915,-3.18727877926e-10
0.0001486,0.74,-0.391373668631,0.739999999915,-3.10204110496e-10
0.0001487,0.74,-0.762442512238,0.739999999915,-3.0168297575e-10
0.0001488,0.74,-0.97163173335,0.739999999915,-2.93171109888e-10
0.0001489,0.74,-0.974526872385,0.739999999915,-2.84674949513e-10
0.000149,0.74,-0.77051324167,0.739999999915,-2.76200732341e-10
0.0001491,0.74,-0.402906434174,0.739999999916,-2.6775449805e-10
0.0001492,0.74,0.0502443198072,0.739999999916,-2.59342089262e-10
0.0001493,0.74,0.492727342921,0.739999999916,-2.50969152651e-10
0.0001494,0.74,0.830595900045,0.739999999917,-2.42641140171e-10
0.0001495,0.74,0.992114701499,0.739999999917,-2.34363310407e-10
0.0001496,0.74,0.94299053542,0.739999999918,-2.26140730033e-10
0.0001497,0.74,0.693653304826,0.739999999919,-2.1797827538e-10
0.0001498,0.74,0.297041580318,0.739999999919,-2.09880634118e-10
0.0001499,0.74,-0.162637166446,0.73999999992,-2.0185230702e-10
0.00015,0.74,-0.587785253278,0.739999999921,-1.93897609841e-10
0.0001501,0.74,-0.888136449351,0.739999999922,-1.86020675273e-10
0.0001502,0.74,-0.999921044218,0.739999999922,-1.78225455e-10
0.0001503,0.74,-0.899405251098,0.739999999923,-1.70515721825e-10
0.0001504,0.74,-0.607930296882,0.739999999924,-1.62895071885e-10
0.0001505,0.74,-0.187381313627,0.739999999925,-1.55366926935e-10
0.0001506,0.74,0.272951936412,0.739999999926,-1.47934536708e-10
0.0001507,0.74,0.675332808773,0.739999999927,-1.40600981338e-10
0.0001508,0.74,0.934328942755,0.739999999928,-1.33369173848e-10
0.0001509,0.74,0.994951016902,0.739999999929,-1.26241862698e-10
0.000151,0.74,0.844327925101,0.73999999993,-1.19221634392e-10
0.0001511,0.74,0.514439533176,0.739999999931,-1.12310916127e-10
0.0001512,0.74,0.075326804867,0.739999999933,-1.055119785e-10
0.0001513,0.74,-0.379779096096,0.739999999934,-9.8826938262e-11
0.0001514,0.74,-0.754251381117,0.739999999935,-9.22577611002e-11
0.0001515,0.74,-0.968583161263,0.739999999936,-8.58062644728e-11
0.0001516,0.74,-0.977268123462,0.739999999937,-7.94741204706e-11
0.0001517,0.74,-0.778462301278,0.739999999938,-7.32628587123e-11
0.0001518,0.74,-0.414375580609,0.73999999994,-6.71738692682e-11
0.0001519,0.74,0.0376901830542,0.739999999941,-6.12084056087e-11
0.000152,0.74,0.481753674407,0.739999999942,-5.53675875751e-11
0.0001521,0.74,0.823532597805,0.739999999943,-4.965240437e-11
0.0001522,0.74,0.990461425735,0.739999999945,-4.40637175631e-11
0.0001523,0.74,0.947098304917,0.739999999946,-3.86022641114e-11
0.0001524,0.74,0.70264996965,0.739999999947,-3.32686593894e-11
0.0001525,0.74,0.309016994207,0.739999999949,-2.80634002273e-11
0.0001526,0.74,-0.150225589264,0.73999999995,-2.29868679551e-11
0.0001527,0.74,-0.577572703515,0.739999999951,-1.80393314487e-11
0.0001528,0.74,-0.882291226474,0.739999999952,-1.32209501767e-11
0.0001529,0.74,-0.999684189285,0.739999999954,-8.53177724565e-12
0.000153,0.74,-0.904827052455,0.739999999955,-3.97176243942e-12
0.0001531,0.74,-0.617859613093,0.739999999956,4.59244746538e-13
0.0001532,0.74,-0.199709980544,0.739999999958,4.76149208089e-12
0.0001533,0.74,0.260841506236,0.739999999959,8.93532158269e-12
0.0001534,0.74,0.666011867373,0.73999999996,1.29811665209e-11
0.0001535,0.74,0.929776485849,0.739999999961,1.68995484289e-11
0.0001536,0.74,0.996133609155,0.739999999963,2.06910741359e-11
0.0001537,0.74,0.850994481875,0.739999999964,2.43564328176e-11
0.0001538,0.74,0.52517463011,0.739999999965,2.78963930667e-11
0.0001539,0.74,0.0878511967467,0.739999999966,3.13117999863e-11
0.000154,0.74,-0.368124552482,0.739999999968,3.46035723075e-11
0.0001541,0.74,-0.745941145266,0.739999999969,3.77726995315e-11
0.0001542,0.74,-0.965381638766,0.73999999997,4.08202390999e-11
0.0001543,0.74,-0.979855052439,0.739999999971,4.37473135927e-11
0.0001544,0.74,-0.786288432317,0.739999999973,4.65551079568e-11
0.0001545,0.74,-0.425779291845,0.739999999974,4.92448667648e-11
0.0001546,0.74,0.0251300951178,0.739999999975,5.18178915075e-11
0.0001547,0.74,0.470703931864,0.739999999976,5.42755379186e-11
0.0001548,0.74,0.816339250512,0.739999999977,5.66192133355e-11
0.0001549,0.74,0.988651744682,0.739999999978,5.88503740951e-11
0.000155,0.74,0.951056516414,0.739999999979,6.09705229668e-11
0.0001551,0.74,0.711535677487,0.73999999998,6.29812066229e-11
0.0001552,0.74,0.320943610193,0.739999999982,6.48840131485e-11
0.0001553,0.74,-0.137790290269,0.739999999983,6.66805695902e-11
0.0001554,0.74,-0.567268948773,0.739999999984,6.83725395456e-11
0.0001555,0.74,-0.876306679832,0.739999999985,6.99616207932e-11
0.0001556,0.74,-0.999289472624,0.739999999986,7.14495429651e-11
0.0001557,0.74,-0.910105970875,0.739999999987,7.28380652611e-11
0.0001558,0.74,-0.627691361653,0.739999999988,7.41289742062e-11
0.0001559,0.74,-0.212007110385,0.739999999989,7.53240814515e-11
0.000156,0.74,0.2486898867,0.739999999989,7.6425221619e-11
0.0001561,0.74,0.656585755386,0.73999999999,7.74342501908e-11
0.0001562,0.74,0.925077206647,0.739999999991,7.83530414425e-11
0.0001563,0.74,0.997158900298,0.739999999992,7.91834864231e-11
0.0001564,0.74,0.857526656452,0.739999999993,7.99274909784e-11
0.0001565,0.74,0.535826795407,0.739999999994,8.05869738215e-11
0.0001566,0.74,0.100361715359,0.739999999995,8.1163864648e-11
0.0001567,0.74,-0.356411878234,0.739999999995,8.1660102298e-11
0.0001568,0.74,-0.73751311701,0.739999999996,8.20776329639e-11
0.0001569,0.74,-0.962027671445,0.739999999997,8.24184084437e-11
0.000157,0.74,-0.982287250826,0.739999999998,8.26843844416e-11
0.0001571,0.74,-0.793990398964,0.739999999998,8.28775189141e-11
0.0001572,0.74,-0.43711576712,0.739999999999,8.2999770462e-11
0.0001573,0.74,0.0125660393615,0.74,8.30530967693e-11
0.0001574,0.74,0.459579860158,0.74,8.30394530873e-11
0.0001575,0.74,0.809016994069,0.740000000001,8.29607907652e-11
0.0001576,0.74,0.986685944123,0.740000000002,8.28190558254e-11
0.0001577,0.74,0.954864544901,0.740000000002,8.26161875858e-11
0.0001578,0.74,0.720309025247,0.740000000003,8.23541173252e-11
0.0001579,0.74,0.332819545009,0.740000000003,8.20347669962e-11
0.000158,0.74,-0.125333233055,0.740000000004,8.16600479802e-11
0.0001581,0.74,-0.556875616064,0.740000000005,8.12318598891e-11
0.0001582,0.74,-0.870183754419,0.740000000005,8.07520894092e-11
0.0001583,0.74,-0.998736956581,0.740000000006,8.02226091897e-11
0.0001584,0.74,-0.915241172823,0.740000000006,7.96452767747e-11
0.0001585,0.74,-0.637423990131,0.740000000006,7.90219335768e-11
0.0001586,0.74,-0.224270761429,0.740000000007,7.8354403895e-11
0.0001587,0.74,0.23649899655,0.740000000007,7.76444939726e-11
0.0001588,0.74,0.647055961201,0.740000000008,7.6893991098e-11
0.0001589,0.74,0.920231847179,0.740000000008,7.61046627462e-11
0.000159,0.74,0.998026728458,0.740000000008,7.527825576e-11
0.0001591,0.74,0.863923417428,0.740000000009,7.44164955725e-11
0.0001592,0.74,0.546394347121,0.740000000009,7.35210854678e-11
0.0001593,0.74,0.112856385327,0.740000000009,7.25937058813e-11
0.0001594,0.74,-0.344642922752,0.74000000001,7.16360137378e-11
0.0001595,0.74,-0.728968627117,0.74000000001,7.06496418278e-11
0.0001596,0.74,-0.958521788893,0.74000000001,6.96361982206e-11
0.0001597,0.74,-0.984564334605,0.740000000011,6.85972657136e-11
0.0001598,0.74,-0.801566985125,0.740000000011,6.75344013182e-11
0.0001599,0.74,-0.448383216463,0.740000000011,6.64491357801e-11
0.00016,0.74,-4.10701531581e-10,0.740000000011,6.53429731348e-11
0.0001601,0.74,0.448383215729,0.740000000011,6.42173902966e-11
0.0001602,0.74,0.801566984634,0.740000000012,6.30738366812e-11
0.0001603,0.74,0.984564334461,0.740000000012,6.1913733861e-11
0.0001604,0.74,0.958521789126,0.740000000012,6.07384752513e-11
0.0001605,0.74,0.728968627678,0.740000000012,5.95494258296e-11
0.0001606,0.74,0.344642923519,0.740000000012,5.83479218835e-11
0.0001607,0.74,-0.112856384517,0.740000000012,5.71352707899e-11
0.0001608,0.74,-0.54639434644,0.740000000012,5.59127508227e-11
0.0001609,0.74,-0.86392341702,0.740000000012,5.46816109891e-11
0.000161,0.74,-0.998026728407,0.740000000012,5.34430708942e-11
0.0001611,0.74,-0.920231847494,0.740000000012,5.21983206314e-11
0.0001612,0.74,-0.647055961814,0.740000000013,5.09485207011e-11
0.0001613,0.74,-0.236498997327,0.740000000013,4.96948019531e-11
0.0001614,0.74,0.224270760653,0.740000000013,4.84382655557e-11
0.0001615,0.74,0.63742398952,0.740000000013,4.71799829878e-11
0.0001616,0.74,0.915241172505,0.740000000013,4.59209960557e-11
0.0001617,0.74,0.99873695662,0.740000000013,4.46623169317e-11
0.0001618,0.74,0.870183754804,0.740000000013,4.34049282158e-11
0.0001619,0.74,0.556875616708,0.740000000013,4.21497830186e-11
0.000162,0.74,0.125333233819,0.740000000013,4.08978050647e-11
0.0001621,0.74,-0.332819544288,0.740000000012,3.96498888171e-11
0.0001622,0.74,-0.720309024721,0.740000000012,3.84068996199e-11
0.0001623,0.74,-0.954864544677,0.740000000012,3.71696738609e-11
0.0001624,0.74,-0.986685944245,0.740000000012,3.59390191515e-11
0.0001625,0.74,-0.809016994503,0.740000000012,3.47157145246e-11
0.0001626,0.74,-0.459579860809,0.740000000012,3.35005106487e-11
0.0001627,0.74,-0.0125660400861,0.740000000012,3.22941300591e-11
0.0001628,0.74,0.437115766475,0.740000000012,3.10972674032e-11
0.0001629,0.74,0.793990398534,0.740000000012,2.99105897018e-11
0.000163,0.74,0.982287250695,0.740000000012,2.87347366245e-11
0.0001631,0.74,0.962027671633,0.740000000012,2.75703207775e-11
0.0001632,0.74,0.73751311747,0.740000000011,2.64179280062e-11
0.0001633,0.74,0.356411878862,0.740000000011,2.52781177086e-11
0.0001634,0.74,-0.1003617147,0.740000000011,2.41514231611e-11
0.0001635,0.74,-0.535826794857,0.740000000011,2.30383518553e-11
0.0001636,0.74,-0.857526656123,0.740000000011,2.19393858456e-11
0.0001637,0.74,-0.997158900251,0.740000000011,2.08549821064e-11
0.0001638,0.74,-0.925077206882,0.740000000011,1.97855728988e-11
0.0001639,0.74,-0.656585755842,0.74000000001,1.87315661465e-11
0.000164,0.74,-0.248689887273,0.74000000001,1.76933458193e-11
0.0001641,0.74,0.21200710982,0.74000000001,1.66712723252e-11
0.0001642,0.74,0.627691361214,0.74000000001,1.56656829087e-11
0.0001643,0.74,0.910105970647,0.74000000001,1.46768920568e-11
0.0001644,0.74,0.999289472644,0.74000000001,1.37051919106e-11
0.0001645,0.74,0.876306680082,0.740000000009,1.27508526824e-11
0.0001646,0.74,0.567268949188,0.740000000009,1.18141230789e-11
0.0001647,0.74,0.137790290752,0.740000000009,1.08952307277e-11
0.0001648,0.74,-0.320943609748,0.740000000009,9.99438260939e-12
0.0001649,0.74,-0.711535677169,0.740000000009,9.11176549248e-12
0.000165,0.74,-0.951056516279,0.740000000009,8.24754637211e-12
0.0001651,0.74,-0.988651744745,0.740000000008,7.40187291138e-12
0.0001652,0.74,-0.816339250741,0.740000000008,6.57487388531e-12
0.0001653,0.74,-0.470703932197,0.740000000008,5.76665962663e-12
0.0001654,0.74,-0.0251300954748,0.740000000008,4.97732247333e-12
0.0001655,0.74,0.425779291541,0.740000000008,4.20693721734e-12
0.0001656,0.74,0.786288432123,0.740000000007,3.45556155406e-12
0.0001657,0.74,0.979855052381,0.740000000007,2.72323653229e-12
0.0001658,0.74,0.965381638837,0.740000000007,2.00998700431e-12
0.0001659,0.74,0.74594114543,0.740000000007,1.31582207558e-12
0.000166,0.74,0.368124552689,0.740000000007,6.40735553917e-13
0.0001661,0.74,-0.0878511965507,0.740000000006,-1.52936023854e-14
0.0001662,0.74,-0.525174629965,0.740000000006,-6.52300837658e-13
0.0001663,0.74,-0.850994481799,0.740000000006,-1.2703355536e-12
0.0001664,0.74,-0.996133609144,0.740000000006,-1.86946066591e-12
0.0001665,0.74,-0.929776485883,0.740000000006,-2.44975216315e-12
0.0001666,0.74,-0.66601186742,0.740000000006,-3.01129866802e-12
0.0001667,0.74,-0.260841506268,0.740000000005,-3.5542010015e-12
0.0001668,0.74,0.19970998054,0.740000000005,-4.07857174993e-12
0.0001669,0.74,0.617859613113,0.740000000005,-4.5845348354e-12
0.000167,0.74,0.90482705248,0.740000000005,-5.07222508964e-12
0.0001671,0.74,0.999684189282,0.740000000005,-5.54178783169e-12
0.0001672,0.74,0.882291226417,0.740000000004,-5.99337844955e-12
0.0001673,0.74,0.577572703389,0.740000000004,-6.42716198594e-12
0.0001674,0.74,0.150225589078,0.740000000004,-6.8433127286e-12
0.0001675,0.74,-0.309016994418,0.740000000004,-7.24201380505e-12
0.0001676,0.74,-0.702649969833,0.740000000004,-7.62345678221e-12
0.0001677,0.74,-0.947098305011,0.740000000004,-7.98784127091e-12
0.0001678,0.74,-0.990461425689,0.740000000003,-8.3353745356e-12
0.0001679,0.74,-0.823532597598,0.740000000003,-8.66627110924e-12
0.000168,0.74,-0.481753674052,0.740000000003,-8.98075241376e-12
0.0001681,0.74,-0.0376901826118,0.740000000003,-9.27904638595e-12
0.0001682,0.74,0.414375581048,0.740000000003,-9.56138710912e-12
0.0001683,0.74,0.778462301606,0.740000000003,-9.82801445065e-12
0.0001684,0.74,0.977268123582,0.740000000002,-1.00791737054e-11
0.0001685,0.74,0.968583161113,0.740000000002,-1.03151152451e-11
0.0001686,0.74,0.754251380693,0.740000000002,-1.05360941743e-11
0.0001687,0.74,0.379779095459,0.740000000002,-1.07423699918e-11
0.0001688,0.74,-0.0753268055965,0.740000000002,-1.09342062595e-11
0.0001689,0.74,-0.514439533841,0.740000000002,-1.11118702765e-11
0.000169,0.74,-0.84432792554,0.740000000002,-1.12756327605e-11
0.0001691,0.74,-0.994951016989,0.740000000001,-1.14257675355e-11
0.0001692,0.74,-0.934328942431,0.740000000001,-1.15625512259e-11
0.0001693,0.74,-0.675332808067,0.740000000001,-1.16862629576e-11
0.0001694,0.74,-0.272951935446,0.740000000001,-1.17971840659e-11
0.0001695,0.74,0.187381314659,0.740000000001,-1.18955978091e-11
0.0001696,0.74,0.607930297754,0.740000000001,-1.19817890903e-11
0.0001697,0.74,0.899405251599,0.740000000001,-1.20560441853e-11
0.0001698,0.74,0.999921044203,0.740000000001,-1.21186504767e-11
0.0001699,0.74,0.888136448779,0.74,-1.21698961963e-11
0.00017,0.74,0.58778525223,0.74,-1.22100701728e-11
0.0001701,0.74,0.162637165119,0.74,-1.2239461587e-11
0.0001702,0.74,-0.297041581651,0.74,-1.22583597343e-11
0.0001703,0.74,-0.693653305868,0.74,-1.2267053793e-11
0.0001704,0.74,-0.942990535918,0.74,-1.22658326e-11
0.0001705,0.74,-0.992114701305,0.74,-1.22549844334e-11
0.0001706,0.74,-0.830595899153,0.74,-1.22347968013e-11
0.0001707,0.74,-0.492727341482,0.74,-1.22055562378e-11
0.0001708,0.74,-0.0502443181034,0.74,-1.21675481054e-11
0.0001709,0.74,0.402906435783,0.739999999999,-1.21210564043e-11
0.000171,0.74,0.770513242824,0.739999999999,-1.2066363588e-11
0.0001711,0.74,0.974526872803,0.739999999999,-1.20037503857e-11
0.0001712,0.74,0.971631732897,0.739999999999,-1.19334956311e-11
0.0001713,0.74,0.762442510963,0.739999999999,-1.18558760979e-11
0.0001714,0.74,0.391373666769,0.739999999999,-1.17711663408e-11
0.0001715,0.74,-0.0627905196026,0.739999999999,-1.16796385445e-11
0.0001716,0.74,-0.503623201699,0.739999999999,-1.15815623771e-11
0.0001717,0.74,-0.837528040082,0.739999999999,-1.1477204851e-11
0.0001718,0.74,-0.993611310528,0.739999999999,-1.13668301894e-11
0.0001719,0.74,-0.93873385763,0.739999999999,-1.12506996992e-11
0.000172,0.74,-0.684547105878,0.739999999999,-1.11290716495e-11
0.0001721,0.74,-0.285019262404,0.739999999999,-1.10022011558e-11
0.0001722,0.74,0.175023059042,0.739999999999,-1.08703400713e-11
0.0001723,0.74,0.597904983112,0.739999999999,-1.07337368821e-11
0.0001724,0.74,0.893841424181,0.739999999999,-1.05926366098e-11
0.0001725,0.74,1,0.739999999999,-1.04472807182e-11
0.0001726,0.74,0.893841424122,0.739999999998,-1.02979070267e-11
0.0001727,0.74,0.597904983006,0.739999999998,-1.01447496283e-11
0.0001728,0.74,0.175023058914,0.739999999998,-9.98803881335e-12
0.0001729,0.74,-0.285019262529,0.739999999998,-9.82800099811e-12
0.000173,0.74,-0.684547105973,0.739999999998,-9.66485865879e-12
0.0001731,0.74,-0.938733857674,0.739999999998,-9.49883027048e-12
0.0001732,0.74,-0.993611310513,0.739999999998,-9.33013025093e-12
0.0001733,0.74,-0.837528040011,0.739999999998,-9.15896890922e-12
0.0001734,0.74,-0.503623201587,0.739999999998,-8.98555239919e-12
0.0001735,0.74,-0.0627905194741,0.739999999998,-8.81008267741e-12
0.0001736,0.74,0.391373666887,0.739999999998,-8.63275746574e-12
0.0001737,0.74,0.762442511046,0.739999999998,-8.45377021825e-12
0.0001738,0.74,0.971631732927,0.739999999998,-8.27331009254e-12
0.0001739,0.74,0.974526872775,0.739999999998,-8.0915619252e-12
0.000174,0.74,0.770513242744,0.739999999998,-7.90870621143e-12
0.0001741,0.74,0.402906435669,0.739999999998,-7.72491908866e-12
0.0001742,0.74,-0.0502443182271,0.739999999998,-7.54037232406e-12
0.0001743,0.74,-0.492727341588,0.739999999998,-7.35523330587e-12
0.0001744,0.74,-0.830595899221,0.739999999998,-7.16966503846e-12
0.0001745,0.74,-0.99211470132,0.739999999998,-6.98382614091e-12
0.0001746,0.74,-0.942990535879,0.739999999998,-6.79787084916e-12
0.0001747,0.74,-0.693653305783,0.739999999998,-6.61194902152e-12
0.0001748,0.74,-0.297041581538,0.739999999998,-6.42620614747e-12
0.0001749,0.74,0.162637165234,0.739999999998,-6.24078335965e-12
0.000175,0.74,0.587785252323,0.739999999998,-6.05581744891e-12
0.0001751,0.74,0.888136448831,0.739999999998,-5.8714408824e-12
0.0001752,0.74,0.999921044204,0.739999999998,-5.68778182448e-12
0.0001753,0.74,0.899405251551,0.739999999998,-5.50496416047e-12
0.0001754,0.74,0.607930297668,0.739999999998,-5.32310752302e-12
0.0001755,0.74,0.187381314554,0.739999999998,-5.14232732114e-12
0.0001756,0.74,-0.272951935547,0.739999999998,-4.96273477164e-12
0.0001757,0.74,-0.675332808143,0.739999999998,-4.78443693301e-12
0.0001758,0.74,-0.934328942467,0.739999999998,-4.60753674159e-12
0.0001759,0.74,-0.994951016979,0.739999999998,-4.43213304992e-12
0.000176,0.74,-0.844327925488,0.739999999998,-4.25832066722e-12
0.0001761,0.74,-0.51443953376,0.739999999998,-4.08619040185e-12
0.0001762,0.74,-0.0753268055034,0.739999999998,-3.91582910573e-12
0.0001763,0.74,0.379779095544,0.739999999998,-3.74731972054e-12
0.0001764,0.74,0.754251380751,0.739999999998,-3.58074132572e-12
0.0001765,0.74,0.968583161134,0.739999999998,-3.41616918809e-12
0.0001766,0.74,0.977268123564,0.739999999998,-3.253674813e-12
0.0001767,0.74,0.778462301555,0.739999999998,-3.09332599707e-12
0.0001768,0.74,0.414375580977,0.739999999998,-2.93518688216e-12
0.0001769,0.74,-0.0376901826872,0.739999999998,-2.77931801085e-12
0.000177,0.74,-0.481753674116,0.739999999998,-2.62577638294e-12
0.0001771,0.74,-0.823532597637,0.739999999999,-2.4746155133e-12
0.0001772,0.74,-0.990461425699,0.739999999999,-2.32588549064e-12
0.0001773,0.74,-0.94709830499,0.739999999999,-2.17963303735e-12
0.0001774,0.74,-0.70264996979,0.739999999999,-2.03590157025e-12
0.0001775,0.74,-0.309016994363,0.739999999999,-1.89473126215e-12
0.0001776,0.74,0.150225589132,0.739999999999,-1.75615910424e-12
0.0001777,0.74,0.57757270343,0.739999999999,-1.62021896911e-12
0.0001778,0.74,0.882291226439,0.739999999999,-1.48694167448e-12
0.0001779,0.74,0.999684189284,0.739999999999,-1.3563550474e-12
0.000178,0.74,0.904827052463,0.739999999999,-1.22848398899e-12
0.0001781,0.74,0.617859613085,0.739999999999,-1.10335053966e-12
0.0001782,0.74,0.199709980508,0.739999999999,-9.80973944599e-13
0.0001783,0.74,-0.260841506295,0.739999999999,-8.61370719614e-13
0.0001784,0.74,-0.666011867438,0.739999999999,-7.44554717231e-13
0.0001785,0.74,-0.92977648589,0.739999999999,-6.3053719294e-13
0.0001786,0.74,-0.996133609143,0.739999999999,-5.1932687159e-13
0.0001787,0.74,-0.850994481793,0.739999999999,-4.10930013848e-13
0.0001788,0.74,-0.52517462996,0.739999999999,-3.05350482666e-13
0.0001789,0.74,-0.0878511965496,0.739999999999,-2.02589809724e-13
0.000179,0.74,0.368124552685,0.739999999999,-1.02647261771e-13
0.0001791,0.74,0.745941145424,0.739999999999,-5.51990684041e-15
0.0001792,0.74,0.965381638833,0.739999999999,8.87973197342e-14
0.0001793,0.74,0.979855052384,0.739999999999,1.80311549525e-13
0.0001794,0.74,0.786288432138,0.739999999999,2.69031915503e-13
0.0001795,0.74,0.425779291567,0.739999999999,3.54969486843e-13
0.0001796,0.74,-0.0251300954406,0.739999999999,4.38137204105e-13
0.0001797,0.74,-0.470703932162,0.739999999999,5.18549814807e-13
0.0001798,0.74,-0.816339250715,0.739999999999,5.96223809452e-13
0.0001799,0.74,-0.988651744737,0.739999999999,6.71177358026e-13
0.00018,0.74,-0.951056516297,0.739999999999,7.43430247024e-13
0.0001801,0.74,-0.711535677213,0.739999999999,8.13003817013e-13
0.0001802,0.74,-0.320943609813,0.739999999999,8.79920900799e-13
0.0001803,0.74,0.137790290679,0.739999999999,9.4420576219e-13
0.0001804,0.74,0.567268949121,0.739999999999,1.00588403542e-12
0.0001805,0.74,0.876306680041,0.739999999999,1.06498266525e-12
0.0001806,0.74,0.99928947264,0.739999999999,1.12152984775e-12
0.0001807,0.74,0.910105970688,0.739999999999,1.17555497186e-12
0.0001808,0.74,0.627691361297,0.739999999999,1.22708856162e-12
0.0001809,0.74,0.21200710993,0.74,1.27616221931e-12
0.000181,0.74,-0.248689887157,0.74,1.32280856922e-12
0.0001811,0.74,-0.656585755746,0.74,1.36706120242e-12
0.0001812,0.74,-0.925077206831,0.74,1.40895462223e-12
0.0001813,0.74,-0.997158900261,0.74,1.44852419061e-12
0.0001814,0.74,-0.857526656199,0.74,1.48580607546e-12
0.0001815,0.74,-0.535826794987,0.74,1.52083719873e-12
0.0001816,0.74,-0.100361714861,0.74,1.55365518552e-12
0.0001817,0.74,0.356411878704,0.74,1.58429831404e-12
0.0001818,0.74,0.737513117351,0.74,1.61280546654e-12
0.0001819,0.74,0.962027671583,0.74,1.63921608118e-12
0.000182,0.74,0.982287250731,0.74,1.66357010486e-12
0.0001821,0.74,0.793990398654,0.74,1.685907947e-12
0.0001822,0.74,0.437115766661,0.74,1.7062704343e-12
0.0001823,0.74,-0.0125660398723,0.74,1.7246987665e-12
0.0001824,0.74,-0.459579860612,0.74,1.74123447312e-12
0.0001825,0.74,-0.809016994368,0.74,1.75591937116e-12
0.0001826,0.74,-0.986685944206,0.74,1.76879552387e-12
0.0001827,0.74,-0.95486454475,0.74,1.77990520044e-12
0.0001828,0.74,-0.720309024896,0.74,1.78929083677e-12
0.0001829,0.74,-0.332819544534,0.74,1.79699499718e-12
0.000183,0.74,0.125333233553,0.74,1.80306033717e-12
0.0001831,0.74,0.556875616479,0.74,1.80752956718e-12
0.0001832,0.74,0.870183754664,0.74,1.81044541737e-12
0.0001833,0.74,0.998736956605,0.74,1.81185060334e-12
0.0001834,0.74,0.915241172626,0.74,1.81178779295e-12
0.0001835,0.74,0.637423989758,0.74,1.81029957408e-12
0.0001836,0.74,0.22427076096,0.74,1.80742842337e-12
0.0001837,0.74,-0.236498997013,0.74,1.80321667603e-12
0.0001838,0.74,-0.647055961561,0.74,1.79770649654e-12
0.0001839,0.74,-0.920231847361,0.74,1.79093985044e-12
0.000184,0.74,-0.998026728429,0.74,1.78295847697e-12
0.0001841,0.74,-0.863923417198,0.74,1.7738038628e-12
0.0001842,0.74,-0.546394346743,0.74,1.76351721665e-12
0.0001843,0.74,-0.112856384885,0.74,1.75213944487e-12
0.0001844,0.74,0.344642923164,0.74,1.739711128e-12
0.0001845,0.74,0.728968627414,0.74,1.72627249822e-12
0.0001846,0.74,0.958521789014,0.74,1.71186341778e-12
0.0001847,0.74,0.984564334531,0.74,1.6965233583e-12
0.0001848,0.74,0.801566984877,0.74,1.68029138099e-12
0.0001849,0.74,0.448383216099,0.74,1.66320611779e-12
0.000185,0.74,1.03543110239e-11,0.74,1.64530575336e-12
0.0001851,0.74,-0.448383216081,0.74,1.62662800798e-12
0.0001852,0.74,-0.801566984865,0.74,1.60721012127e-12
0.0001853,0.74,-0.984564334527,0.74,1.5870888368e-12
0.0001854,0.74,-0.95852178902,0.74,1.56630038751e-12
0.0001855,0.74,-0.728968627428,0.74,1.54488048198e-12
0.0001856,0.74,-0.344642923183,0.74,1.52286429147e-12
0.0001857,0.74,0.112856384864,0.74,1.5002864378e-12
0.0001858,0.74,0.546394346726,0.74,1.47718098199e-12
0.0001859,0.74,0.863923417188,0.74,1.4535814137e-12
0.000186,0.74,0.998026728428,0.74,1.42952064139e-12
0.0001861,0.74,0.920231847369,0.74,1.4050309832e-12
0.0001862,0.74,0.647055961576,0.74,1.38014415869e-12
0.0001863,0.74,0.236498997032,0.74,1.3548912811e-12
0.0001864,0.74,-0.224270760941,0.74,1.32930285048e-12
0.0001865,0.74,-0.637423989742,0.74,1.30340874737e-12
0.0001866,0.74,-0.915241172618,0.74,1.2772382273e-12
0.0001867,0.74,-0.998736956606,0.74,1.25081991576e-12
0.0001868,0.74,-0.870183754673,0.74,1.22418180396e-12
0.0001869,0.74,-0.556875616494,0.74,1.19735124517e-12
0.000187,0.74,-0.125333233572,0.74,1.17035495163e-12
0.0001871,0.74,0.332819544516,0.74,1.14321899207e-12
0.0001872,0.74,0.720309024883,0.74,1.11596878987e-12
0.0001873,0.74,0.954864544745,0.74,1.08862912169e-12
0.0001874,0.74,0.986685944209,0.74,1.06122411673e-12
0.0001875,0.74,0.809016994379,0.74,1.03377725643e-12
0.0001876,0.74,0.459579860627,0.74,1.00631137481e-12
0.0001877,0.74,0.0125660398895,0.74,9.78848659176e-13
0.0001878,0.74,-0.437115766646,0.74,9.51410651443e-13
0.0001879,0.74,-0.793990398644,0.74,9.24018249822e-13
0.000188,0.74,-0.982287250728,0.74,8.96691711031e-13
0.0001881,0.74,-0.962027671588,0.74,8.69450652921e-13
0.0001882,0.74,-0.737513117362,0.74,8.4231405754e-13
0.0001883,0.74,-0.356411878718,0.74,8.15300274594e-13
0.0001884,0.74,0.100361714846,0.74,7.88427025325e-13
0.0001885,0.74,0.535826794975,0.74,7.61711406759e-13
0.0001886,0.74,0.857526656191,0.74,7.35169896324e-13
0.0001887,0.74,0.99715890026,0.74,7.08818356825e-13
0.0001888,0.74,0.925077206836,0.74,6.8267204176e-13
0.0001889,0.74,0.656585755756,0.74,6.56745600959e-13
0.000189,0.74,0.248689887169,0.74,6.31053086536e-13
0.0001891,0.74,-0.212007109918,0.74,6.05607959139e-13
0.0001892,0.74,-0.627691361288,0.74,5.80423094489e-13
0.0001893,0.74,-0.910105970683,0.74,5.5551079018e-13
0.0001894,0.74,-0.999289472641,0.74,5.30882772751e-13
0.0001895,0.74,-0.876306680045,0.74,5.06550204992e-13
0.0001896,0.74,-0.567268949129,0.74,4.82523693488e-13
0.0001897,0.74,-0.137790290688,0.74,4.58813296381e-13
0.0001898,0.74,0.320943609805,0.74,4.35428531337e-13
0.0001899,0.74,0.711535677207,0.74,4.12378383713e-13
0.00019,0.74,0.951056516294,0.74,3.89671314902e-13
0.0001901,0.74,0.988651744738,0.74,3.67315270849e-13
0.0001902,0.74,0.816339250718,0.74,3.45317690733e-13
0.0001903,0.74,0.470703932167,0.74,3.23685515785e-13
0.0001904,0.74,0.0251300954453,0.74,3.02425198254e-13
0.0001905,0.74,-0.425779291563,0.74,2.8154271049e-13
0.0001906,0.74,-0.786288432136,0.74,2.6104355415e-13
0.0001907,0.74,-0.979855052384,0.74,2.40932769498e-13
0.0001908,0.74,-0.965381638834,0.74,2.21214944809e-13
0.0001909,0.74,-0.745941145425,0.74,2.01894225849e-13
0.000191,0.74,-0.368124552686,0.74,1.82974325434e-13
0.0001911,0.74,0.0878511965495,0.74,1.64458533049e-13
0.0001912,0.74,0.52517462996,0.74,1.46349724525e-13
0.0001913,0.74,0.850994481794,0.74,1.28650371759e-13
0.0001914,0.74,0.996133609143,0.74,1.11362552472e-13
0.0001915,0.74,0.929776485889,0.74,9.44879599972e-14
0.0001916,0.74,0.666011867435,0.74,7.8027913079e-14
0.0001917,0.74,0.26084150629,0.74,6.19833656931e-14
0.0001918,0.74,-0.199709980514,0.74,4.63549168635e-14
0.0001919,0.74,-0.61785961309,0.74,3.11428204761e-14
0.000192,0.74,-0.904827052466,0.74,1.63469950798e-14
0.0001921,0.74,-0.999684189283,0.74,1.96703366823e-15
0.0001922,0.74,-0.882291226435,0.74,-1.19977865665e-14
0.0001923,0.74,-0.577572703422,0.74,-2.55484945131e-14
0.0001924,0.74,-0.150225589121,0.74,-3.86864154612e-14
0.0001925,0.74,0.309016994375,0.74,-5.14131614687e-14
0.0001926,0.74,0.702649969799,0.74,-6.37306217819e-14
0.0001927,0.74,0.947098304995,0.74,-7.56409533152e-14
0.0001928,0.74,0.990461425697,0.74,-8.71465711961e-14
0.0001929,0.74,0.823532597628,0.74,-9.82501393796e-14
0.000193,0.74,0.481753674101,0.74,-1.0895456134e-13
0.0001931,0.74,0.0376901826692,0.74,-1.19262970843e-13
0.0001932,0.74,-0.414375580994,0.74,-1.29178722805e-13
0.0001933,0.74,-0.778462301568,0.74,-1.38705384238e-13
0.0001934,0.74,-0.977268123568,0.74,-1.47846725298e-13
0.0001935,0.74,-0.968583161128,0.74,-1.56606710429e-13
0.0001936,0.74,-0.754251380735,0.74,-1.64989489606e-13
0.0001937,0.74,-0.379779095521,0.74,-1.72999389691e-13
0.0001938,0.74,0.0753268055288,0.74,-1.80640905903e-13
0.0001939,0.74,0.514439533783,0.74,-1.87918693392e-13
0.000194,0.74,0.844327925503,0.74,-1.94837558942e-13
0.0001941,0.74,0.994951016981,0.74,-2.01402452791e-13
0.0001942,0.74,0.934328942456,0.74,-2.0761846057e-13
0.0001943,0.74,0.67533280812,0.74,-2.13490795377e-13
0.0001944,0.74,0.272951935516,0.74,-2.19024789977e-13
0.0001945,0.74,-0.187381314587,0.74,-2.24225889133e-13
0.0001946,0.74,-0.607930297696,0.74,-2.2909964207e-13
0.0001947,0.74,-0.899405251567,0.74,-2.33651695079e-13
0.0001948,0.74,-0.999921044204,0.74,-2.37887784254e-13
0.0001949,0.74,-0.888136448813,0.74,-2.41813728373e-13
0.000195,0.74,-0.587785252291,0.74,-2.45435421917e-13
0.0001951,0.74,-0.162637165193,0.74,-2.48758828236e-13
0.0001952,0.74,0.297041581579,0.74,-2.51789972851e-13
0.0001953,0.74,0.693653305814,0.74,-2.5453493691e-13
0.0001954,0.74,0.942990535893,0.74,-2.56999850783e-13
0.0001955,0.74,0.992114701314,0.74,-2.59190887808e-13
0.0001956,0.74,0.830595899195,0.74,-2.61114258183e-13
0.0001957,0.74,0.492727341547,0.74,-2.62776203004e-13
0.0001958,0.74,0.0502443181783,0.74,-2.64182988457e-13
0.0001959,0.74,-0.402906435715,0.74,-2.65340900149e-13
0.000196,0.74,-0.770513242777,0.74,-2.662562376e-13
0.0001961,0.74,-0.974526872787,0.74,-2.66935308873e-13
0.0001962,0.74,-0.971631732914,0.74,-2.67384425359e-13
0.0001963,0.74,-0.76244251101,0.74,-2.67609896711e-13
0.0001964,0.74,-0.391373666836,0.74,-2.67618025918e-13
0.0001965,0.74,0.062790519531,0.74,-2.67415104538e-13
0.0001966,0.74,0.503623201637,0.74,-2.67007408074e-13
0.0001967,0.74,0.837528040043,0.74,-2.66401191489e-13
0.0001968,0.74,0.99361131052,0.74,-2.65602684881e-13
0.0001969,0.74,0.938733857653,0.74,-2.64618089293e-13
0.000197,0.74,0.684547105927,0.74,-2.6345357267e-13
0.0001971,0.74,0.285019262468,0.74,-2.62115265959e-13
0.0001972,0.74,-0.175023058977,0.74,-2.60609259351e-13
0.0001973,0.74,-0.597904983059,0.74,-2.58941598668e-13
0.0001974,0.74,-0.893841424152,0.74,-2.57118281881e-13
0.0001975,0.74,-1,0.74,-2.55145255775e-13
0.0001976,0.74,-0.893841424151,0.74,-2.53028412747e-13
0.0001977,0.74,-0.597904983056,0.74,-2.5077358774e-13
0.0001978,0.74,-0.175023058974,0.74,-2.48386555313e-13
0.0001979,0.74,0.285019262472,0.74,-2.45873026837e-13
0.000198,0.74,0.68454710593,0.74,-2.43238647834e-13
0.0001981,0.74,0.938733857654,0.74,-2.40488995432e-13
0.0001982,0.74,0.99361131052,0.74,-2.37629575957e-13
0.0001983,0.74,0.837528040041,0.74,-2.34665822645e-13
0.0001984,0.74,0.503623201634,0.74,-2.3160309348e-13
0.0001985,0.74,0.0627905195278,0.74,-2.28446669157e-13
0.0001986,0.74,-0.391373666838,0.74,-2.25201751157e-13
0.0001987,0.74,-0.762442511012,0.74,-2.21873459948e-13
0.0001988,0.74,-0.971631732915,0.74,-2.18466833299e-13
0.0001989,0.74,-0.974526872786,0.74,-2.14986824706e-13
0.000199,0.74,-0.770513242775,0.74,-2.11438301933e-13
0.0001991,0.74,-0.402906435713,0.74,-2.07826045663e-13
0.0001992,0.74,0.050244318181,0.74,-2.04154748253e-13
0.0001993,0.74,0.492727341549,0.74,-2.00429012598e-13
0.0001994,0.74,0.830595899197,0.74,-1.96653351099e-13
0.0001995,0.74,0.992114701315,0.74,-1.92832184727e-13
0.0001996,0.74,0.942990535892,0.74,-1.88969842193e-13
0.0001997,0.74,0.693653305812,0.74,-1.85070559213e-13
0.0001998,0.74,0.297041581576,0.74,-1.81138477859e-13
0.0001999,0.74,-0.162637165196,0.74,-1.77177646017e-13
0.0002,0.74,-0.587785252293,0.74,-1.73192016926e-13
