time_s,cmd_V,out_V,tune_V,phase_error_cycles
0,0.8,0,0.8,0
1e-07,0.8,0.481753674102,0.8,0
2e-07,0.8,0.844327925502,0.8,0
3e-07,0.8,0.998026728428,0.8,0
4e-07,0.8,0.904827052466,0.8,0
5e-07,0.8,0.587785252292,0.8,0
6e-07,0.8,0.125333233564,0.8,0
7e-07,0.8,-0.368124552685,0.8,0
8e-07,0.8,-0.770513242776,0.8,0
9e-07,0.8,-0.982287250729,0.8,0
1e-06,0.8,-0.951056516295,0.8,0
1.1e-06,0.8,-0.684547105929,0.8,0
1.2e-06,0.8,-0.248689887165,0.8,0
1.3e-06,0.8,0.248689887165,0.8,0
1.4e-06,0.8,0.684547105929,0.8,0
1.5e-06,0.8,0.951056516295,0.8,0
1.6e-06,0.8,0.982287250729,0.8,0
1.7e-06,0.8,0.770513242776,0.8,0
1.8e-06,0.8,0.368124552685,0.8,0
1.9e-06,0.8,-0.125333233564,0.8,0
2e-06,0.8,-0.587785252292,0.8,0
2.1e-06,0.8,-0.904827052466,0.8,0
2.2e-06,0.8,-0.998026728428,0.8,0
2.3e-06,0.8,-0.844327925502,0.8,0
2.4e-06,0.8,-0.481753674102,0.8,0
2.5e-06,0.8,-4.89858719659e-16,0.8,0
2.6e-06,0.8,0.481753674102,0.8,0
2.7e-06,0.8,0.844327925502,0.8,0
2.8e-06,0.8,0.998026728428,0.8,0
2.9e-06,0.8,0.904827052466,0.8,0
3e-06,0.8,0.587785252292,0.8,0
3.1e-06,0.8,0.125333233564,0.8,0
3.2e-06,0.8,-0.368124552685,0.8,0
3.3e-06,0.8,-0.770513242776,0.8,0
3.4e-06,0.8,-0.982287250729,0.8,0
3.5e-06,0.8,-0.951056516295,0.8,0
3.6e-06,0.8,-0.684547105929,0.8,0
3.7e-06,0.8,-0.248689887165,0.8,0
3.8e-06,0.8,0.248689887165,0.8,0
3.9e-06,0.8,0.684547105929,0.8,0
4e-06,0.8,0.951056516295,0.8,0
4.1e-06,0.8,0.982287250729,0.8,0
4.2e-06,0.8,0.770513242776,0.8,0
4.3e-06,0.8,0.368124552685,0.8,0
4.4e-06,0.8,-0.125333233564,0.8,0
4.5e-06,0.8,-0.587785252292,0.8,0
4.6e-06,0.8,-0.904827052466,0.8,0
4.7e-06,0.8,-0.998026728428,0.8,0
4.8e-06,0.8,-0.844327925502,0.8,0
4.9e-06,0.8,-0.481753674102,0.8,0
5e-06,0.8,-9.79717439318e-16,0.8,0
5.1e-06,0.8,0.481753674102,0.8,0
5.2e-06,0.8,0.844327925502,0.8,0
5.3e-06,0.8,0.998026728428,0.8,0
5.4e-06,0.8,0.904827052466,0.8,0
5.5e-06,0.8,0.587785252292,0.8,0
5.6e-06,0.8,0.125333233564,0.8,0
5.7e-06,0.8,-0.368124552685,0.8,0
5.8e-06,0.8,-0.770513242776,0.8,0
5.9e-06,0.8,-0.982287250729,0.8,0
6e-06,0.8,-0.951056516295,0.8,0
6.1e-06,0.8,-0.684547105929,0.8,0
6.2e-06,0.8,-0.248689887165,0.8,0
6.3e-06,0.8,0.248689887165,0.8,0
6.4e-06,0.8,0.684547105929,0.8,0
6.5e-06,0.8,0.951056516295,0.8,0
6.6e-06,0.8,0.982287250729,0.8,0
6.7e-06,0.8,0.770513242776,0.8,0
6.8e-06,0.8,0.368124552685,0.8,0
6.9e-06,0.8,-0.125333233564,0.8,0
7e-06,0.8,-0.587785252292,0.8,0
7.1e-06,0.8,-0.904827052466,0.8,0
7.2e-06,0.8,-0.998026728428,0.8,0
7.3e-06,0.8,-0.844327925502,0.8,0
7.4e-06,0.8,-0.481753674102,0.8,0
7.5e-06,0.8,-1.46957615898e-15,0.8,0
7.6e-06,0.8,0.481753674102,0.8,0
7.7e-06,0.8,0.844327925502,0.8,0
7.8e-06,0.8,0.998026728428,0.8,0
7.9e-06,0.8,0.904827052466,0.8,0
8e-06,0.8,0.587785252292,0.8,0
8.1e-06,0.8,0.125333233564,0.8,0
8.2e-06,0.8,-0.368124552685,0.8,0
8.3e-06,0.8,-0.770513242776,0.8,0
8.4e-06,0.8,-0.982287250729,0.8,0
8.5e-06,0.8,-0.951056516295,0.8,0
8.6e-06,0.8,-0.684547105929,0.8,0
8.7e-06,0.8,-0.248689887165,0.8,0
8.8e-06,0.8,0.248689887165,0.8,0
8.9e-06,0.8,0.684547105929,0.8,0
9e-06,0.8,0.951056516295,0.8,0
9.1e-06,0.8,0.982287250729,0.8,0
9.2e-06,0.8,0.770513242776,0.8,0
9.3e-06,0.8,0.368124552685,0.8,0
9.4e-06,0.8,-0.125333233564,0.8,0
9.5e-06,0.8,-0.587785252292,0.8,0
9.6e-06,0.8,-0.904827052466,0.8,0
9.7e-06,0.8,-0.998026728428,0.8,0
9.8e-06,0.8,-0.844327925502,0.8,0
9.9e-06,0.8,-0.481753674102,0.8,0
1e-05,0.65,-1.95943487864e-15,0.8,0
1.01e-05,0.65,0.480539892924,0.795594631922,-0.0147796366887
1.02e-05,0.65,0.841350160906,0.791202227392,-0.0291193586166
1.03e-05,0.65,0.997168649862,0.786825870862,-0.0430206172137
1.04e-05,0.65,0.914008703729,0.782468544763,-0.0564851672494
1.05e-05,0.65,0.615311798299,0.778133130114,-0.06951505666
1.06e-05,0.65,0.174326347374,0.773822407188,-0.0821126164407
1.07e-05,0.65,-0.304714065234,0.769539056243,-0.0942804506071
1.08e-05,0.65,-0.711630265005,0.765285658308,-0.106021426232
1.09e-05,0.65,-0.955494453111,0.761064696029,-0.117338663566
1.1e-05,0.65,-0.984304247791,0.756878554555,-0.128235526239
1.11e-05,0.65,-0.79507542003,0.752729522496,-0.138715611563
1.12e-05,0.65,-0.432687127448,0.748619792908,-0.148782740925
1.13e-05,0.65,0.0216184439835,0.74455146434,-0.158440950283
1.14e-05,0.65,0.469009389741,0.740526541916,-0.167694480768
1.15e-05,0.65,0.81469481425,0.736546938466,-0.1765477694
1.16e-05,0.65,0.987693686949,0.732614475689,-0.185005439916
1.17e-05,0.65,0.954729519612,0.728730885365,-0.193072293718
1.18e-05,0.65,0.725720424146,0.724897810589,-0.200753300938
1.19e-05,0.65,0.350218939438,0.721116807054,-0.20805359164
1.2e-05,0.65,-0.0939734928291,0.717389344351,-0.214978447138
1.21e-05,0.65,-0.517310014215,0.713716807313,-0.221533291458
1.22e-05,0.65,-0.83657815498,0.710100497375,-0.227723682928
1.23e-05,0.65,-0.990936158627,0.706541633968,-0.233555305907
1.24e-05,0.65,-0.952914654015,0.703041355934,-0.239033962655
1.25e-05,0.65,-0.732547609211,0.699600722964,-0.244165565349
1.26e-05,0.65,-0.374214845891,0.696220717058,-0.248956128235
1.27e-05,0.65,0.052828043439,0.692902243999,-0.253411759938
1.28e-05,0.65,0.468144451456,0.689646134855,-0.257538655913
1.29e-05,0.65,0.795299070931,0.68645314748,-0.261343091048
1.3e-05,0.65,0.97568514253,0.683323968049,-0.264831412419
1.31e-05,0.65,0.978567926003,0.680259212584,-0.2680100322
1.32e-05,0.65,0.805734488142,0.677259428511,-0.270885420723
1.33e-05,0.65,0.490187773191,0.674325096208,-0.2734640997
1.34e-05,0.65,0.0893993169493,0.671456630579,-0.275752635592
1.35e-05,0.65,-0.32544847521,0.668654382613,-0.277757633141
1.36e-05,0.65,-0.68218804945,0.66591864097,-0.279485729059
1.37e-05,0.65,-0.920093063091,0.663249633554,-0.280943585875
1.38e-05,0.65,-0.999909782192,0.660647529095,-0.282137885932
1.39e-05,0.65,-0.909909751244,0.658112438731,-0.283075325559
1.4e-05,0.65,-0.667123749036,0.655644417591,-0.28376260938
1.41e-05,0.65,-0.313755153042,0.653243466371,-0.2842064448
1.42e-05,0.65,0.0904391782543,0.650909532914,-0.284413536637
1.43e-05,0.65,0.478394696291,0.648642513782,-0.284390581916
1.44e-05,0.65,0.786848163306,0.64644225582,-0.284144264819
1.45e-05,0.65,0.966489305669,0.644308557723,-0.283681251793
1.46e-05,0.65,0.989568709486,0.642241171586,-0.283008186812
1.47e-05,0.65,0.853847035947,0.640239804451,-0.282131686792
1.48e-05,0.65,0.582392552989,0.638304119842,-0.281058337167
1.49e-05,0.65,0.219402007585,0.636433739294,-0.279794687608
1.5e-05,0.65,-0.177170785737,0.634628243862,-0.278347247906
1.51e-05,0.65,-0.544933132188,0.632887175632,-0.276722483995
1.52e-05,0.65,-0.826822018212,0.631210039204,-0.274926814132
1.53e-05,0.65,-0.979813126551,0.629596303173,-0.272966605221
1.54e-05,0.65,-0.981274713402,0.628045401588,-0.270848169285
1.55e-05,0.65,-0.832070371882,0.626556735401,-0.268577760087
1.56e-05,0.65,-0.556032130694,0.625129673897,-0.266161569888
1.57e-05,0.65,-0.195979321675,0.623763556107,-0.263605726356
1.58e-05,0.65,0.19303341915,0.622457692208,-0.260916289603
1.59e-05,0.65,0.552165896514,0.621211364902,-0.258099249379
1.6e-05,0.65,0.827647066235,0.620023830776,-0.255160522384
1.61e-05,0.65,0.978717730585,0.618894321645,-0.252105949727
1.62e-05,0.65,0.983511977185,0.617822045873,-0.248941294516
1.63e-05,0.65,0.842057172267,0.616806189682,-0.245672239578
1.64e-05,0.65,0.576010391691,0.615845918427,-0.242304385306
1.65e-05,0.65,0.225230467558,0.614940377863,-0.23884324764
1.66e-05,0.65,-0.158260300044,0.614088695386,-0.235294256167
1.67e-05,0.65,-0.518005972043,0.613289981249,-0.231662752346
1.68e-05,0.65,-0.801394095349,0.612543329764,-0.227953987855
1.69e-05,0.65,-0.967278046096,0.611847820473,-0.224173123054
1.7e-05,0.65,-0.991856517598,0.611202519305,-0.220325225567
1.71e-05,0.65,-0.871988144824,0.610606479703,-0.216415268979
1.72e-05,0.65,-0.625496964239,0.610058743734,-0.21244813164
1.73e-05,0.65,-0.288458741265,0.609558343172,-0.208428595583
1.74e-05,0.65,0.090112590969,0.609104300559,-0.204361345549
1.75e-05,0.65,0.455394944342,0.608695630242,-0.200250968113
1.76e-05,0.65,0.754671819376,0.608331339389,-0.19610195092
1.77e-05,0.65,0.94489593297,0.608010428977,-0.191918682011
1.78e-05,0.65,0.998828234148,0.607731894759,-0.187705449259
1.79e-05,0.65,0.908887641676,0.607494728206,-0.183466439889
1.8e-05,0.65,0.688176471484,0.607297917428,-0.179205740096
1.81e-05,0.65,0.368549021597,0.607140448065,-0.174927334757
1.82e-05,0.65,-0.00399048579342,0.60702130416,-0.170635107225
1.83e-05,0.65,-0.375897943768,0.606939469003,-0.166332839214
1.84e-05,0.65,-0.693762871701,0.606893925959,-0.162024210762
1.85e-05,0.65,-0.911952682667,0.606883659261,-0.157712800282
1.86e-05,0.65,-0.999140826217,0.606907654786,-0.153402084685
1.87e-05,0.65,-0.942790786257,0.606964900811,-0.149095439586
1.88e-05,0.65,-0.750957523683,0.607054388734,-0.144796139573
1.89e-05,0.65,-0.451147822331,0.607175113783,-0.140507358565
1.9e-05,0.65,-0.0863979752504,0.607326075692,-0.136232170219
1.91e-05,0.65,0.290877157109,0.607506279364,-0.131973548422
1.92e-05,0.65,0.626391221508,0.607714735499,-0.127734367834
1.93e-05,0.65,0.871780984651,0.607950461211,-0.1235174045
1.94e-05,0.65,0.991574497011,0.608212480613,-0.119325336524
1.95e-05,0.65,0.968331493026,0.608499825382,-0.115160744793
1.96e-05,0.65,0.805210600342,0.608811535307,-0.111026113763
1.97e-05,0.65,0.525581835166,0.609146658805,-0.106923832296
1.98e-05,0.65,0.169723961044,0.609504253426,-0.10285619455
1.99e-05,0.65,-0.210934881886,0.609883386325,-0.0988254009129
2e-05,0.65,-0.56121812655,0.610283134724,-0.0948335589871
2.01e-05,0.65,-0.83018519262,0.610702586344,-0.0908826846197
2.02e-05,0.65,-0.978548170943,0.611140839819,-0.0869747029718
2.03e-05,0.65,-0.984441531726,0.611597005093,-0.0831114496305
2.04e-05,0.65,-0.846694254347,0.612070203789,-0.0792946717578
2.05e-05,0.65,-0.585108132731,0.612559569568,-0.0755260292774
2.06e-05,0.65,-0.237676490219,0.613064248455,-0.0718070960942
2.07e-05,0.65,0.14487723291,0.613583399163,-0.068139361348
2.08e-05,0.65,0.506466088798,0.614116193379,-0.0645242306957
2.09e-05,0.65,0.793849152409,0.614661816047,-0.0609630276239
2.1e-05,0.65,0.964486082182,0.615219465623,-0.0574569947868
2.11e-05,0.65,0.992877144332,0.615788354313,-0.05400729537
2.12e-05,0.65,0.874438525393,0.616367708302,-0.0506150144769
2.13e-05,0.65,0.626315163698,0.616956767949,-0.0472811605364
2.14e-05,0.65,0.284979111371,0.617554787984,-0.0440066667302
2.15e-05,0.65,-0.0990637791331,0.618161037671,-0.0407923924385
2.16e-05,0.65,-0.468702175821,0.618774800968,-0.0376391247015
2.17e-05,0.65,-0.768698164792,0.619395376661,-0.0345475796953
2.18e-05,0.65,-0.953961339944,0.620022078492,-0.0315184042216
2.19e-05,0.65,-0.99637685714,0.620654235259,-0.028552177208
2.2e-05,0.65,-0.889146662281,0.621291190915,-0.0256494112194
2.21e-05,0.65,-0.647963056936,0.621932304644,-0.0228105539765
2.22e-05,0.65,-0.308801923018,0.622576950919,-0.0200359898826
2.23e-05,0.65,0.0773694053305,0.623224519562,-0.0173260415555
2.24e-05,0.65,0.452203551979,0.62387441577,-0.0146809713635
2.25e-05,0.65,0.75877534764,0.624526060145,-0.0121009829647
2.26e-05,0.65,0.950249908744,0.625178888698,-0.00958622284793
2.27e-05,0.65,0.997093794207,0.625832352852,-0.00713678187386
2.28e-05,0.65,0.891710882183,0.626485919427,-0.00475269681534
2.29e-05,0.65,0.649763555153,0.627139070609,-0.00243395189582
2.3e-05,0.65,0.307938306081,0.627791303919,-0.000180480324454
2.31e-05,0.65,-0.0815415520236,0.628442132159,0.00200783417299
2.32e-05,0.65,-0.458847812388,0.629091083357,0.00413115582869
2.33e-05,0.65,-0.765726967516,0.629737700696,0.00618969531366
2.34e-05,0.65,-0.954521041692,0.630381542434,0.00818370822619
2.35e-05,0.65,-0.995628820225,0.631022181817,0.0101134935886
2.36e-05,0.65,-0.882230271511,0.631659206978,0.0119793923533
2.37e-05,0.65,-0.631507662402,0.632292220834,0.0137817859194
2.38e-05,0.65,-0.282133735543,0.632920840967,0.0155210946601
2.39e-05,0.65,0.111621570902,0.633544699501,0.017197776462
2.4e-05,0.65,0.488279533496,0.634163442973,0.0188123252778
2.41e-05,0.65,0.788746275903,0.634776732189,0.0203652696916
2.42e-05,0.65,0.965615333908,0.635384242082,0.0218571714996
2.43e-05,0.65,0.990709676825,0.635985661558,0.0232886243045
2.44e-05,0.65,0.859653416532,0.636580693333,0.0246602521265
2.45e-05,0.65,0.592718716845,0.637169053772,0.0259727080306
2.46e-05,0.65,0.231775105736,0.637750472712,0.0272266727702
2.47e-05,0.65,-0.166214125723,0.638324693288,0.0284228534483
2.48e-05,0.65,-0.538148477372,0.638891471748,0.0295619821975
2.49e-05,0.65,-0.824796516471,0.639450577266,0.0306448148775
2.5e-05,0.65,-0.980264389291,0.64000179175,0.0316721297926
2.51e-05,0.65,-0.979406808935,0.640544909642,0.0326447264276
2.52e-05,0.65,-0.821973433371,0.641079737719,0.0335634242049
2.53e-05,0.65,-0.532794484447,0.641606094889,0.0344290612606
2.54e-05,0.65,-0.157939154447,0.642123811979,0.0352424932427
2.55e-05,0.65,0.24257123944,0.642632731524,0.036004592129
2.56e-05,0.65,0.604350958274,0.643132707553,0.0367162450676
2.57e-05,0.65,0.869009954177,0.64362360537,0.0373783532378
2.58e-05,0.65,0.993617102018,0.644105301332,0.0379918307342
2.59e-05,0.65,0.957725830566,0.64457768263,0.038557603472
2.6e-05,0.65,0.766802061811,0.64504064706,0.0390766081153
2.61e-05,0.65,0.451468255232,0.645494102798,0.0395497910276
2.62e-05,0.65,0.0626532341384,0.64593796817,0.0399781072455
2.63e-05,0.65,-0.336593926756,0.646372171426,0.0403625194748
2.64e-05,0.65,-0.681315940317,0.646796650505,0.04070399711
2.65e-05,0.65,-0.915232273349,0.647211352803,0.0410035152768
2.66e-05,0.65,-0.999968559947,0.647616234945,0.041262053898
2.67e-05,0.65,-0.921409472727,0.648011262546,0.0414805967823
2.68e-05,0.65,-0.692113533152,0.648396409982,0.0416601307371
2.69e-05,0.65,-0.349366823246,0.648771660154,0.0418016447039
2.7e-05,0.65,0.0508333738566,0.649137004254,0.0419061289177
2.71e-05,0.65,0.442901468914,0.649492441536,0.0419745740891
2.72e-05,0.65,0.762410104961,0.649837979074,0.0420079706104
2.73e-05,0.65,0.956698687285,0.650173631542,0.0420073077847
2.74e-05,0.65,0.993592557556,0.650499420971,0.0419735730779
2.75e-05,0.65,0.866781799931,0.650815376524,0.0419077513941
2.76e-05,0.65,0.596951797944,0.651121534268,0.0418108243741
2.77e-05,0.65,0.22845549117,0.65141793694,0.0416837697167
2.78e-05,0.65,-0.177944888743,0.651704633726,0.0415275605225
2.79e-05,0.65,-0.555083419806,0.651981680029,0.041343164661
2.8e-05,0.65,-0.840497049562,0.652249137251,0.0411315441593
2.81e-05,0.65,-0.986794396099,0.652507072569,0.0408936546137
2.82e-05,0.65,-0.96956066997,0.652755558714,0.0406304446238
2.83e-05,0.65,-0.791473516431,0.65299467375,0.040342855247
2.84e-05,0.65,-0.481928862423,0.653224500866,0.0400318194765
2.85e-05,0.65,-0.0922206818889,0.653445128153,0.0396982617399
2.86e-05,0.65,0.312939780384,0.653656648398,0.039343097419
2.87e-05,0.65,0.666165431381,0.653859158873,0.0389672323908
2.88e-05,0.65,0.908611985554,0.654052761129,0.0385715625897
2.89e-05,0.65,0.999803275976,0.654237560791,0.0381569735892
2.9e-05,0.65,0.924418034009,0.65441366736,0.0377243402053
2.91e-05,0.65,0.69489473323,0.654581194008,0.0372745261185
2.92e-05,0.65,0.349406496052,0.65474025739,0.0368083835162
2.93e-05,0.65,-0.0544686503953,0.654890977445,0.0363267527548
2.94e-05,0.65,-0.449335115737,0.65503347721,0.0358304620401
2.95e-05,0.65,-0.769228755885,0.655167882633,0.0353203271272
2.96e-05,0.65,-0.960648490267,0.655294322388,0.0347971510386
2.97e-05,0.65,-0.991522642815,0.655412927693,0.0342617238006
2.98e-05,0.65,-0.856603494478,0.65552383214,0.0337148221977
2.99e-05,0.65,-0.57837878241,0.655627171512,0.033157209544
3e-05,0.65,-0.203338757816,0.65572308362,0.0325896354727
3.01e-05,0.65,0.205783686192,0.655811708128,0.0320128357419
3.02e-05,0.65,0.58050526957,0.655893186399,0.0314275320567
3.03e-05,0.65,0.858061360959,0.655967661326,0.0308344319083
3.04e-05,0.65,0.991929173972,0.656035277178,0.0302342284286
3.05e-05,0.65,0.95963825833,0.656096179449,0.0296276002599
3.06e-05,0.65,0.76655438744,0.656150514702,0.0290152114404
3.07e-05,0.65,0.444997457062,0.65619843043,0.0283977113045
3.08e-05,0.65,0.0488369461783,0.656240074907,0.0277757343968
3.09e-05,0.65,-0.355531721177,0.65627559705,0.0271499004014
3.1e-05,0.65,-0.700317802823,0.656305146286,0.0265208140841
3.11e-05,0.65,-0.927705586411,0.656328872414,0.0258890652481
3.12e-05,0.65,-0.999555646973,0.656346925483,0.0252552287034
3.13e-05,0.65,-0.903807514282,0.656359455659,0.024619864248
3.14e-05,0.65,-0.656507636026,0.656366613111,0.0239835166622
3.15e-05,0.65,-0.299121027526,0.656368547886,0.0233467157148
3.16e-05,0.65,0.108422864147,0.656365409798,0.0227099761802
3.17e-05,0.65,0.497783003532,0.656357348318,0.0220737978678
3.18e-05,0.65,0.8036707865,0.65634451246,0.0214386656619
3.19e-05,0.65,0.974800853048,0.656327050686,0.0208050495722
3.2e-05,0.65,0.982490826058,0.656305110796,0.0201734047944
3.21e-05,0.65,0.82546734761,0.656278839836,0.0195441717811
3.22e-05,0.65,0.530073180554,0.656248384003,0.0189177763219
3.23e-05,0.65,0.145842450506,0.656213888556,0.0182946296331
3.24e-05,0.65,-0.262811525651,0.656175497723,0.0176751284557
3.25e-05,0.65,-0.627399530507,0.656133354625,0.0170596551627
3.26e-05,0.65,-0.886837598009,0.656087601189,0.016448577874
3.27e-05,0.65,-0.997680466461,0.656038378075,0.0158422505794
3.28e-05,0.65,-0.94139265129,0.6559858246,0.0152410132694
3.29e-05,0.65,-0.72744073998,0.655930078668,0.014645192073
3.3e-05,0.65,-0.391692227416,0.655871276699,0.0140550994021
3.31e-05,0.65,0.00960662828919,0.655809553571,0.0134710341034
3.32e-05,0.65,0.409260971177,0.655745042552,0.0128932816157
3.33e-05,0.65,0.7403828521,0.655677875247,0.0123221141339
3.34e-05,0.65,0.947585634625,0.655608181537,0.0117577907778
3.35e-05,0.65,0.996243523154,0.655536089532,0.0112005577676
3.36e-05,0.65,0.878268830971,0.655461725517,0.010650648603
3.37e-05,0.65,0.613444509518,0.655385213909,0.0101082842485
3.38e-05,0.65,0.246094464484,0.655306677211,0.00957367332204
3.39e-05,0.65,-0.16234570398,0.655226235971,0.00904701228879
3.4e-05,0.65,-0.543610266251,0.655144008745,0.00852848565839
3.41e-05,0.65,-0.834015115816,0.65506011206,0.00801826618608
3.42e-05,0.65,-0.985091480234,0.654974660381,0.0075165150772
3.43e-05,0.65,-0.971666467599,0.654887766082,0.00702338219489
3.44e-05,0.65,-0.796044704469,0.654799539416,0.00653900627072
3.45e-05,0.65,-0.4875985861,0.654710088492,0.00606351511795
3.46e-05,0.65,-0.0978422183957,0.65461951925,0.00559702584721
3.47e-05,0.65,0.308182403383,0.654527935441,0.00513964508442
3.48e-05,0.65,0.662764754309,0.65443543861,0.00469146919058
3.49e-05,0.65,0.906816591188,0.654342128077,0.00425258448333
3.5e-05,0.65,0.99971150866,0.654248100926,0.00382306745997
3.51e-05,0.65,0.926035852292,0.654153451992,0.00340298502176
3.52e-05,0.65,0.698131206804,0.654058273852,0.0029923946993
3.53e-05,0.65,0.354011671286,0.653962656816,0.00259134487875
3.54e-05,0.65,-0.0489900132396,0.653866688926,0.00219987502867
3.55e-05,0.65,-0.443783196287,0.653770455946,0.00181801592736
3.56e-05,0.65,-0.764691065255,0.653674041364,0.0014457898904
3.57e-05,0.65,-0.958372641362,0.653577526393,0.00108321099835
3.58e-05,0.65,-0.992679348877,0.653480989972,0.000730285324239
3.59e-05,0.65,-0.861977298103,0.653384508768,0.000387011160832
3.6e-05,0.65,-0.588056556816,0.653288157184,5.33792474316e-05
3.61e-05,0.65,-0.216483478345,0.653192007364,-0.000270627003956
3.62e-05,0.65,0.19099079089,0.653096129204,-0.000585031283227
3.63e-05,0.65,0.566698925574,0.653000590359,-0.000889864157729
3.64e-05,0.65,0.848294565606,0.652905456257,-0.00118516284889
3.65e-05,0.65,0.989091962635,0.652810790111,-0.00147097101007
3.66e-05,0.65,0.965794513018,0.652716652934,-0.00174733850583
3.67e-05,0.65,0.782334767279,0.652623103555,-0.00201432119261
3.68e-05,0.65,0.469195493571,0.652530198633,-0.00227198070116
3.69e-05,0.65,0.0783314120704,0.65243799268,-0.00252038422062
3.7e-05,0.65,-0.325460186003,0.652346538077,-0.00275960428457
3.71e-05,0.65,-0.675285163218,0.652255885094,-0.00298971855899
3.72e-05,0.65,-0.913232065188,0.652166081914,-0.00321080963236
3.73e-05,0.65,-0.9999509082,0.652077174654,-0.00342296480798
3.74e-05,0.65,-0.921148324421,0.65198920739,-0.00362627589856
3.75e-05,0.65,-0.689929114792,0.651902222178,-0.00382083902323
3.76e-05,0.65,-0.344603083759,0.651816259085,-0.00400675440704
3.77e-05,0.65,0.0576735460845,0.651731356209,-0.00418412618301
3.78e-05,0.65,0.450364968973,0.65164754971,-0.00435306219689
3.79e-05,0.65,0.768561886434,0.651564873836,-0.00451367381458
3.8e-05,0.65,0.959706218987,0.651483360952,-0.00466607573244
3.81e-05,0.65,0.992263316841,0.65140304157,-0.00481038579041
3.82e-05,0.65,0.860912374298,0.651323944377,-0.00494672478807
3.83e-05,0.65,0.587402846873,0.651246096265,-0.00507521630377
3.84e-05,0.65,0.216941313274,0.651169522364,-0.0051959865167
3.85e-05,0.65,-0.18928908712,0.651094246073,-0.00530916403219
3.86e-05,0.65,-0.56423747127,0.651020289088,-0.00541487971004
3.87e-05,0.65,-0.846051545704,0.650947671439,-0.00551326649614
3.88e-05,0.65,-0.988275342908,0.65087641152,-0.00560445925731
3.89e-05,0.65,-0.967498125348,0.650806526123,-0.00568859461935
3.9e-05,0.65,-0.787196732635,0.65073803047,-0.00576581080849
3.91e-05,0.65,-0.477142668841,0.650670938247,-0.00583624749607
3.92e-05,0.65,-0.0884767826923,0.650605261639,-0.0059000456467
3.93e-05,0.65,0.314732155914,0.65054101136,-0.00595734736972
3.94e-05,0.65,0.66605074788,0.650478196694,-0.00600829577406
3.95e-05,0.65,0.907624358332,0.650416825522,-0.00605303482656
3.96e-05,0.65,0.999698503931,0.650356904361,-0.00609170921371
3.97e-05,0.65,0.92715242182,0.650298438396,-0.0061244642068
3.98e-05,0.65,0.701972582662,0.650241431516,-0.00615144553056
3.99e-05,0.65,0.361263176166,0.650185886348,-0.00617279923519
4e-05,0.65,-0.0388747720572,0.650131804291,-0.00618867157193
4.01e-05,0.65,-0.432584878048,0.650079185551,-0.00619920887196
4.02e-05,0.65,-0.75509464896,0.650028029176,-0.0062045574289
4.03e-05,0.65,-0.953368617293,0.649978333088,-0.00620486338456
4.04e-05,0.65,-0.994823939129,0.64993009412,-0.00620027261828
4.05e-05,0.65,-0.87267729569,0.64988330805,-0.0061909306396
4.06e-05,0.65,-0.607046993764,0.649837969631,-0.00617698248436
4.07e-05,0.65,-0.241632533523,0.649794072631,-0.00615857261416
4.08e-05,0.65,0.163479279967,0.64975160986,-0.0061358448192
4.09e-05,0.65,0.541696754869,0.649710573209,-0.0061089421245
4.1e-05,0.65,0.830868741169,0.649670953679,-0.00607800669934
4.11e-05,0.65,0.983494331101,0.649632741416,-0.00604317977014
4.12e-05,0.65,0.974520388194,0.649595925743,-0.00600460153647
4.13e-05,0.65,0.805447883038,0.649560495193,-0.00596241109041
4.14e-05,0.65,0.504075049478,0.649526437538,-0.00591674633902
4.15e-05,0.65,0.119922193794,0.649493739824,-0.00586774393009
4.16e-05,0.65,-0.283908143089,0.649462388402,-0.00581553918097
4.17e-05,0.65,-0.641097361892,0.649432368958,-0.00576026601053
4.18e-05,0.65,-0.893000470736,0.649403666541,-0.00570205687417
4.19e-05,0.65,-0.998271539247,0.649376265599,-0.00564104270191
4.2e-05,0.65,-0.939645770135,0.649350150003,-0.00557735283944
4.21e-05,0.65,-0.726766496918,0.64932530308,-0.00551111499216
4.22e-05,0.65,-0.394594975826,0.64930170764,-0.00544245517206
4.23e-05,0.65,0.00233418644128,0.649279346007,-0.00537149764758
4.24e-05,0.65,0.398867689767,0.649258200043,-0.00529836489621
4.25e-05,0.65,0.729927827512,0.649238251179,-0.00522317755993
4.26e-05,0.65,0.941191228075,0.649219480442,-0.00514605440333
4.27e-05,0.65,0.998000162263,0.649201868478,-0.00506711227446
4.28e-05,0.65,0.891045126594,0.649185395585,-0.00498646606837
4.29e-05,0.65,0.637887529786,0.649170041731,-0.00490422869313
4.3e-05,0.65,0.28007391151,0.649155786585,-0.00482051103848
4.31e-05,0.65,-0.123683776671,0.649142609538,-0.004735421947
4.32e-05,0.65,-0.507142269828,0.649130489731,-0.00464906818764
4.33e-05,0.65,-0.807394675324,0.649119406075,-0.00456155443173
4.34e-05,0.65,-0.975189065483,0.649109337276,-0.00447298323132
4.35e-05,0.65,-0.983005768603,0.649100261858,-0.00438345499977
4.36e-05,0.65,-0.829569060553,0.649092158186,-0.00429306799463
4.37e-05,0.65,-0.540053918848,0.649085004484,-0.00420191830276
4.38e-05,0.65,-0.161954559081,0.64907877886,-0.00411009982746
4.39e-05,0.65,0.242707145457,0.649073459325,-0.00401770427782
4.4e-05,0.65,0.607555178531,0.649069023815,-0.00392482116006
4.41e-05,0.65,0.872746221492,0.649065450205,-0.00383153777081
4.42e-05,0.65,0.994784415041,0.649062716336,-0.00373793919245
4.43e-05,0.65,0.953654585702,0.649060800029,-0.00364410829015
4.44e-05,0.65,0.756104298939,0.649059679102,-0.00355012571093
4.45e-05,0.65,0.434536665349,0.64905933139,-0.00345606988436
4.46e-05,0.65,0.0416955861877,0.649059734762,-0.00336201702504
4.47e-05,0.65,-0.357984924592,0.649060867135,-0.00326804113675
4.48e-05,0.65,-0.698948678217,0.649062706494,-0.00317421401821
4.49e-05,0.65,-0.92526943029,0.649065230902,-0.00308060527044
4.5e-05,0.65,-0.999823855323,0.649068418521,-0.00298728230557
4.51e-05,0.65,-0.910380943395,0.649072247621,-0.00289431035722
4.52e-05,0.65,-0.671608988695,0.649076696598,-0.0028017524922
4.53e-05,0.65,-0.322670771153,0.649081743984,-0.00270966962363
4.54e-05,0.65,0.0791989593287,0.649087368464,-0.00261812052535
4.55e-05,0.65,0.46808063347,0.649093548885,-0.00252716184766
4.56e-05,0.65,0.780182252825,0.649100264267,-0.00243684813415
4.57e-05,0.65,0.96430369015,0.64910749382,-0.00234723183986
4.58e-05,0.65,0.990236439586,0.649115216949,-0.00225836335042
4.59e-05,0.65,0.853720753879,0.649123413267,-0.00217029100234
4.6e-05,0.65,0.577146586873,0.649132062607,-0.00208306110434
4.61e-05,0.65,0.205882788697,0.649141145028,-0.0019967179596
4.62e-05,0.65,-0.199163882089,0.649150640826,-0.00191130388897
4.63e-05,0.65,-0.571539781325,0.649160530541,-0.00182685925509
4.64e-05,0.65,-0.850146729663,0.649170794969,-0.00174342248735
4.65e-05,0.65,-0.989267158733,0.649181415166,-0.00166103010762
4.66e-05,0.65,-0.966067080774,0.649192372457,-0.00157971675673
4.67e-05,0.65,-0.784345381415,0.649203648441,-0.00149951522174
4.68e-05,0.65,-0.47391356151,0.649215225002,-0.00142045646381
4.69e-05,0.65,-0.0857068882607,0.64922708431,-0.00134256964669
4.7e-05,0.65,0.31657162698,0.64923920883,-0.00126588216589
4.71e-05,0.65,0.666903865941,0.649251581326,-0.00119041967826
4.72e-05,0.65,0.907790905971,0.649264184866,-0.00111620613224
4.73e-05,0.65,0.999690983574,0.649277002826,-0.00104326379845
4.74e-05,0.65,0.927511837532,0.649290018896,-0.000971613300776
4.75e-05,0.65,0.703091211524,0.649303217082,-0.000901273647842
4.76e-05,0.65,0.363257500488,0.649316581709,-0.000832262264847
4.77e-05,0.65,-0.0362120998416,0.649330097428,-0.000764595025717
4.78e-05,0.65,-0.429745075173,0.649343749212,-0.000698286285552
4.79e-05,0.65,-0.752736779877,0.649357522365,-0.000633348913329
4.8e-05,0.65,-0.952156737909,0.649371402519,-0.00056979432483
4.81e-05,0.65,-0.995256737987,0.649385375642,-0.000507632515756
4.82e-05,0.65,-0.874950569166,0.64939942803,-0.000446872095006
4.83e-05,0.65,-0.61098132034,0.649413546318,-0.000387520318078
4.84e-05,0.65,-0.246683582534,0.649427717475,-0.000329583120574
4.85e-05,0.65,0.158128829564,0.649441928804,-0.000273065151769
4.86e-05,0.65,0.536982636938,0.649456167948,-0.000217969808222
4.87e-05,0.65,0.82766038492,0.649470422883,-0.000164299267405
4.88e-05,0.65,0.982418934819,0.649484681923,-0.000112054521308
4.89e-05,0.65,0.975832758346,0.649498933715,-6.12354100132e-05
4.9e-05,0.65,0.808973262659,0.649513167244,-1.18406551976e-05
4.91e-05,0.65,0.509236812349,0.649527371826,3.613210645e-05
4.92e-05,0.65,0.125848653233,0.64954153711,8.26862899283e-05
4.93e-05,0.65,-0.278219750013,0.649555653076,0.000127826328758
4.94e-05,0.65,-0.636593061439,0.649569710034,0.000171557641977
4.95e-05,0.65,-0.890395606869,0.649583698621,0.00021388660131
4.96e-05,0.65,-0.997924916343,0.649597609797,0.000254820498548
4.97e-05,0.65,-0.941505677287,0.649611434848,0.00029436751314
4.98e-05,0.65,-0.730397320799,0.649625165378,0.00033253668003
4.99e-05,0.65,-0.399276577438,0.649638793311,0.000369337857748
5e-05,0.65,-0.00254331566793,0.649652310884,0.000404781696779
5.01e-05,0.65,0.394615618663,0.649665710647,0.000438879608226
5.02e-05,0.65,0.726936825544,0.649678985458,0.000471643732779
5.03e-05,0.65,0.939805323577,0.649692128479,0.000503086910011
5.04e-05,0.65,0.998231496119,0.649705133178,0.000533222648012
5.05e-05,0.65,0.892604258882,0.649717993317,0.000562065093372
5.06e-05,0.65,0.640274166461,0.649730702956,0.000589629001544
5.07e-05,0.65,0.282705344587,0.649743256443,0.000615929707568
5.08e-05,0.65,-0.121336569706,0.649755648413,0.000640983097202
5.09e-05,0.65,-0.505441582669,0.649767873787,0.000664805578449
5.1e-05,0.65,-0.806470723549,0.64977992776,0.000687414053495
5.11e-05,0.65,-0.974935545207,0.649791805804,0.000708825891079
5.12e-05,0.65,-0.983135300271,0.64980350366,0.000729058899288
5.13e-05,0.65,-0.829713582811,0.649815017334,0.0007481312988
5.14e-05,0.65,-0.539884582317,0.649826343094,0.000766061696574
5.15e-05,0.65,-0.161290904346,0.649837477463,0.000782869059998
5.16e-05,0.65,0.243826833348,0.649848417215,0.000798572691505
5.17e-05,0.65,0.608861823356,0.649859159374,0.000813192203658
5.18e-05,0.65,0.873792346867,0.649869701201,0.000826747494716
5.19e-05,0.65,0.995051871564,0.649880040199,0.000839258724675
5.2e-05,0.65,0.952694739458,0.649890174099,0.00085074629181
5.21e-05,0.65,0.753678608753,0.649900100862,0.000861230809695
5.22e-05,0.65,0.430723183046,0.649909818671,0.000870733084729
5.23e-05,0.65,0.0369321676274,0.649919325926,0.000879274094159
5.24e-05,0.65,-0.362937777823,0.649928621237,0.000886874964605
5.25e-05,0.65,-0.703125688675,0.649937703425,0.000893556951084
5.26e-05,0.65,-0.927681480772,0.649946571511,0.000899341416555
5.27e-05,0.65,-0.999668889698,0.649955224712,0.000904249811952
5.28e-05,0.65,-0.907242243597,0.64996366244,0.000908303656746
5.29e-05,0.65,-0.665597090018,0.649971884291,0.000911524520001
5.3e-05,0.65,-0.314473232217,0.649979890044,0.00091393400195
5.31e-05,0.65,0.0883797243354,0.649987679655,0.000915553716073
5.32e-05,0.65,0.476699991081,0.64999525325,0.00091640527169
5.33e-05,0.65,0.786612441673,0.650002611122,0.000916510257056
5.34e-05,0.65,0.967135993269,0.650009753728,0.00091589022297
5.35e-05,0.65,0.988570962189,0.650016681677,0.000914566666878
5.36e-05,0.65,0.847386347803,0.650023395733,0.000912561017488
5.37e-05,0.65,0.566802616248,0.650029896805,0.000909894619882
5.38e-05,0.65,0.192973612733,0.650036185943,0.000906588721122
5.39e-05,0.65,-0.212604745196,0.650042264334,0.000902664456355
5.4e-05,0.65,-0.583210474361,0.650048133297,0.000898142835407
5.41e-05,0.65,-0.857872176077,0.650053794277,0.000893044729862
5.42e-05,0.65,-0.991400470513,0.650059248842,0.00088739086063
5.43e-05,0.65,-0.961823663765,0.650064498676,0.000881201785987
5.44e-05,0.65,-0.774004004344,0.650069545575,0.000874497890094
5.45e-05,0.65,-0.458839188209,0.650074391446,0.000867299371985
5.46e-05,0.65,-0.0681801103454,0.650079038296,0.000859626235019
5.47e-05,0.65,0.333699269893,0.65008348823,0.000851498276794
5.48e-05,0.65,0.680676673736,0.650087743451,0.000842935079514
5.49e-05,0.65,0.915661020778,0.650091806248,0.000833956000801
5.5e-05,0.65,0.999986578701,0.650095678996,0.00082458016496
5.51e-05,0.65,0.9197758693,0.650099364153,0.00081482645467
5.52e-05,0.65,0.688224125064,0.65010286425,0.000804713503111
5.53e-05,0.65,0.343429130053,0.650106181894,0.000794259686519
5.54e-05,0.65,-0.0578767229035,0.650109319757,0.000783483117152
5.55e-05,0.65,-0.449660988574,0.650112280577,0.000772401636675
5.56e-05,0.65,-0.767456468836,0.650115067153,0.000761032809942
5.57e-05,0.65,-0.95896939316,0.650117682338,0.000749393919184
5.58e-05,0.65,-0.99268482442,0.650120129038,0.000737501958585
5.59e-05,0.65,-0.863053115355,0.650122410209,0.000725373629238
5.6e-05,0.65,-0.591403794463,0.65012452885,0.000713025334486
5.61e-05,0.65,-0.222436322303,0.650126488001,0.000700473175624
5.62e-05,0.65,0.183134964327,0.650128290742,0.000687732947972
5.63e-05,0.65,0.558571497711,0.650129940183,0.000674820137296
5.64e-05,0.65,0.842092720702,0.650131439469,0.00066174991658
5.65e-05,0.65,0.987042690742,0.650132791768,0.000648537143135
5.66e-05,0.65,0.969567979819,0.650134000276,0.000635196356048
5.67e-05,0.65,0.792543309974,0.650135068206,0.000621741773943
5.68e-05,0.65,0.485098826061,0.650135998791,0.000608187293072
5.69e-05,0.65,0.0978267148417,0.650136795278,0.000594546485708
5.7e-05,0.65,-0.305544083588,0.650137460925,0.000580832598839
5.71e-05,0.65,-0.65863507726,0.650137998999,0.000567058553163
5.72e-05,0.65,-0.903341541613,0.650138412773,0.000553236942361
5.73e-05,0.65,-0.999394368826,0.650138705523,0.000539380032656
5.74e-05,0.65,-0.930986893697,0.650138880526,0.000525499762633
5.75e-05,0.65,-0.709376137259,0.650138941054,0.000511607743337
5.76e-05,0.65,-0.371030379504,0.650138890379,0.000497715258611
5.77e-05,0.65,0.0283721046115,0.650138731761,0.00048383326569
5.78e-05,0.65,0.423105553898,0.650138468454,0.000469972396035
5.79e-05,0.65,0.748212651349,0.6501381037,0.0004561429564
5.8e-05,0.65,0.950193962707,0.650137640724,0.000442354930115
5.81e-05,0.65,0.995811795835,0.650137082738,0.000428617978601
5.82e-05,0.65,0.877559706392,0.650136432934,0.000414941443083
5.83e-05,0.65,0.614897603641,0.650135694486,0.000401334346513
5.84e-05,0.65,0.251049247784,0.650134870543,0.000387805395682
5.85e-05,0.65,-0.154110801811,0.650133964232,0.000374362983523
5.86e-05,0.65,-0.533910207692,0.650132978653,0.000361015191596
5.87e-05,0.65,-0.825850391192,0.65013191688,0.000347769792742
5.88e-05,0.65,-0.981891097625,0.650130781957,0.00033463425391
5.89e-05,0.65,-0.976355586652,0.650129576898,0.000321615739134
5.9e-05,0.65,-0.810155629236,0.650128304685,0.00030872111267
5.91e-05,0.65,-0.510641129538,0.650126968266,0.000295956942275
5.92e-05,0.65,-0.127099208298,0.650125570553,0.000283329502623
5.93e-05,0.65,0.277356505844,0.650124114424,0.000270844778858
5.94e-05,0.65,0.636171638233,0.650122602719,0.000258508470268
5.95e-05,0.65,0.890302810821,0.65012103824,0.000246325994078
5.96e-05,0.65,0.997933208898,0.650119423747,0.000234302489354
5.97e-05,0.65,0.941353286704,0.650117761962,0.000222442821021
5.98e-05,0.65,0.729874459332,0.650116055565,0.000210751583969
5.99e-05,0.65,0.398296441408,0.650114307191,0.000199233107258
6e-05,0.65,0.00118055657666,0.650112519436,0.000187891458416
6.01e-05,0.65,-0.396128543582,0.650110694848,0.000176730447808
6.02e-05,0.65,-0.728255303245,0.650108835932,0.00016575363309
6.03e-05,0.65,-0.940550504211,0.650106945147,0.000154964323725
6.04e-05,0.65,-0.998083273595,0.650105024906,0.000144365585574
6.05e-05,0.65,-0.891388330987,0.650103077575,0.000133960245534
6.06e-05,0.65,-0.638022909428,0.650101105473,0.000123750896237
6.07e-05,0.65,-0.279677307538,0.650099110872,0.000113739900799
6.08e-05,0.65,0.124685348384,0.650097095995,0.000103929397608
6.09e-05,0.65,0.508531217749,0.650095063016,9.43213051462e-05
6.1e-05,0.65,0.80870326565,0.650093014062,8.491732686e-05
6.11e-05,0.65,0.97581286849,0.650090951209,7.57189560423e-05
6.12e-05,0.65,0.982365726094,0.650088876485,6.67274807484e-05
6.13e-05,0.65,0.827285158735,0.650086791869,5.79439887287e-05
6.14e-05,0.65,0.536088677113,0.650084699289,4.93693723752e-05
6.15e-05,0.65,0.156688925723,0.650082600625,4.10043336803e-05
6.16e-05,0.65,-0.248489967467,0.650080497706,3.28493892005e-05
6.17e-05,0.65,-0.612783401156,0.650078392311,2.49048750231e-05
6.18e-05,0.65,-0.876254699373,0.650076286172,1.71709517309e-05
6.19e-05,0.65,-0.995556258143,0.650074180969,9.64760936139e-06
6.2e-05,0.65,-0.951061049218,0.650072078333,2.33467235645e-06
6.21e-05,0.65,-0.75009125675,0.650069979845,-4.76819550085e-06
6.22e-05,0.65,-0.425712992587,0.65006788704,-1.16614861659e-05
6.23e-05,0.65,-0.0312955454211,0.650065801401,-1.83458424324e-05
6.24e-05,0.65,0.368269557597,0.650063724362,-2.48220530546e-05
6.25e-05,0.65,0.70724490158,0.650061657312,-3.10910478971e-05
6.26e-05,0.65,0.929862397314,0.650059601589,-3.71538931128e-05
6.27e-05,0.65,0.999498035076,0.650057558484,-4.30117863542e-05
6.28e-05,0.65,0.904696816302,0.650055529241,-4.86660520192e-05
6.29e-05,0.65,0.661056763619,0.650053515057,-5.41181365353e-05
6.3e-05,0.65,0.30866220006,0.650051517081,-5.93696036839e-05
6.31e-05,0.65,-0.0945112853674,0.650049536419,-6.4422129968e-05
6.32e-05,0.65,-0.482135070175,0.650047574129,-6.92775000252e-05
6.33e-05,0.65,-0.790439661441,0.650045631225,-7.39376020881e-05
6.34e-05,0.65,-0.968705555574,0.650043708674,-7.84044234957e-05
6.35e-05,0.65,-0.987606940549,0.650041807402,-8.26800462551e-05
6.36e-05,0.65,-0.844035682872,0.65003992829,-8.67666426589e-05
6.37e-05,0.65,-0.561612120175,0.650038072176,-9.06664709577e-05
6.38e-05,0.65,-0.186798766879,0.650036239856,-9.43818710898e-05
6.39e-05,0.65,0.218743603318,0.650034432083,-9.79152604716e-05
6.4e-05,0.65,0.588299904885,0.650032649571,-0.000101269129848
6.41e-05,0.65,0.861075902006,0.650030892992,-0.000104446039204
6.42e-05,0.65,0.992199090128,0.650029162977,-0.000107448613745
6.43e-05,0.65,0.960100140334,0.65002746012,-0.000110279539936
6.44e-05,0.65,0.770060711861,0.650025784976,-0.00011294156161
6.45e-05,0.65,0.453344119933,0.650024138061,-0.000115437476147
6.46e-05,0.65,0.0620519910159,0.650022519854,-0.000117770130717
6.47e-05,0.65,-0.339446890967,0.650020930798,-0.000119942418592
6.48e-05,0.65,-0.685105499094,0.6500193713,-0.000121957275538
6.49e-05,0.65,-0.918063316831,0.650017841732,-0.000123817676261
6.5e-05,0.65,-0.999999688971,0.650016342432,-0.000125526630944
6.51e-05,0.65,-0.917437205646,0.650014873704,-0.000127087181845
6.52e-05,0.65,-0.683958310393,0.650013435819,-0.000128502399967
6.53e-05,0.65,-0.337970610933,0.650012029016,-0.000129775381813
6.54e-05,0.65,0.0636114021793,0.650010653502,-0.000130909246201
6.55e-05,0.65,0.454728807219,0.650009309455,-0.000131907131167
6.56e-05,0.65,0.771044734265,0.65000799702,-0.00013277219093
6.57e-05,0.65,0.960527380294,0.650006716317,-0.000133507592942
6.58e-05,0.65,0.992008733399,0.650005467434,-0.000134116515009
6.59e-05,0.65,0.860311207528,0.650004250433,-0.000134602142487
6.6e-05,0.65,0.587098972886,0.650003065349,-0.000134967665555
6.61e-05,0.65,0.217314034698,0.650001912191,-0.000135216276559
6.62e-05,0.65,-0.188216619623,0.650000790942,-0.000135351167439
6.63e-05,0.65,-0.562786680505,0.64999970156,-0.000135375527223
6.64e-05,0.65,-0.844783109649,0.649998643981,-0.000135292539602
6.65e-05,0.65,-0.987820780694,0.649997618116,-0.000135105380574
6.66e-05,0.65,-0.968372153036,0.649996623853,-0.000134817216165
6.67e-05,0.65,-0.789637034864,0.649995661061,-0.000134431200227
6.68e-05,0.65,-0.481015972631,0.649994729586,-0.000133950472304
6.69e-05,0.65,-0.0932739599518,0.649993829254,-0.000133378155572
6.7e-05,0.65,0.309809961206,0.649992959873,-0.000132717354859
6.71e-05,0.65,0.661933629417,0.649992121229,-0.000131971154721
6.72e-05,0.65,0.905177584566,0.649991313093,-0.000131142617611
6.73e-05,0.65,0.999531928817,0.649990535218,-0.000130234782098
6.74e-05,0.65,0.929477223215,0.64998978734,-0.00012925066117
6.75e-05,0.65,0.706537004312,0.649989069177,-0.0001281932406
6.76e-05,0.65,0.367382124265,0.649988380436,-0.000127065477383
6.77e-05,0.65,-0.0322012253362,0.649987720806,-0.000125870298242
6.78e-05,0.65,-0.426487596668,0.649987089963,-0.000124610598198
6.79e-05,0.65,-0.750623129181,0.64998648757,-0.000123289239208
6.8e-05,0.65,-0.951292937225,0.649985913277,-0.00012190904887
6.81e-05,0.65,-0.995490443818,0.649985366722,-0.000120472819189
6.82e-05,0.65,-0.875946278963,0.649984847532,-0.000118983305412
6.83e-05,0.65,-0.612323817588,0.649984355323,-0.000117443224919
6.84e-05,0.65,-0.247984750869,0.6499838897,-0.000115855256185
6.85e-05,0.65,0.157143267112,0.649983450261,-0.00011422203779
6.86e-05,0.65,0.53642372612,0.649983036593,-0.000112546167503
6.87e-05,0.65,0.827471789849,0.649982648275,-0.000110830201417
6.88e-05,0.65,0.982415441591,0.649982284877,-0.000109076653139
6.89e-05,0.65,0.975769487595,0.649981945965,-0.000107287993046
6.9e-05,0.65,0.808627311183,0.649981631096,-0.00010546664759
6.91e-05,0.65,0.508480937106,0.64998133982,-0.000103614998656
6.92e-05,0.65,0.124699026197,0.649981071685,-0.000101735382984
6.93e-05,0.65,-0.279593396257,0.64998082623,-9.98300916311e-05
6.94e-05,0.65,-0.637897836818,0.649980602991,-9.79013694905e-05
6.95e-05,0.65,-0.891280064276,0.649980401502,-9.59514148639e-05
6.96e-05,0.65,-0.998063632768,0.649980221289,-9.39823790778e-05
6.97e-05,0.65,-0.940684811029,0.64998006188,-9.19963661503e-05
6.98e-05,0.65,-0.728581428278,0.649979922795,-8.99954325048e-05
6.99e-05,0.65,-0.396640490987,0.649979803557,-8.7981586729e-05
7e-05,0.65,0.000540082409786,0.649979703683,-8.5956789379e-05
7.01e-05,0.65,0.397631770592,0.649979622692,-8.39229528264e-05
7.02e-05,0.65,0.729320716322,0.6499795601,-8.18819411484e-05
7.03e-05,0.65,0.941050568858,0.649979515423,-7.98355700587e-05
7.04e-05,0.65,0.997995920906,0.649979488178,-7.77856068784e-05
7.05e-05,0.65,0.890790392252,0.64997947788,-7.57337705465e-05
7.06e-05,0.65,0.637067207744,0.649979484046,-7.36817316675e-05
7.07e-05,0.65,0.278558876925,0.649979506196,-7.16311125959e-05
7.08e-05,0.65,-0.125766980019,0.649979543847,-6.95834875567e-05
7.09e-05,0.65,-0.509406641913,0.649979596522,-6.75403827997e-05
7.1e-05,0.65,-0.80925884017,0.649979663743,-6.55032767874e-05
7.11e-05,0.65,-0.976003683425,0.649979745036,-6.34736004153e-05
7.12e-05,0.65,-0.982214826033,0.649979839929,-6.14527372627e-05
7.13e-05,0.65,-0.826870586743,0.649979947953,-5.94420238742e-05
7.14e-05,0.65,-0.535522022344,0.649980068643,-5.74427500697e-05
7.15e-05,0.65,-0.156090304116,0.649980201537,-5.54561592823e-05
7.16e-05,0.65,0.249015362021,0.649980346176,-5.34834489227e-05
7.17e-05,0.65,0.613162831026,0.649980502106,-5.15257707701e-05
7.18e-05,0.65,0.876456726384,0.649980668876,-4.95842313867e-05
7.19e-05,0.65,0.995590101258,0.649980846043,-4.76598925562e-05
7.2e-05,0.65,0.950967640968,0.649981033164,-4.57537717454e-05
7.21e-05,0.65,0.749928768049,0.649981229804,-4.38668425865e-05
7.22e-05,0.65,0.425540498307,0.649981435531,-4.20000353804e-05
7.23e-05,0.65,0.0311585860584,0.649981649922,-4.01542376197e-05
7.24e-05,0.65,-0.368348465976,0.649981872555,-3.83302945296e-05
7.25e-05,0.65,-0.707269056674,0.649982103017,-3.65290096274e-05
7.26e-05,0.65,-0.929856842941,0.649982340899,-3.47511452976e-05
7.27e-05,0.65,-0.999500026525,0.649982585799,-3.29974233836e-05
7.28e-05,0.65,-0.904743383874,0.64998283732,-3.12685257937e-05
7.29e-05,0.65,-0.661172511053,0.649983095073,-2.95650951212e-05
7.3e-05,0.65,-0.308850341887,0.649983358673,-2.78877352775e-05
7.31e-05,0.65,0.0942724324291,0.649983627745,-2.62370121368e-05
7.32e-05,0.65,0.481889189951,0.649983901916,-2.46134541933e-05
7.33e-05,0.65,0.790243644907,0.649984180824,-2.30175532275e-05
7.34e-05,0.65,0.968616668976,0.649984464112,-2.14497649827e-05
7.35e-05,0.65,0.987668762692,0.649984751429,-1.99105098506e-05
7.36e-05,0.65,0.844265972013,0.649985042432,-1.84001735641e-05
7.37e-05,0.65,0.56199545114,0.649985336786,-1.6919107898e-05
7.38e-05,0.65,0.187285849138,0.649985634161,-1.54676313759e-05
7.39e-05,0.65,-0.218229368919,0.649985934235,-1.40460299827e-05
7.4e-05,0.65,-0.58784957613,0.649986236695,-1.26545578823e-05
7.41e-05,0.65,-0.860778145787,0.649986541232,-1.12934381392e-05
7.42e-05,0.65,-0.992122545045,0.649986847546,-9.96286344455e-06
7.43e-05,0.65,-0.96027849843,0.649987155345,-8.66299684385e-06
7.44e-05,0.65,-0.770483628692,0.649987464344,-7.39397246788e-06
7.45e-05,0.65,-0.453956036482,0.649987774263,-6.15589626488e-06
7.46e-05,0.65,-0.0627594863358,0.649988084833,-4.94884673369e-06
7.47e-05,0.65,0.338760224366,0.649988395789,-3.77287565734e-06
7.48e-05,0.65,0.68455914276,0.649988706876,-2.6280088364e-06
7.49e-05,0.65,0.917758404224,0.649989017844,-1.51424682158e-06
7.5e-05,0.65,0.999999999996,0.649989328453,-4.31565644929e-07
7.51e-05,0.65,0.917756173002,0.649989638467,6.20082450786e-07
7.52e-05,0.65,0.684554621013,0.649989947661,1.64076828511e-06
7.53e-05,0.65,0.338753471503,0.649990255813,2.63058501582e-06
7.54e-05,0.65,-0.0627680095994,0.649990562712,3.58964741829e-06
7.55e-05,0.65,-0.45396520566,0.649990868153,4.51809116858e-06
7.56e-05,0.65,-0.770491550673,0.649991171936,5.41607213101e-06
7.57e-05,0.65,-0.960282669784,0.64999147387,6.28376565029e-06
7.58e-05,0.65,-0.992120308339,0.649991773772,7.12136584897e-06
7.59e-05,0.65,-0.860767386333,0.649992071464,7.92908493036e-06
7.6e-05,0.65,-0.587829511642,0.649992366775,8.70715248745e-06
7.61e-05,0.65,-0.2182012228,0.649992659541,9.45581481814e-06
7.62e-05,0.65,0.18731851313,0.649992949607,1.01753342472e-05
7.63e-05,0.65,0.562026909254,0.649993236821,1.0865988455e-05
7.64e-05,0.65,0.844289111746,0.649993521041,1.15280698143e-05
7.65e-05,0.65,0.987676383713,0.649993802128,1.21618847336e-05
7.66e-05,0.65,0.968603108451,0.649994079952,1.27677530094e-05
7.67e-05,0.65,0.790206405186,0.64999435439,1.33460071862e-05
7.68e-05,0.65,0.481830189064,0.649994625322,1.38969919253e-05
7.69e-05,0.65,0.0941985210143,0.649994892637,1.44210633821e-05
7.7e-05,0.65,-0.30892784454,0.64999515623,1.49185885923e-05
7.71e-05,0.65,-0.661239328085,0.649995416,1.53899448678e-05
7.72e-05,0.65,-0.904784684012,0.649995671853,1.58355192013e-05
7.73e-05,0.65,-0.999503346932,0.649995923703,1.62557076816e-05
7.74e-05,0.65,-0.929814994279,0.649996171465,1.6650914917e-05
7.75e-05,0.65,-0.707182401912,0.649996415064,1.70215534708e-05
7.76e-05,0.65,-0.368226013871,0.649996654428,1.73680433049e-05
7.77e-05,0.65,0.0312996590872,0.649996889491,1.7690811235e-05
7.78e-05,0.65,0.425677010517,0.649997120194,1.7990290396e-05
7.79e-05,0.65,0.75003516299,0.649997346479,1.82669197171e-05
7.8e-05,0.65,0.951020548999,0.649997568298,1.85211434085e-05
7.81e-05,0.65,0.995573046583,0.649997785605,1.87534104584e-05
7.82e-05,0.65,0.876364077384,0.649997998359,1.8964174141e-05
7.83e-05,0.65,0.613002142355,0.649998206525,1.91538915348e-05
7.84e-05,0.65,0.248807481144,0.649998410072,1.93230230529e-05
7.85e-05,0.65,-0.156313623771,0.649998608973,1.94720319831e-05
7.86e-05,0.65,-0.535722804224,0.649998803206,1.96013840401e-05
7.87e-05,0.65,-0.827010953173,0.649998992754,1.97115469279e-05
7.88e-05,0.65,-0.982263928045,0.649999177602,1.98029899142e-05
7.89e-05,0.65,-0.975943997309,0.649999357742,1.98761834152e-05
7.9e-05,0.65,-0.809090598686,0.649999533168,1.99315985913e-05
7.91e-05,0.65,-0.509149411945,0.649999703879,1.99697069554e-05
7.92e-05,0.65,-0.125457849158,0.649999869876,1.99909799901e-05
7.93e-05,0.65,0.27887045458,0.650000031165,1.99958887782e-05
7.94e-05,0.65,0.63732723226,0.650000187756,1.99849036423e-05
7.95e-05,0.65,0.890949585451,0.650000339661,1.99584937972e-05
7.96e-05,0.65,0.998018862819,0.650000486898,1.99171270115e-05
7.97e-05,0.65,0.940923033422,0.650000629484,1.98612692817e-05
7.98e-05,0.65,0.729053747228,0.650000767442,1.97913845162e-05
7.99e-05,0.65,0.397261531863,0.650000900799,1.97079342304e-05
8e-05,0.65,0.000123221917125,0.650001029581,1.96113772523e-05
8.01e-05,0.65,-0.397035429907,0.650001153821,1.95021694392e-05
8.02e-05,0.65,-0.728885262712,0.650001273551,1.93807634048e-05
8.03e-05,0.65,-0.940839796367,0.650001388809,1.92476082561e-05
8.04e-05,0.65,-0.998034257899,0.650001499633,1.91031493417e-05
8.05e-05,0.65,-0.891060566675,0.650001606065,1.89478280099e-05
8.06e-05,0.65,-0.637514914578,0.650001708147,1.87820813765e-05
8.07e-05,0.65,-0.279103369278,0.650001805925,1.86063421036e-05
8.08e-05,0.65,0.125218402595,0.650001899448,1.84210381877e-05
8.09e-05,0.65,0.508942839323,0.650001988764,1.82265927574e-05
8.1e-05,0.65,0.808950425733,0.650002073925,1.80234238818e-05
8.11e-05,0.65,0.975892342163,0.650002154985,1.7811944387e-05
8.12e-05,0.65,0.982307957357,0.650002231999,1.75925616835e-05
8.13e-05,0.65,0.827141899264,0.650002305023,1.73656776019e-05
8.14e-05,0.65,0.53591767666,0.650002374114,1.71316882379e-05
8.15e-05,0.65,0.156539286714,0.650002439334,1.68909838067e-05
8.16e-05,0.65,-0.248588594272,0.650002500742,1.6643948506e-05
8.17e-05,0.65,-0.61282567436,0.650002558401,1.63909603876e-05
8.18e-05,0.65,-0.876257843639,0.650002612373,1.61323912376e-05
8.19e-05,0.65,-0.995552576548,0.650002662724,1.58686064656e-05
8.2e-05,0.65,-0.951086800791,0.650002709518,1.55999650008e-05
8.21e-05,0.65,-0.750174751308,0.650002752822,1.53268191977e-05
8.22e-05,0.65,-0.425864849103,0.650002792702,1.50495147489e-05
8.23e-05,0.65,-0.0315035056902,0.650002829227,1.47683906057e-05
8.24e-05,0.65,0.368039937533,0.650002862465,1.44837789064e-05
8.25e-05,0.65,0.707043707186,0.650002892485,1.41960049123e-05
8.26e-05,0.65,0.929744319252,0.650002919356,1.39053869505e-05
8.27e-05,0.65,0.999509243216,0.650002943149,1.36122363644e-05
8.28e-05,0.65,0.904862675224,0.650002963934,1.33168574705e-05
8.29e-05,0.65,0.661373225369,0.650002981782,1.30195475224e-05
8.3e-05,0.65,0.309093007404,0.650002996763,1.27205966812e-05
8.31e-05,0.65,-0.0940306204007,0.65000300895,1.24202879928e-05
8.32e-05,0.65,-0.48168694609,0.650003018414,1.21188973707e-05
8.33e-05,0.65,-0.790109504009,0.650003025226,1.18166935856e-05
8.34e-05,0.65,-0.968565167321,0.650003029457,1.15139382604e-05
8.35e-05,0.65,-0.9876993574,0.650003031179,1.12108858715e-05
8.36e-05,0.65,-0.844364646744,0.650003030463,1.09077837553e-05
8.37e-05,0.65,-0.562138486949,0.650003027381,1.06048721201e-05
8.38e-05,0.65,-0.187444899403,0.650003022003,1.03023840639e-05
8.39e-05,0.65,0.218081918962,0.650003014401,1.00005455963e-05
8.4e-05,0.65,0.587735946282,0.650003004644,9.69957566597e-06
8.41e-05,0.65,0.860711961532,0.650002992804,9.3996861931e-06
8.42e-05,0.65,0.992107532664,0.650002978948,9.10108210579e-06
8.43e-05,0.65,0.960309117137,0.650002963148,8.80396138136e-06
8.44e-05,0.65,0.770547318729,0.650002945471,8.5085150918e-06
8.45e-05,0.65,0.454036489249,0.650002925986,8.21492745335e-06
8.46e-05,0.65,0.062840205253,0.650002904761,7.92337588002e-06
8.47e-05,0.65,-0.338692789539,0.650002881863,7.63403104097e-06
8.48e-05,0.65,-0.684513453879,0.650002857358,7.3470569215e-06
8.49e-05,0.65,-0.917737001068,0.650002831312,7.06261088756e-06
8.5e-05,0.65,-0.999999999092,0.65000280379,6.78084375359e-06
8.51e-05,0.65,-0.917770849459,0.650002774858,6.50189985355e-06
8.52e-05,0.65,-0.68457562163,0.650002744578,6.22591711503e-06
8.53e-05,0.65,-0.338773112687,0.650002713013,5.95302713622e-06
8.54e-05,0.65,0.0627548803797,0.650002680226,5.68335526566e-06
8.55e-05,0.65,0.45396017305,0.650002646277,5.41702068457e-06
8.56e-05,0.65,0.770492599782,0.650002611228,5.15413649174e-06
8.57e-05,0.65,0.960285104852,0.650002575137,4.8948097906e-06
8.58e-05,0.65,0.99211835418,0.650002538064,4.63914177866e-06
8.59e-05,0.65,0.860756058793,0.650002500065,4.38722783889e-06
8.6e-05,0.65,0.587806292275,0.650002461199,4.13915763304e-06
8.61e-05,0.65,0.218167125042,0.650002421519,3.89501519689e-06
8.62e-05,0.65,-0.187358757015,0.650002381082,3.65487903695e-06
8.63e-05,0.65,-0.562065611127,0.650002339941,3.41882222896e-06
8.64e-05,0.65,-0.844317195957,0.650002298149,3.18691251761e-06
8.65e-05,0.65,-0.987685431795,0.650002255757,2.95921241768e-06
8.66e-05,0.65,-0.968587435818,0.650002212817,2.73577931636e-06
8.67e-05,0.65,-0.790164703978,0.650002169378,2.51666557658e-06
8.68e-05,0.65,-0.481766348409,0.650002125489,2.30191864143e-06
8.69e-05,0.65,-0.0941213967785,0.650002081198,2.09158113925e-06
8.7e-05,0.65,0.309005726097,0.65000203655,1.88569098964e-06
8.71e-05,0.65,0.661303927122,0.650001991592,1.68428151003e-06
8.72e-05,0.65,0.904823073309,0.650001946367,1.48738152273e-06
8.73e-05,0.65,0.999506304749,0.65000190092,1.29501546257e-06
8.74e-05,0.65,0.929779046822,0.650001855293,1.10720348473e-06
8.75e-05,0.65,0.707110886228,0.650001809526,9.23961572878e-07
8.76e-05,0.65,0.368128906702,0.65000176366,7.45301647484e-07
8.77e-05,0.65,-0.0314071716945,0.650001717733,5.71231674149e-07
8.78e-05,0.65,-0.425777007503,0.650001671784,4.01755771938e-07
8.79e-05,0.65,-0.750110085383,0.65000162585,2.36874321596e-07
8.8e-05,0.65,-0.951056367599,0.650001579966,7.65840735742e-08
8.81e-05,0.65,-0.995561917818,0.650001534167,-7.91217442147e-08
8.82e-05,0.65,-0.876305983078,0.650001488487,-2.30253318989e-07
8.83e-05,0.65,-0.612905182836,0.650001442958,-3.7682414611e-07
8.84e-05,0.65,-0.248686729547,0.650001397611,-5.18850922595e-07
8.85e-05,0.65,0.156438538256,0.650001352477,-6.56353441184e-07
8.86e-05,0.65,0.535830982552,0.650001307586,-7.89354485046e-07
8.87e-05,0.65,0.827083815913,0.650001262966,-9.17879723178e-07
8.88e-05,0.65,0.982288477458,0.650001218644,-1.04195760656e-06
8.89e-05,0.65,0.975915169757,0.650001174646,-1.16161926512e-06
8.9e-05,0.65,0.809012278554,0.650001130997,-1.27689840561e-06
8.91e-05,0.65,0.50903391006,0.650001087723,-1.38783121035e-06
8.92e-05,0.65,0.125323917656,0.650001044846,-1.49445623701e-06
8.93e-05,0.65,-0.279000740729,0.650001002388,-1.59681431941e-06
8.94e-05,0.65,-0.637432195428,0.65000096037,-1.69494846939e-06
8.95e-05,0.65,-0.891011626992,0.650000918814,-1.78890377979e-06
8.96e-05,0.65,-0.998027469563,0.650000877738,-1.87872732869e-06
8.97e-05,0.65,-0.940876587801,0.650000837161,-1.96446808473e-06
8.98e-05,0.65,-0.728959826476,0.650000797101,-2.04617681378e-06
8.99e-05,0.65,-0.39713564326,0.650000757573,-2.1239059869e-06
9e-05,0.65,1.38086172247e-05,0.650000718594,-2.19770968953e-06
9.01e-05,0.65,0.397160966785,0.650000680178,-2.26764353216e-06
9.02e-05,0.65,0.728978665183,0.65000064234,-2.33376456231e-06
9.03e-05,0.65,0.940885868661,0.650000605092,-2.39613117795e-06
9.04e-05,0.65,0.99802575983,0.650000568447,-2.45480304236e-06
9.05e-05,0.65,0.89099936474,0.650000532416,-2.50984100049e-06
9.06e-05,0.65,0.637411589668,0.650000497009,-2.56130699675e-06
9.07e-05,0.65,0.278975362477,0.650000462237,-2.60926399438e-06
9.08e-05,0.65,-0.125349776232,0.650000428109,-2.65377589633e-06
9.09e-05,0.65,-0.50905599028,0.650000394632,-2.69490746768e-06
9.1e-05,0.65,-0.809027086654,0.650000361814,-2.73272425964e-06
9.11e-05,0.65,-0.975920554738,0.650000329663,-2.76729253513e-06
9.12e-05,0.65,-0.982283955548,0.650000298183,-2.79867919598e-06
9.13e-05,0.65,-0.827070590272,0.650000267381,-2.82695171167e-06
9.14e-05,0.65,-0.535811663892,0.65000023726,-2.8521780498e-06
9.15e-05,0.65,-0.156416626815,0.650000207826,-2.87442660804e-06
9.16e-05,0.65,0.24870749797,0.65000017908,-2.89376614783e-06
9.17e-05,0.65,0.612921502119,0.650000151027,-2.91026572969e-06
9.18e-05,0.65,0.876315530675,0.650000123667,-2.92399465008e-06
9.19e-05,0.65,0.995563699912,0.650000097003,-2.93502238007e-06
9.2e-05,0.65,0.951050801159,0.650000071035,-2.94341850547e-06
9.21e-05,0.65,0.750098814929,0.650000045764,-2.94925266876e-06
9.22e-05,0.65,0.425762505413,0.650000021189,-2.95259451251e-06
9.23e-05,0.65,0.0313922107564,0.649999997309,-2.95351362459e-06
9.24e-05,0.65,-0.368141798546,0.649999974124,-2.95207948491e-06
9.25e-05,0.65,-0.70711988029,0.64999995163,-2.94836141379e-06
9.26e-05,0.65,-0.929783291551,0.649999929827,-2.94242852202e-06
9.27e-05,0.65,-0.999505981074,0.64999990871,-2.93434966246e-06
9.28e-05,0.65,-0.904819229364,0.649999888278,-2.9241933833e-06
9.29e-05,0.65,-0.661298140573,0.649999868525,-2.91202788285e-06
9.3e-05,0.65,-0.308999677321,0.649999849449,-2.897920966e-06
9.31e-05,0.65,0.0941263407033,0.649999831044,-2.8819400022e-06
9.32e-05,0.65,0.481769444036,0.649999813305,-2.86415188496e-06
9.33e-05,0.65,0.790165966917,0.649999796227,-2.84462299302e-06
9.34e-05,0.65,0.968587572751,0.649999779805,-2.82341915292e-06
9.35e-05,0.65,0.987685587708,0.649999764032,-2.80060560317e-06
9.36e-05,0.65,0.844318578586,0.649999748902,-2.7762469599e-06
9.37e-05,0.65,0.562069084726,0.649999734408,-2.75040718397e-06
9.38e-05,0.65,0.187364507571,0.649999720544,-2.72314954962e-06
9.39e-05,0.65,-0.218159763902,0.649999707301,-2.69453661447e-06
9.4e-05,0.65,-0.587798797068,0.649999694672,-2.66463019103e-06
9.41e-05,0.65,-0.860750449849,0.649999682651,-2.63349131962e-06
9.42e-05,0.65,-0.99211674959,0.649999671227,-2.60118024262e-06
9.43e-05,0.65,-0.960289184396,0.649999660393,-2.56775638015e-06
9.44e-05,0.65,-0.770503096764,0.649999650141,-2.53327830712e-06
9.45e-05,0.65,-0.453976516081,0.649999640462,-2.49780373154e-06
9.46e-05,0.65,-0.062775084673,0.649999631346,-2.46138947418e-06
9.47e-05,0.65,0.338752250776,0.649999622785,-2.42409144957e-06
9.48e-05,0.65,0.684558034154,0.649999614769,-2.38596464815e-06
9.49e-05,0.65,0.917760482337,0.649999607289,-2.34706311977e-06
9.5e-05,0.65,0.999999999895,0.649999600335,-2.30743995835e-06
9.51e-05,0.65,0.917748968256,0.649999593897,-2.26714728777e-06
9.52e-05,0.65,0.684536909154,0.649999587966,-2.22623624891e-06
9.53e-05,0.65,0.338725004524,0.649999582531,-2.18475698783e-06
9.54e-05,0.65,-0.0628039563065,0.649999577582,-2.14275864514e-06
9.55e-05,0.65,-0.454002257874,0.64999957311,-2.10028934638e-06
9.56e-05,0.65,-0.770521482692,0.649999569104,-2.05739619355e-06
9.57e-05,0.65,-0.960297216267,0.649999565553,-2.01412525766e-06
9.58e-05,0.65,-0.992113149469,0.649999562447,-1.97052157228e-06
9.59e-05,0.65,-0.860735864807,0.649999559776,-1.92662912821e-06
9.6e-05,0.65,-0.587775683167,0.649999557529,-1.88249086893e-06
9.61e-05,0.65,-0.218131970101,0.649999555696,-1.83814868723e-06
9.62e-05,0.65,0.187392384749,0.649999554265,-1.79364342257e-06
9.63e-05,0.65,0.562092466925,0.649999553228,-1.74901485948e-06
9.64e-05,0.65,0.844333663325,0.649999552572,-1.70430172677e-06
9.65e-05,0.65,0.987689971716,0.649999552288,-1.65954169762e-06
9.66e-05,0.65,0.968580637894,0.649999552365,-1.61477139049e-06
9.67e-05,0.65,0.790148966152,0.649999552792,-1.57002637084e-06
9.68e-05,0.65,0.481745275555,0.649999553559,-1.52534115361e-06
9.69e-05,0.65,0.0940990507835,0.649999554656,-1.48074920651e-06
9.7e-05,0.65,-0.309025577107,0.649999556071,-1.43628295395e-06
9.71e-05,0.65,-0.661318425792,0.649999557796,-1.39197378178e-06
9.72e-05,0.65,-0.904830658275,0.649999559818,-1.34785204261e-06
9.73e-05,0.65,-0.999506817679,0.649999562129,-1.3039470619e-06
9.74e-05,0.65,-0.929773570822,0.649999564718,-1.26028714456e-06
9.75e-05,0.65,-0.707101374624,0.649999567575,-1.21689958227e-06
9.76e-05,0.65,-0.368117695322,0.649999570689,-1.17381066134e-06
9.77e-05,0.65,0.0314178621401,0.649999574052,-1.1310456711e-06
9.78e-05,0.65,0.425785480624,0.649999577652,-1.08862891291e-06
9.79e-05,0.65,0.750115418321,0.649999581481,-1.04658370961e-06
9.8e-05,0.65,0.951058467464,0.649999585529,-1.00493241554e-06
9.81e-05,0.65,0.995561394751,0.649999589786,-9.63696426945e-07
9.82e-05,0.65,0.876303886471,0.649999594242,-9.2289619294e-07
9.83e-05,0.65,0.61290267205,0.649999598889,-8.82551226804e-07
9.84e-05,0.65,0.248684758789,0.649999603718,-8.42680117745e-07
9.85e-05,0.65,-0.156439450184,0.649999608719,-8.03300543028e-07
9.86e-05,0.65,-0.535830850323,0.649999613883,-7.64429280476e-07
9.87e-05,0.65,-0.827083138552,0.649999619201,-7.26082221319e-07
9.88e-05,0.65,-0.98228806106,0.649999624666,-6.88274383363e-07
9.89e-05,0.65,-0.97591586962,0.649999630267,-6.51019924472e-07
9.9e-05,0.65,-0.80901472554,0.649999635998,-6.14332156333e-07
9.91e-05,0.65,-0.509038288597,0.649999641849,-5.78223558489e-07
9.92e-05,0.65,-0.125329850531,0.649999647813,-5.42705792622e-07
9.93e-05,0.65,0.27899416989,0.649999653882,-5.07789717066e-07
9.94e-05,0.65,0.63742628202,0.649999660047,-4.73485401533e-07
9.95e-05,0.65,0.891007778723,0.649999666302,-4.3980214203e-07
9.96e-05,0.65,0.998026888897,0.649999672638,-4.06748475959e-07
9.97e-05,0.65,0.94087997224,0.649999679048,-3.7433219737e-07
9.98e-05,0.65,0.728967154021,0.649999685526,-3.42560372368e-07
9.99e-05,0.65,0.397146094743,0.649999692063,-3.11439354633e-07
0.0001,0.65,-1.76541674227e-06,0.649999698654,-2.80974801065e-07
0.0001001,0.65,-0.397149338996,0.649999705291,-2.51171687513e-07
0.0001002,0.65,-0.728969582421,0.649999711968,-2.22034324596e-07
0.0001003,0.65,-0.940881180931,0.649999718678,-1.9356637358e-07
0.0001004,0.65,-0.998026663027,0.649999725416,-1.65770862311e-07
0.0001005,0.65,-0.891006128687,0.649999732174,-1.38650201186e-07
0.0001006,0.65,-0.637423446527,0.649999738948,-1.12206199143e-07
0.0001007,0.65,-0.278990584485,0.649999745731,-8.6440079669e-08
0.0001008,0.65,0.125333616014,0.649999752518,-6.13524967964e-08
0.0001009,0.65,0.509041615548,0.649999759303,-3.69435510923e-08
0.000101,0.65,0.809017043172,0.649999766081,-1.32128056158e-08
0.0001011,0.65,0.975916748451,0.649999772847,9.84069816243e-09
0.0001012,0.65,0.982287288661,0.649999779596,3.22184244905e-08
0.0001013,0.65,0.827080764711,0.649999786322,5.39223275278e-08
0.0001014,0.65,0.53582719262,0.649999793023,7.49548356092e-08
0.0001015,0.65,0.156435056573,0.649999799692,9.5318835592e-08
0.0001016,0.65,-0.248689187192,0.649999806325,1.15017657295e-07
0.0001017,0.65,-0.612906388111,0.64999981292,1.3405505804e-07
0.0001018,0.65,-0.87630621863,0.64999981947,1.52435207304e-07
0.0001019,0.65,-0.995561863985,0.649999825973,1.70162671491e-07
0.000102,0.65,-0.951056879846,0.649999832424,1.87242398835e-07
0.0001021,0.65,-0.750111915949,0.64999983882,2.03679704433e-07
0.0001022,0.65,-0.425780539353,0.649999845159,2.19480255434e-07
0.0001023,0.65,-0.0314122327004,0.649999851435,2.34650056369e-07
0.0001024,0.65,0.368123096895,0.649999857646,2.49195434644e-07
0.0001025,0.65,0.707105612161,0.64999986379,2.63123026203e-07
0.0001026,0.65,0.929775846483,0.649999869863,2.76439761357e-07
0.0001027,0.65,0.999506617431,0.649999875863,2.89152850796e-07
0.0001028,0.65,0.904827858436,0.649999881786,3.01269771785e-07
0.0001029,0.65,0.661313339568,0.649999887631,3.12798254546e-07
0.000103,0.65,0.309018928973,0.649999893395,3.23746268843e-07
0.0001031,0.65,-0.0941062232848,0.649999899076,3.3412201076e-07
0.0001032,0.65,-0.481751780401,0.649999904672,3.43933889686e-07
0.0001033,0.65,-0.790153652234,0.649999910181,3.5319051551e-07
0.0001034,0.65,-0.968582595633,0.649999915601,3.61900686032e-07
0.0001035,0.65,-0.98768870434,0.64999992093,3.70073374582e-07
0.0001036,0.65,-0.844329197161,0.649999926167,3.77717717867e-07
0.0001037,0.65,-0.562085377764,0.649999931311,3.84843004043e-07
0.0001038,0.65,-0.187383730626,0.64999993636,3.91458661003e-07
0.0001039,0.65,0.218140803524,0.649999941312,3.97574244907e-07
0.000104,0.65,0.587783202746,0.649999946168,4.03199428934e-07
0.0001041,0.65,0.860740720953,0.649999950925,4.08343992272e-07
0.0001042,0.65,0.992114376063,0.649999955582,4.13017809344e-07
0.0001043,0.65,0.96029441706,0.64999996014,4.17230839267e-07
0.0001044,0.65,0.770514928873,0.649999964597,4.20993115555e-07
0.0001045,0.65,0.453992875204,0.649999968953,4.24314736058e-07
0.0001046,0.65,0.0627931984459,0.649999973207,4.27205853144e-07
0.0001047,0.65,-0.338735380112,0.649999977359,4.29676664122e-07
0.0001048,0.65,-0.684545128463,0.649999981409,4.31737401904e-07
0.0001049,0.65,-0.917753544198,0.649999985356,4.33398325916e-07
0.000105,0.65,-0.999999999996,0.6499999892,4.34669713248e-07
0.0001051,0.65,-0.917755712561,0.649999992941,4.35561850043e-07
0.0001052,0.65,-0.684549103302,0.649999996579,4.36085023133e-07
0.0001053,0.65,-0.338740499233,0.650000000114,4.36249511918e-07
0.0001054,0.65,0.0627877850548,0.650000003547,4.36065580482e-07
0.0001055,0.65,0.453988061409,0.650000006878,4.35543469951e-07
0.0001056,0.65,0.770511501803,0.650000010107,4.34693391091e-07
0.0001057,0.65,0.960292925724,0.650000013234,4.33525517144e-07
0.0001058,0.65,0.992115041547,0.65000001626,4.32049976904e-07
0.0001059,0.65,0.860743403199,0.650000019186,4.30276848022e-07
0.000106,0.65,0.587787429,0.650000022012,4.28216150552e-07
0.0001061,0.65,0.218145852822,0.650000024738,4.25877840727e-07
0.0001062,0.65,-0.187378702197,0.650000027366,4.23271804964e-07
0.0001063,0.65,-0.562081193116,0.650000029897,4.20407854099e-07
0.0001064,0.65,-0.84432652059,0.65000003233,4.17295717849e-07
0.0001065,0.65,-0.987687933722,0.650000034668,4.13945039499e-07
0.0001066,0.65,-0.968583802348,0.65000003691,4.10365370809e-07
0.0001067,0.65,-0.790156578063,0.650000039058,4.06566167144e-07
0.0001068,0.65,-0.481755890577,0.650000041114,4.02556782814e-07
0.0001069,0.65,-0.094110805095,0.650000043077,3.98346466639e-07
0.000107,0.65,0.309014640295,0.65000004495,3.93944357715e-07
0.0001071,0.65,0.661310030237,0.650000046733,3.893594814e-07
0.0001072,0.65,0.90482602356,0.650000048427,3.84600745493e-07
0.0001073,0.65,0.99950648543,0.650000050034,3.79676936631e-07
0.0001074,0.65,0.929777352326,0.650000051556,3.74596716873e-07
0.0001075,0.65,0.707108422246,0.650000052992,3.69368620487e-07
0.0001076,0.65,0.368126679163,0.650000054345,3.64001050934e-07
0.0001077,0.65,-0.0314085076533,0.650000055617,3.58502278032e-07
0.0001078,0.65,-0.42577728537,0.650000056807,3.52880435322e-07
0.0001079,0.65,-0.750109627197,0.650000057918,3.47143517602e-07
0.000108,0.65,-0.951055853622,0.650000058952,3.41299378656e-07
0.0001081,0.65,-0.995562162897,0.650000059909,3.35355729149e-07
0.0001082,0.65,-0.876307676877,0.650000060791,3.29320134703e-07
0.0001083,0.65,-0.61290865824,0.650000061599,3.23200014138e-07
0.0001084,0.65,-0.248691816375,0.650000062336,3.17002637882e-07
0.0001085,0.65,0.156432536671,0.650000063002,3.10735126545e-07
0.0001086,0.65,0.535825180091,0.6500000636,3.04404449652e-07
0.0001087,0.65,0.827079521773,0.65000006413,2.98017424527e-07
0.0001088,0.65,0.982286907434,0.650000064594,2.91580715336e-07
0.0001089,0.65,0.975917152706,0.650000064993,2.85100832275e-07
0.000109,0.65,0.809018023231,0.65000006533,2.78584130902e-07
0.0001091,0.65,0.50904288698,0.650000065606,2.72036811615e-07
0.0001092,0.65,0.125334888377,0.650000065822,2.65464919258e-07
0.0001093,0.65,-0.278989544068,0.65000006598,2.5887434287e-07
0.0001094,0.65,-0.637422768435,0.650000066081,2.52270815563e-07
0.0001095,0.65,-0.891005823441,0.650000066128,2.45659914521e-07
0.0001096,0.65,-0.998026634117,0.650000066121,2.39047061122e-07
0.0001097,0.65,-0.940881263662,0.650000066062,2.32437521191e-07
0.0001098,0.65,-0.728969598774,0.650000065952,2.25836405351e-07
0.0001099,0.65,-0.397149154915,0.650000065794,2.19248669497e-07
0.00011,0.65,-1.33630230093e-06,0.650000065589,2.12679115378e-07
0.0001101,0.65,0.397146701988,0.650000065338,2.06132391279e-07
0.0001102,0.65,0.728967768858,0.650000065043,1.99612992805e-07
0.0001103,0.65,0.940880357915,0.650000064705,1.93125263768e-07
0.0001104,0.65,0.998026802075,0.650000064326,1.86673397158e-07
0.0001105,0.65,0.891007038385,0.650000063907,1.80261436215e-07
0.0001106,0.65,0.637424831614,0.65000006345,1.73893275584e-07
0.0001107,0.65,0.278992117123,0.650000062956,1.67572662546e-07
0.0001108,0.65,-0.125332228058,0.650000062427,1.61303198345e-07
0.0001109,0.65,-0.509040577001,0.650000061864,1.55088339576e-07
0.000111,0.65,-0.809016444347,0.650000061269,1.4893139966e-07
0.0001111,0.65,-0.975916566163,0.650000060643,1.42835550374e-07
0.0001112,0.65,-0.982287411795,0.650000059987,1.36803823467e-07
0.0001113,0.65,-0.827081036355,0.650000059303,1.3083911232e-07
0.0001114,0.65,-0.535827457816,0.650000058592,1.24944173685e-07
0.0001115,0.65,-0.156435204289,0.650000057855,1.19121629464e-07
0.0001116,0.65,0.248689197195,0.650000057094,1.13373968557e-07
0.0001117,0.65,0.612906518938,0.65000005631,1.07703548755e-07
0.0001118,0.65,0.876306370954,0.650000055505,1.02112598678e-07
0.0001119,0.65,0.995561907481,0.650000054679,9.66032197663e-08
0.000112,0.65,0.951056693326,0.650000053834,9.11773883093e-08
0.0001121,0.65,0.750111426295,0.650000052971,8.58369575141e-08
0.0001122,0.65,0.425779749699,0.650000052092,8.05836596135e-08
0.0001123,0.65,0.0314112327165,0.650000051197,7.54191080065e-08
0.0001124,0.65,-0.368124141733,0.650000050287,7.03447994308e-08
0.0001125,0.65,-0.70710649079,0.650000049364,6.5362116164e-08
0.0001126,0.65,-0.929776346016,0.650000048429,6.04723282522e-08
0.0001127,0.65,-0.999506571354,0.650000047483,5.56765957608e-08
0.0001128,0.65,-0.904827188839,0.650000046527,5.09759710482e-08
0.0001129,0.65,-0.661312083876,0.650000045563,4.63714010576e-08
0.000113,0.65,-0.309017244539,0.65000004459,4.18637296258e-08
0.0001131,0.65,0.0941080790343,0.65000004361,3.74536998061e-08
0.0001132,0.65,0.481753491622,0.650000042624,3.31419562033e-08
0.0001133,0.65,0.79015490097,0.650000041633,2.8929047319e-08
0.0001134,0.65,0.968583122353,0.650000040638,2.48154279041e-08
0.0001135,0.65,0.987688361041,0.65000003964,2.08014613169e-08
0.0001136,0.65,0.844327982357,0.65000003864,1.6887421886e-08
0.0001137,0.65,0.562083445791,0.650000037638,1.30734972732e-08
0.0001138,0.65,0.187381372353,0.650000036636,9.3597908373e-09
0.0001139,0.65,-0.218143206161,0.650000035634,5.74632399577e-09
0.000114,0.65,-0.587785240941,0.650000034632,2.23303858201e-09
0.0001141,0.65,-0.860742030779,0.650000033633,-1.18020080254e-09
0.0001142,0.65,-0.992114704853,0.650000032636,-4.49360444386e-09
0.0001143,0.65,-0.960293672166,0.650000031642,-7.70745517964e-09
0.0001144,0.65,-0.770513199433,0.650000030652,-1.08221060741e-08
0.0001145,0.65,-0.45399042227,0.650000029666,-1.3837978105e-08
0.0001146,0.65,-0.0627904144587,0.650000028686,-1.67555578639e-08
0.0001147,0.65,0.33873803597,0.650000027712,-1.95753952718e-08
0.0001148,0.65,0.684547208059,0.650000026744,-2.22981013105e-08
0.0001149,0.65,0.917754687879,0.650000025783,-2.49243457723e-08
0.000115,0.65,1,0.650000024829,-2.74548550279e-08
0.0001151,0.65,0.917754551097,0.650000023884,-2.9890409815e-08
0.0001152,0.65,0.684546958299,0.650000022947,-3.22318430475e-08
0.0001153,0.65,0.338737716409,0.650000022019,-3.44800376478e-08
0.0001154,0.65,-0.0627907492653,0.650000021101,-3.66359244021e-08
0.0001155,0.65,-0.453990716399,0.650000020192,-3.87004798402e-08
0.0001156,0.65,-0.77051340568,0.650000019294,-4.06747241406e-08
0.0001157,0.65,-0.960293760282,0.650000018407,-4.25597190622e-08
0.0001158,0.65,-0.992114666384,0.650000017531,-4.43565659029e-08
0.0001159,0.65,-0.860741879665,0.650000016667,-4.60664034865e-08
0.000116,0.65,-0.587785009872,0.650000015815,-4.7690406178e-08
0.0001161,0.65,-0.218142939526,0.650000014975,-4.92297819287e-08
0.0001162,0.65,0.187381627413,0.650000014147,-5.06857703515e-08
0.0001163,0.65,0.56208364839,0.650000013332,-5.20596408268e-08
0.0001164,0.65,0.844328105124,0.650000012531,-5.33526906401e-08
0.0001165,0.65,0.987688394229,0.650000011743,-5.45662431511e-08
0.0001166,0.65,0.968583074091,0.650000010968,-5.57016459964e-08
0.0001167,0.65,0.790154793791,0.650000010207,-5.67602693235e-08
0.0001168,0.65,0.481753356166,0.65000000946,-5.77435040601e-08
0.0001169,0.65,0.0941079464278,0.650000008727,-5.86527602154e-08
0.000117,0.65,-0.309017349864,0.650000008009,-5.94894652171e-08
0.0001171,0.65,-0.661312149311,0.650000007305,-6.02550622819e-08
0.0001172,0.65,-0.904827215525,0.650000006616,-6.09510088212e-08
0.0001173,0.65,-0.999506572519,0.650000005942,-6.15787748814e-08
0.0001174,0.65,-0.929776342159,0.650000005282,-6.21398416202e-08
0.0001175,0.65,-0.707106502903,0.650000004638,-6.26356998178e-08
0.0001176,0.65,-0.368124184245,0.650000004008,-6.30678484232e-08
0.0001177,0.65,0.0314111574728,0.650000003393,-6.34377931374e-08
0.0001178,0.65,0.42577965398,0.650000002794,-6.37470450311e-08
0.0001179,0.65,0.750111335548,0.65000000221,-6.3997119199e-08
0.000118,0.65,0.951056640926,0.650000001641,-6.41895334497e-08
0.0001181,0.65,0.995561926567,0.650000001087,-6.43258070313e-08
0.0001182,0.65,0.876306485086,0.650000000548,-6.4407459393e-08
0.0001183,0.65,0.612906733748,0.650000000025,-6.44360089823e-08
0.0001184,0.65,0.248689495161,0.649999999517,-6.44129720779e-08
0.0001185,0.65,-0.156434864322,0.649999999024,-6.43398616579e-08
0.0001186,0.65,-0.535827135661,0.649999998545,-6.4218186304e-08
0.0001187,0.65,-0.827080800476,0.649999998082,-6.40494491402e-08
0.0001188,0.65,-0.982287325885,0.649999997634,-6.38351468069e-08
0.0001189,0.65,-0.975916674798,0.649999997201,-6.357676847e-08
0.000119,0.65,-0.809016760687,0.649999996782,-6.32757948641e-08
0.0001191,0.65,-0.509041075392,0.649999996378,-6.29336973707e-08
0.0001192,0.65,-0.125332843638,0.649999995989,-6.255193713e-08
0.0001193,0.65,0.278991480925,0.649999995614,-6.21319641865e-08
0.0001194,0.65,0.637424288335,0.649999995253,-6.16752166684e-08
0.0001195,0.65,0.891006698714,0.649999994907,-6.11831200003e-08
0.0001196,0.65,0.998026752359,0.649999994575,-6.06570861478e-08
0.0001197,0.65,0.940880641043,0.649999994256,-6.00985128959e-08
0.0001198,0.65,0.728968371466,0.649999993951,-5.95087831584e-08
0.0001199,0.65,0.397147551054,0.64999999366,-5.88892643195e-08
0.00012,0.65,-3.6594092563e-07,0.649999993383,-5.82413076068e-08
0.0001201,0.65,-0.397148222586,0.649999993118,-5.75662474949e-08
0.0001202,0.65,-0.728968872007,0.649999992867,-5.68654011397e-08
0.0001203,0.65,-0.94088088844,0.649999992629,-5.61400678427e-08
0.0001204,0.65,-0.998026706575,0.649999992403,-5.53915285448e-08
0.0001205,0.65,-0.891006368381,0.64999999219,-5.46210453491e-08
0.0001206,0.65,-0.637423729143,0.649999991989,-5.3829861073e-08
0.0001207,0.65,-0.278990786137,0.6499999918,-5.30191988276e-08
0.0001208,0.65,0.1253335589,0.649999991623,-5.21902616254e-08
0.0001209,0.65,0.50904169343,0.649999991458,-5.13442320149e-08
0.000121,0.65,0.809017180814,0.649999991305,-5.04822717425e-08
0.0001211,0.65,0.97591682993,0.649999991162,-4.96055214395e-08
0.0001212,0.65,0.982287193374,0.649999991031,-4.87151003357e-08
0.0001213,0.65,0.827080405418,0.649999990911,-4.7812105998e-08
0.0001214,0.65,0.535826546184,0.649999990801,-4.68976140934e-08
0.0001215,0.65,0.156434179742,0.649999990702,-4.59726781763e-08
0.0001216,0.65,-0.248690161259,0.649999990613,-4.50383294992e-08
0.0001217,0.65,-0.612907272574,0.649999990534,-4.40955768468e-08
0.0001218,0.65,-0.876306810643,0.649999990464,-4.31454063922e-08
0.0001219,0.65,-0.995561989549,0.649999990405,-4.21887815753e-08
0.000122,0.65,-0.951056436249,0.649999990354,-4.12266430027e-08
0.0001221,0.65,-0.750110902345,0.649999990313,-4.02599083682e-08
0.0001222,0.65,-0.425779068197,0.64999999028,-3.92894723941e-08
0.0001223,0.65,-0.0314105184491,0.649999990256,-3.83162067918e-08
0.0001224,0.65,0.368124770829,0.64999999024,-3.7340960242e-08
0.0001225,0.65,0.70710694275,0.649999990233,-3.63645583935e-08
0.0001226,0.65,0.92977656774,0.649999990233,-3.53878038803e-08
0.0001227,0.65,0.999506553574,0.649999990241,-3.4411476356e-08
0.0001228,0.65,0.904826963015,0.649999990257,-3.34363325457e-08
0.0001229,0.65,0.661311712322,0.64999999028,-3.24631063145e-08
0.000123,0.65,0.309016806186,0.649999990309,-3.14925087513e-08
0.0001231,0.65,-0.094108504263,0.649999990346,-3.0525228269e-08
0.0001232,0.65,-0.48175383687,0.649999990389,-2.95619307194e-08
0.0001233,0.65,-0.790155122527,0.649999990439,-2.86032595221e-08
0.0001234,0.65,-0.968583204333,0.649999990494,-2.76498358078e-08
0.0001235,0.65,-0.987688314349,0.649999990555,-2.6702258575e-08
0.0001236,0.65,-0.844327838772,0.649999990622,-2.57611048593e-08
0.0001237,0.65,-0.562083248834,0.649999990695,-2.48269299153e-08
0.0001238,0.65,-0.187381167076,0.649999990773,-2.39002674106e-08
0.0001239,0.65,0.218143382317,0.649999990855,-2.29816296305e-08
0.000124,0.65,0.587785364486,0.649999990943,-2.20715076942e-08
0.0001241,0.65,0.860742094715,0.649999991035,-2.11703717817e-08
0.0001242,0.65,0.992114717284,0.649999991132,-2.02786713695e-08
0.0001243,0.65,0.960293651675,0.649999991232,-1.93968354769e-08
0.0001244,0.65,0.770513168581,0.649999991337,-1.85252729205e-08
0.0001245,0.65,0.453990400848,0.649999991446,-1.76643725781e-08
0.0001246,0.65,0.0627904140891,0.649999991558,-1.68145036595e-08
0.0001247,0.65,-0.338738014691,0.649999991673,-1.5976015986e-08
0.0001248,0.65,-0.684547175316,0.649999991792,-1.51492402765e-08
0.0001249,0.65,-0.917754661454,0.649999991914,-1.43344884406e-08
0.000125,0.65,-1,0.649999992038,-1.3532053878e-08
0.0001251,0.65,-0.917754593888,0.649999992165,-1.27422117833e-08
0.0001252,0.65,-0.684547051125,0.649999992295,-1.19652194574e-08
0.0001253,0.65,-0.338737854026,0.649999992427,-1.12013166227e-08
0.0001254,0.65,0.0627905850636,0.649999992561,-1.04507257442e-08
0.0001255,0.65,0.45399055412,0.649999992697,-9.71365235383e-09
0.0001256,0.65,0.770513278782,0.649999992835,-8.99028537961e-09
0.0001257,0.65,0.960293700193,0.649999992975,-8.28079747768e-09
0.0001258,0.65,0.992114695341,0.649999993116,-7.58534536793e-09
0.0001259,0.65,0.860742004922,0.649999993259,-6.90407017234e-09
0.000126,0.65,0.587785220588,0.649999993402,-6.23709775572e-09
0.0001261,0.65,0.218143207153,0.649999993547,-5.58453906876e-09
0.0001262,0.65,-0.187381345115,0.649999993692,-4.94649049273e-09
0.0001263,0.65,-0.562083400318,0.649999993839,-4.32303418577e-09
0.0001264,0.65,-0.844327938007,0.649999993986,-3.7142384303e-09
0.0001265,0.65,-0.987688343662,0.649999994133,-3.12015798133e-09
0.0001266,0.65,-0.968583157158,0.649999994281,-2.54083441529e-09
0.0001267,0.65,-0.790155004765,0.649999994429,-1.97629647916e-09
0.0001268,0.65,-0.481753666247,0.649999994577,-1.42656043961e-09
0.0001269,0.65,-0.094108307741,0.649999994725,-8.91630431818e-10
0.000127,0.65,0.309016996595,0.649999994873,-3.7149880772e-10
0.0001271,0.65,0.661311864693,0.64999999502,1.3385351648e-10
0.0001272,0.65,0.904827050795,0.649999995168,6.2445671392e-10
0.0001273,0.65,0.999506560149,0.649999995314,1.10035170197e-09
0.0001274,0.65,0.9297764895,0.649999995461,1.56158979867e-09
0.0001275,0.65,0.707106790109,0.649999995606,2.00823238091e-09
0.0001276,0.65,0.368124566941,0.649999995751,2.4403505446e-09
0.0001277,0.65,-0.0314107411295,0.649999995895,2.85802476706e-09
0.0001278,0.65,-0.425779273024,0.649999996038,3.26134457175e-09
0.0001279,0.65,-0.750111054463,0.64999999618,3.65040819563e-09
0.000128,0.65,-0.95105650848,0.649999996321,4.02532225928e-09
0.0001281,0.65,-0.995561967197,0.649999996461,4.38620143999e-09
0.0001282,0.65,-0.876306694371,0.649999996599,4.73316814791e-09
0.0001283,0.65,-0.612907078806,0.649999996737,5.06635220563e-09
0.0001284,0.65,-0.248689919942,0.649999996872,5.38589053104e-09
0.0001285,0.65,0.156434429717,0.649999997007,5.69192682393e-09
0.0001286,0.65,0.53582676323,0.649999997139,5.98461125623e-09
0.0001287,0.65,0.827080552152,0.649999997271,6.2641001662e-09
0.0001288,0.65,0.98228724304,0.6499999974,6.53055575657e-09
0.0001289,0.65,0.975916771237,0.649999997528,6.78414579683e-09
0.000129,0.65,0.80901702032,0.649999997654,7.02504332979e-09
0.0001291,0.65,0.509041454978,0.649999997778,7.25342638243e-09
0.0001292,0.65,0.125333280126,0.649999997901,7.46947768122e-09
0.0001293,0.65,-0.27899105974,0.649999998021,7.67338437207e-09
0.0001294,0.65,-0.63742395167,0.64999999814,7.86533774475e-09
0.0001295,0.65,-0.891006501238,0.649999998256,8.04553296219e-09
0.0001296,0.65,-0.998026725188,0.649999998371,8.21416879449e-09
0.0001297,0.65,-0.940880786772,0.649999998483,8.37144735781e-09
0.0001298,0.65,-0.728968664057,0.649999998594,8.5175738582e-09
0.0001299,0.65,-0.39714794053,0.649999998702,8.6527563404e-09
0.00013,0.65,-5.51488381325e-08,0.649999998808,8.77720544172e-09
0.0001301,0.65,0.397147839365,0.649999998913,8.89113415097e-09
0.0001302,0.65,0.728968588734,0.649999999015,8.99475757253e-09
0.0001303,0.65,0.940880749611,0.649999999114,9.08829269563e-09
0.0001304,0.65,0.998026732047,0.649999999212,9.17195816876e-09
0.0001305,0.65,0.891006550563,0.649999999307,9.2459740794e-09
0.0001306,0.65,0.637424034824,0.649999999401,9.31056173889e-09
0.0001307,0.65,0.278991162551,0.649999999491,9.36594347267e-09
0.0001308,0.65,-0.125333174891,0.64999999958,9.41234241576e-09
0.0001309,0.65,-0.509041364643,0.649999999667,9.44998231349e-09
0.000131,0.65,-0.809016959367,0.649999999751,9.4790873276e-09
0.0001311,0.65,-0.975916748918,0.649999999833,9.49988184757e-09
0.0001312,0.65,-0.982287261928,0.649999999913,9.51259030728e-09
0.0001313,0.65,-0.827080607887,0.64999999999,9.51743700689e-09
0.0001314,0.65,-0.535826845455,0.650000000065,9.51464594005e-09
0.0001315,0.65,-0.156434524023,0.650000000138,9.50444062634e-09
0.0001316,0.65,0.248689829429,0.650000000209,9.48704394889e-09
0.0001317,0.65,0.612907006674,0.650000000278,9.4626779973e-09
0.0001318,0.65,0.876306651495,0.650000000344,9.43156391564e-09
0.0001319,0.65,0.995561959048,0.650000000408,9.39392175568e-09
0.000132,0.65,0.951056534449,0.65000000047,9.34997033515e-09
0.0001321,0.65,0.750111108273,0.65000000053,9.29992710118e-09
0.0001322,0.65,0.425779344119,0.650000000588,9.24400799869e-09
0.0001323,0.65,0.0314108167446,0.650000000643,9.18242734381e-09
0.0001324,0.65,-0.368124499433,0.650000000697,9.11539770227e-09
0.0001325,0.65,-0.707106741009,0.650000000748,9.04312977265e-09
0.0001326,0.65,-0.92977646515,0.650000000797,8.96583227453e-09
0.0001327,0.65,-0.999506562119,0.650000000845,8.8837118414e-09
0.0001328,0.65,-0.904827076,0.65000000089,8.79697291836e-09
0.0001329,0.65,-0.661311906355,0.650000000933,8.70581766444e-09
0.000133,0.65,-0.309017045828,0.650000000974,8.61044585964e-09
0.0001331,0.65,0.0941082600792,0.650000001013,8.51105481645e-09
0.0001332,0.65,0.481753627808,0.650000001051,8.40783929596e-09
0.0001333,0.65,0.790154980409,0.650000001086,8.30099142833e-09
0.0001334,0.65,0.96858314833,0.650000001119,8.19070063772e-09
0.0001335,0.65,0.987688348534,0.650000001151,8.07715357144e-09
0.0001336,0.65,0.844327952303,0.650000001181,7.96053403342e-09
0.0001337,0.65,0.5620834186,0.650000001209,7.84102292179e-09
0.0001338,0.65,0.187381362225,0.650000001235,7.71879817059e-09
0.0001339,0.65,-0.218143194831,0.65000000126,7.5940346955e-09
0.000134,0.65,-0.587785214337,0.650000001283,7.46690434349e-09
0.0001341,0.65,-0.860742003535,0.650000001304,7.3375758464e-09
0.0001342,0.65,-0.99211469564,0.650000001323,7.20621477828e-09
0.0001343,0.65,-0.960293698076,0.650000001341,7.07298351646e-09
0.0001344,0.65,-0.770513270563,0.650000001357,6.93804120625e-09
0.0001345,0.65,-0.453990537817,0.650000001372,6.80154372929e-09
0.0001346,0.65,-0.0627905613156,0.650000001386,6.66364367524e-09
0.0001347,0.65,0.338737881674,0.650000001397,6.52449031705e-09
0.0001348,0.65,0.684547076687,0.650000001408,6.38422958943e-09
0.0001349,0.65,0.917754610106,0.650000001417,6.24300407066e-09
0.000135,0.65,1,0.650000001424,6.10095296749e-09
0.0001351,0.65,0.917754640552,0.65000000143,5.95821210321e-09
0.0001352,0.65,0.684547132562,0.650000001435,5.81491390869e-09
0.0001353,0.65,0.338737953772,0.650000001439,5.67118741637e-09
0.0001354,0.65,-0.0627904848697,0.650000001441,5.52715825709e-09
0.0001355,0.65,-0.453990469604,0.650000001443,5.38294865965e-09
0.0001356,0.65,-0.770513221795,0.650000001443,5.23867745319e-09
0.0001357,0.65,-0.960293676747,0.650000001442,5.09446007203e-09
0.0001358,0.65,-0.992114705213,0.650000001439,4.95040856311e-09
0.0001359,0.65,-0.860742042378,0.650000001436,4.80663159593e-09
0.000136,0.65,-0.587785275997,0.650000001432,4.66323447477e-09
0.0001361,0.65,-0.218143269115,0.650000001426,4.52031915328e-09
0.0001362,0.65,0.187381287565,0.65000000142,4.37798425122e-09
0.0001363,0.65,0.562083355837,0.650000001413,4.23632507344e-09
0.0001364,0.65,0.844327911714,0.650000001405,4.09543363078e-09
0.0001365,0.65,0.987688336707,0.650000001396,3.95539866313e-09
0.0001366,0.65,0.968583167092,0.650000001386,3.81630566424e-09
0.0001367,0.65,0.790155026541,0.650000001375,3.67823690846e-09
0.0001368,0.65,0.4817536936,0.650000001364,3.54127147923e-09
0.0001369,0.65,0.0941083346209,0.650000001352,3.40548529923e-09
0.000137,0.65,-0.309016974829,0.650000001339,3.27095116215e-09
0.0001371,0.65,-0.661311850535,0.650000001325,3.13773876605e-09
0.0001372,0.65,-0.904827044424,0.650000001311,3.00591474814e-09
0.0001373,0.65,-0.999506559798,0.650000001296,2.87554272099e-09
0.0001374,0.65,-0.929776492241,0.650000001281,2.74668331002e-09
0.0001375,0.65,-0.707106792824,0.650000001265,2.61939419238e-09
0.0001376,0.65,-0.368124567253,0.650000001248,2.4937301369e-09
0.0001377,0.65,0.0314107441959,0.650000001231,2.3697430452e-09
0.0001378,0.65,0.425779278788,0.650000001214,2.24748199396e-09
0.0001379,0.65,0.750111060792,0.650000001196,2.12699327803e-09
0.000138,0.65,0.951056512396,0.650000001178,2.00832045464e-09
0.0001381,0.65,0.995561965722,0.650000001159,1.89150438839e-09
0.0001382,0.65,0.876306685421,0.65000000114,1.77658329709e-09
0.0001383,0.65,0.612907061912,0.65000000112,1.66359279835e-09
0.0001384,0.65,0.248689896613,0.6500000011,1.55256595683e-09
0.0001385,0.65,-0.156434456082,0.65000000108,1.44353333226e-09
0.0001386,0.65,-0.535826787889,0.65000000106,1.33652302786e-09
0.0001387,0.65,-0.827080569925,0.650000001039,1.23156073944e-09
0.0001388,0.65,-0.9822872494,0.650000001018,1.1286698049e-09
0.0001389,0.65,-0.975916763348,0.650000000997,1.02787125416e-09
0.000139,0.65,-0.809016997807,0.650000000976,9.2918385951e-10
0.0001391,0.65,-0.509041420253,0.650000000955,8.32624186194e-10
0.0001392,0.65,-0.125333238166,0.650000000933,7.3820664335e-10
0.0001393,0.65,0.278991102142,0.650000000912,6.45943535121e-10
0.0001394,0.65,0.637423987058,0.65000000089,5.55845111967e-10
0.0001395,0.65,0.891006522854,0.650000000868,4.67919622093e-10
0.0001396,0.65,0.998026728277,0.650000000847,3.82173362976e-10
0.0001397,0.65,0.94088076959,0.650000000825,2.98610732931e-10
0.0001398,0.65,0.728968628356,0.650000000803,2.17234282675e-10
0.0001399,0.65,0.397147891431,0.650000000781,1.3804476686e-10
0.00014,0.65,3.83527439451e-10,0.650000000759,6.10411955201e-11
0.0001401,0.65,-0.397147890714,0.650000000737,-1.37791145922e-11
0.0001402,0.65,-0.728968627793,0.650000000716,-8.64204888273e-11
0.0001403,0.65,-0.940880769288,0.650000000694,-1.56888843647e-10
0.0001404,0.65,-0.998026728339,0.650000000672,-2.25191635858e-10
0.0001405,0.65,-0.891006523357,0.650000000651,-2.91337812103e-10
0.0001406,0.65,-0.637423988028,0.650000000629,-3.55337758641e-10
0.0001407,0.65,-0.278991103522,0.650000000608,-4.17203251453e-10
0.0001408,0.65,0.125333236537,0.650000000587,-4.76947406689e-10
0.0001409,0.65,0.509041418641,0.650000000566,-5.34584631508e-10
0.000141,0.65,0.809016996554,0.650000000545,-5.90130575316e-10
0.0001411,0.65,0.975916762821,0.650000000524,-6.43602081439e-10
0.0001412,0.65,0.98228724991,0.650000000504,-6.95017139263e-10
0.0001413,0.65,0.827080571646,0.650000000484,-7.44394836851e-10
0.0001414,0.65,0.535826790779,0.650000000464,-7.91755314071e-10
0.0001415,0.65,0.156434459845,0.650000000444,-8.3711971625e-10
0.0001416,0.65,-0.248689892523,0.650000000424,-8.80510148384e-10
0.0001417,0.65,-0.61290705823,0.650000000405,-9.21949629916e-10
0.0001418,0.65,-0.876306682954,0.650000000386,-9.61462050102e-10
0.0001419,0.65,-0.995561965194,0.650000000367,-9.99072123993e-10
0.000142,0.65,-0.951056514286,0.650000000348,-1.03480534903e-09
0.0001421,0.65,-0.75011106519,0.65000000033,-1.06868796229e-09
0.0001422,0.65,-0.425779285307,0.650000000312,-1.10074689839e-09
0.0001423,0.65,-0.0314107519752,0.650000000294,-1.13100974805e-09
0.0001424,0.65,0.368124559458,0.650000000276,-1.15950471735e-09
0.0001425,0.65,0.707106786457,0.650000000259,-1.18626058767e-09
0.0001426,0.65,0.92977648869,0.650000000242,-1.21130667636e-09
0.0001427,0.65,0.999506560122,0.650000000225,-1.23467279812e-09
0.0001428,0.65,0.904827049105,0.650000000209,-1.25638922708e-09
0.0001429,0.65,0.661311859307,0.650000000193,-1.27648665964e-09
0.000143,0.65,0.309016986636,0.650000000177,-1.29499617808e-09
0.0001431,0.65,-0.0941083215252,0.650000000162,-1.31194921489e-09
0.0001432,0.65,-0.48175368141,0.650000000147,-1.3273775178e-09
0.0001433,0.65,-0.790155017541,0.650000000132,-1.34131311573e-09
0.0001434,0.65,-0.968583163244,0.650000000118,-1.35378828534e-09
0.0001435,0.65,-0.987688339254,0.650000000103,-1.36483551846e-09
0.0001436,0.65,-0.844327920875,0.65000000009,-1.37448749024e-09
0.0001437,0.65,-0.562083370666,0.650000000076,-1.38277702812e-09
0.0001438,0.65,-0.187381306008,0.650000000063,-1.38973708153e-09
0.0001439,0.65,0.218143249953,0.65000000005,-1.39540069244e-09
0.000144,0.65,0.587785259408,0.650000000038,-1.3998009666e-09
0.0001441,0.65,0.860742031491,0.650000000026,-1.40297104564e-09
0.0001442,0.65,0.992114702421,0.650000000014,-1.40494407993e-09
0.0001443,0.65,0.960293683213,0.650000000002,-1.4057532022e-09
0.0001444,0.65,0.770513237147,0.649999999991,-1.40543150195e-09
0.0001445,0.65,0.453990491879,0.64999999998,-1.40401200065e-09
0.0001446,0.65,0.0627905107406,0.64999999997,-1.40152762768e-09
0.0001447,0.65,-0.33873792851,0.64999999996,-1.39801119706e-09
0.0001448,0.65,-0.684547112311,0.64999999995,-1.39349538498e-09
0.0001449,0.65,-0.917754629148,0.64999999994,-1.38801270799e-09
0.000145,0.65,-1,0.649999999931,-1.38159550208e-09
0.0001451,0.65,-0.917754622255,0.649999999922,-1.37427590237e-09
0.0001452,0.65,-0.684547099672,0.649999999914,-1.36608582369e-09
0.0001453,0.65,-0.338737912223,0.649999999906,-1.35705694176e-09
0.0001454,0.65,0.0627905279775,0.649999999898,-1.34722067518e-09
0.0001455,0.65,0.453990507222,0.64999999989,-1.33660816818e-09
0.0001456,0.65,0.770513248084,0.649999999883,-1.32525027397e-09
0.0001457,0.65,0.960293687979,0.649999999876,-1.3131775389e-09
0.0001458,0.65,0.99211470029,0.649999999869,-1.30042018728e-09
0.0001459,0.65,0.860742022888,0.649999999863,-1.28700810694e-09
0.000146,0.65,0.587785245822,0.649999999857,-1.27297083537e-09
0.0001461,0.65,0.218143233681,0.649999999851,-1.25833754665e-09
0.0001462,0.65,-0.187381322258,0.649999999845,-1.243137039e-09
0.0001463,0.65,-0.56208338423,0.64999999984,-1.22739772295e-09
0.0001464,0.65,-0.84432792958,0.649999999835,-1.21114761023e-09
0.0001465,0.65,-0.987688341769,0.64999999983,-1.19441430326e-09
0.0001466,0.65,-0.968583159289,0.649999999826,-1.17722498523e-09
0.0001467,0.65,-0.79015500791,0.649999999822,-1.15960641087e-09
0.0001468,0.65,-0.481753667816,0.649999999818,-1.14158489779e-09
0.0001469,0.65,-0.0941083062928,0.649999999814,-1.12318631837e-09
0.000147,0.65,0.309017000975,0.649999999811,-1.10443609236e-09
0.0001471,0.65,0.661311870439,0.649999999808,-1.08535917988e-09
0.0001472,0.65,0.904827055318,0.649999999805,-1.06598007516e-09
0.0001473,0.65,0.999506560572,0.649999999802,-1.04632280068e-09
0.0001474,0.65,0.929776483514,0.6499999998,-1.02641090196e-09
0.0001475,0.65,0.707106776716,0.649999999797,-1.0062674428e-09
0.0001476,0.65,0.368124546925,0.649999999796,-9.85915001105e-10
0.0001477,0.65,-0.0314107651407,0.649999999794,-9.65375665152e-10
0.0001478,0.65,-0.425779296936,0.649999999792,-9.44671030389e-10
0.0001479,0.65,-0.750111073469,0.649999999791,-9.238221967e-10
0.000148,0.65,-0.951056518048,0.64999999979,-9.0284976615e-10
0.0001481,0.65,-0.995561964082,0.649999999789,-8.81773841173e-10
0.0001482,0.65,-0.876306677439,0.649999999788,-8.60614023222e-10
0.0001483,0.65,-0.612907049486,0.649999999787,-8.39389411841e-10
0.0001484,0.65,-0.248689882186,0.649999999787,-8.18118604161e-10
0.0001485,0.65,0.156434469985,0.649999999787,-7.96819694816e-10
0.0001486,0.65,0.535826799093,0.649999999787,-7.75510276241e-10
0.0001487,0.65,0.827080576938,0.649999999787,-7.54207439374e-10
0.0001488,0.65,0.982287251592,0.649999999787,-7.3292777472e-10
0.0001489,0.65,0.975916760963,0.649999999788,-7.11687373783e-10
0.000149,0.65,0.809016991825,0.649999999788,-6.90501830852e-10
0.0001491,0.65,0.50904141213,0.649999999789,-6.69386245124e-10
0.0001492,0.65,0.125333229523,0.64999999979,-6.48355223154e-10
0.0001493,0.65,-0.278991109825,0.649999999791,-6.27422881627e-10
0.0001494,0.65,-0.637423992685,0.649999999792,-6.06602850428e-10
0.0001495,0.65,-0.89100652586,0.649999999794,-5.85908276018e-10
0.0001496,0.65,-0.998026728651,0.649999999795,-5.65351825081e-10
0.0001497,0.65,-0.940880767794,0.649999999797,-5.44945688451e-10
0.0001498,0.65,-0.728968625165,0.649999999798,-5.24701585294e-10
0.0001499,0.65,-0.397147887725,0.6499999998,-5.0463076755e-10
0.00015,0.65,3.04558218571e-09,0.649999999802,-4.84744024601e-10
0.0001501,0.65,0.397147893316,0.649999999804,-4.65051688183e-10
0.0001502,0.65,0.728968629338,0.649999999806,-4.455636375e-10
0.0001503,0.65,0.940880769862,0.649999999808,-4.26289304563e-10
0.0001504,0.65,0.998026728268,0.649999999811,-4.07237679713e-10
0.0001505,0.65,0.89100652308,0.649999999813,-3.88417317338e-10
0.0001506,0.65,0.637423987958,0.649999999815,-3.6983634177e-10
0.0001507,0.65,0.278991103918,0.649999999818,-3.51502453344e-10
0.0001508,0.65,-0.125333235643,0.64999999982,-3.33422934619e-10
0.0001509,0.65,-0.509041417457,0.649999999823,-3.15604656746e-10
0.000151,0.65,-0.809016995476,0.649999999826,-2.9805408598e-10
0.0001511,0.65,-0.975916762324,0.649999999829,-2.80777290316e-10
0.0001512,0.65,-0.982287250418,0.649999999831,-2.63779946251e-10
0.0001513,0.65,-0.827080573402,0.649999999834,-2.47067345655e-10
0.0001514,0.65,-0.535826793756,0.649999999837,-2.3064440275e-10
0.0001515,0.65,-0.156434463709,0.64999999984,-2.14515661182e-10
0.0001516,0.65,0.248689888374,0.649999999843,-1.98685301176e-10
0.0001517,0.65,0.612907054562,0.649999999846,-1.83157146781e-10
0.0001518,0.65,0.876306680552,0.649999999849,-1.67934673171e-10
0.0001519,0.65,0.995561964694,0.649999999852,-1.53021014022e-10
0.000152,0.65,0.951056516026,0.649999999856,-1.38418968938e-10
0.0001521,0.65,0.750111069115,0.649999999859,-1.24131010925e-10
0.0001522,0.65,0.425779290939,0.649999999862,-1.10159293908e-10
0.0001523,0.65,0.0314107584721,0.649999999865,-9.65056602784e-11
0.0001524,0.65,-0.368124553171,0.649999999868,-8.31716484734e-11
0.0001525,0.65,-0.707106781498,0.649999999871,-7.01585005682e-11
0.0001526,0.65,-0.929776486021,0.649999999875,-5.74671698877e-11
0.0001527,0.65,-0.999506560357,0.649999999878,-4.50983286216e-11
0.0001528,0.65,-0.904827052378,0.649999999881,-3.30523754419e-11
0.0001529,0.65,-0.661311865223,0.649999999884,-2.13294431141e-11
0.000153,0.65,-0.309016994316,0.649999999888,-9.92940609856e-12
0.0001531,0.65,0.0941083133113,0.649999999891,1.14811186634e-12
0.0001532,0.65,0.481753674036,0.649999999894,1.19037302022e-11
0.0001533,0.65,0.79015501229,0.649999999897,2.23383039567e-11
0.0001534,0.65,0.968583161078,0.6499999999,3.24529163022e-11
0.0001535,0.65,0.987688340637,0.649999999904,4.22488710722e-11
0.0001536,0.65,0.844327925676,0.649999999907,5.17276853398e-11
0.0001537,0.65,0.562083378169,0.64999999991,6.0891082044e-11
0.0001538,0.65,0.187381315016,0.649999999913,6.97409826667e-11
0.0001539,0.65,-0.218143240917,0.649999999916,7.82794999658e-11
0.000154,0.65,-0.587785251853,0.649999999919,8.65089307687e-11
0.0001541,0.65,-0.860742026702,0.649999999922,9.44317488287e-11
0.0001542,0.65,-0.992114701234,0.649999999925,1.0205059775e-10
0.0001543,0.65,-0.960293685869,0.649999999928,1.09368283982e-10
0.0001544,0.65,-0.770513243242,0.649999999931,1.16387769892e-10
0.0001545,0.65,-0.453990500429,0.649999999934,1.23112166912e-10
0.0001546,0.65,-0.0627905203417,0.649999999937,1.29544728769e-10
0.0001547,0.65,0.338737919443,0.64999999994,1.35688844796e-10
0.0001548,0.65,0.68454710528,0.649999999943,1.41548033339e-10
0.0001549,0.65,0.917754625317,0.649999999946,1.47125935238e-10
0.000155,0.65,1,0.649999999948,1.52426307417e-10
0.0001551,0.65,0.917754626077,0.649999999951,1.57453016557e-10
0.0001552,0.65,0.684547106672,0.649999999954,1.62210032871e-10
0.0001553,0.65,0.338737921231,0.649999999956,1.66701423976e-10
0.0001554,0.65,-0.0627905184575,0.649999999959,1.70931348864e-10
0.0001555,0.65,-0.45399049876,0.649999999962,1.74904051983e-10
0.0001556,0.65,-0.77051324206,0.649999999964,1.78623857413e-10
0.0001557,0.65,-0.960293685358,0.649999999967,1.82095163153e-10
0.0001558,0.65,-0.99211470146,0.649999999969,1.85322435515e-10
0.0001559,0.65,-0.860742027606,0.649999999971,1.88310203629e-10
0.000156,0.65,-0.587785253264,0.649999999974,1.91063054048e-10
0.0001561,0.65,-0.218143242584,0.649999999976,1.93585625477e-10
0.0001562,0.65,0.187381313377,0.649999999978,1.95882603606e-10
0.0001563,0.65,0.562083376823,0.64999999998,1.97958716058e-10
0.0001564,0.65,0.844327924829,0.649999999982,1.99818727446e-10
0.0001565,0.65,0.987688340397,0.649999999985,2.01467434554e-10
0.0001566,0.65,0.968583161446,0.649999999987,2.0290966162e-10
0.0001567,0.65,0.790155013162,0.649999999989,2.04150255745e-10
0.0001568,0.65,0.481753675232,0.649999999991,2.0519408241e-10
0.0001569,0.65,0.0941083146074,0.649999999992,2.06046021109e-10
0.000157,0.65,-0.30901699314,0.649999999994,2.06710961104e-10
0.0001571,0.65,-0.661311864347,0.649999999996,2.07193797285e-10
0.0001572,0.65,-0.904827051911,0.649999999998,2.07499426155e-10
0.0001573,0.65,-0.999506560325,0.65,2.07632741923e-10
0.0001574,0.65,-0.929776486368,0.650000000001,2.07598632718e-10
0.0001575,0.65,-0.707106782108,0.650000000003,2.07401976913e-10
0.0001576,0.65,-0.368124553894,0.650000000004,2.07047639564e-10
0.0001577,0.65,0.0314107577811,0.650000000006,2.06540468964e-10
0.0001578,0.65,0.425779290395,0.650000000007,2.05885293313e-10
0.0001579,0.65,0.750111068778,0.650000000009,2.0508691749e-10
0.000158,0.65,0.951056515899,0.65000000001,2.04150119951e-10
0.0001581,0.65,0.995561964723,0.650000000011,2.03079649723e-10
0.0001582,0.65,0.876306680655,0.650000000013,2.01880223523e-10
0.0001583,0.65,0.612907054649,0.650000000014,2.00556522974e-10
0.0001584,0.65,0.248689888377,0.650000000015,1.99113191937e-10
0.0001585,0.65,-0.156434463814,0.650000000016,1.97554833942e-10
0.0001586,0.65,-0.53582679394,0.650000000017,1.95886009737e-10
0.0001587,0.65,-0.827080573589,0.650000000018,1.94111234931e-10
0.0001588,0.65,-0.982287250502,0.650000000019,1.92234977745e-10
0.0001589,0.65,-0.9759167622,0.65000000002,1.90261656865e-10
0.000159,0.65,-0.80901699507,0.650000000021,1.881956394e-10
0.0001591,0.65,-0.509041416756,0.650000000022,1.86041238931e-10
0.0001592,0.65,-0.12533323471,0.650000000023,1.8380271367e-10
0.0001593,0.65,0.278991104944,0.650000000024,1.81484264703e-10
0.0001594,0.65,0.637423988882,0.650000000024,1.79090034344e-10
0.0001595,0.65,0.891006523684,0.650000000025,1.7662410457e-10
0.0001596,0.65,0.99802672836,0.650000000026,1.74090495551e-10
0.0001597,0.65,0.940880769319,0.650000000026,1.71493164284e-10
0.0001598,0.65,0.728968628148,0.650000000027,1.68836003296e-10
0.0001599,0.65,0.397147891593,0.650000000027,1.6612283945e-10
0.00016,0.65,1.026365742e-09,0.650000000028,1.63357432837e-10
0.0001601,0.65,-0.397147889709,0.650000000028,1.60543475741e-10
0.0001602,0.65,-0.728968626743,0.650000000029,1.57684591703e-10
0.0001603,0.65,-0.940880768625,0.650000000029,1.54784334652e-10
0.0001604,0.65,-0.998026728488,0.65000000003,1.51846188128e-10
0.0001605,0.65,-0.891006524613,0.65000000003,1.48873564574e-10
0.0001606,0.65,-0.637423990455,0.65000000003,1.45869804709e-10
0.0001607,0.65,-0.278991106901,0.65000000003,1.42838176975e-10
0.0001608,0.65,0.125333232693,0.650000000031,1.39781877057e-10
0.0001609,0.65,0.509041415011,0.650000000031,1.36704027473e-10
0.000161,0.65,0.809016993881,0.650000000031,1.33607677235e-10
0.0001611,0.65,0.97591676176,0.650000000031,1.30495801579e-10
0.0001612,0.65,0.982287250879,0.650000000031,1.27371301753e-10
0.0001613,0.65,0.827080574713,0.650000000031,1.24237004883e-10
0.0001614,0.65,0.535826795621,0.650000000031,1.21095663889e-10
0.0001615,0.65,0.156434465772,0.650000000031,1.1794995747e-10
0.0001616,0.65,-0.248689886466,0.650000000031,1.14802490139e-10
0.0001617,0.65,-0.612907053099,0.650000000031,1.11655792329e-10
0.0001618,0.65,-0.876306679715,0.650000000031,1.0851232054e-10
0.0001619,0.65,-0.995561964541,0.650000000031,1.05374457546e-10
0.000162,0.65,-0.951056516494,0.650000000031,1.02244512662e-10
0.0001621,0.65,-0.750111070042,0.650000000031,9.91247220427e-11
0.0001622,0.65,-0.425779292111,0.650000000031,9.60172490498e-11
0.0001623,0.65,-0.0314107596617,0.650000000031,9.29241846522e-11
0.0001624,0.65,0.36812455216,0.650000000031,8.98475478787e-11
0.0001625,0.65,0.707106780801,0.65000000003,8.67892863114e-11
0.0001626,0.65,0.929776485695,0.65000000003,8.37512766218e-11
0.0001627,0.65,0.999506560382,0.65000000003,8.07353251477e-11
0.0001628,0.65,0.904827052674,0.65000000003,7.77431685079e-11
0.0001629,0.65,0.661311865676,0.65000000003,7.47764742546e-11
0.000163,0.65,0.309016994804,0.650000000029,7.18368415611e-11
0.0001631,0.65,-0.0941083128875,0.650000000029,6.89258019438e-11
0.0001632,0.65,-0.481753673738,0.650000000029,6.60448200156e-11
0.0001633,0.65,-0.790155012132,0.650000000028,6.31952942716e-11
0.0001634,0.65,-0.968583161034,0.650000000028,6.03785579027e-11
0.0001635,0.65,-0.987688340652,0.650000000028,5.75958796382e-11
0.0001636,0.65,-0.844327925687,0.650000000027,5.4848464614e-11
0.0001637,0.65,-0.562083378123,0.650000000027,5.21374552659e-11
0.0001638,0.65,-0.187381314891,0.650000000027,4.9463932247e-11
0.0001639,0.65,0.21814324111,0.650000000026,4.68289153662e-11
0.000164,0.65,0.587785252067,0.650000000026,4.42333645484e-11
0.0001641,0.65,0.860742026871,0.650000000025,4.1678180813e-11
0.0001642,0.65,0.992114701284,0.650000000025,3.91642072718e-11
0.0001643,0.65,0.960293685741,0.650000000025,3.66922301421e-11
0.0001644,0.65,0.770513242913,0.650000000024,3.42629797764e-11
0.0001645,0.65,0.453990499918,0.650000000024,3.18771317061e-11
0.0001646,0.65,0.0627905197146,0.650000000023,2.95353076973e-11
0.0001647,0.65,-0.338737920084,0.650000000023,2.72380768193e-11
0.0001648,0.65,-0.684547105814,0.650000000022,2.49859565235e-11
0.0001649,0.65,-0.917754625627,0.650000000022,2.27794137312e-11
0.000165,0.65,-1,0.650000000021,2.06188659303e-11
0.0001651,0.65,-0.91775462573,0.650000000021,1.85046822785e-11
0.0001652,0.65,-0.684547106004,0.65000000002,1.64371847133e-11
0.0001653,0.65,-0.33873792033,0.65000000002,1.44166490666e-11
0.0001654,0.65,0.0627905194511,0.650000000019,1.24433061833e-11
0.0001655,0.65,0.453990499681,0.650000000019,1.05173430434e-11
0.0001656,0.65,0.770513242741,0.650000000019,8.63890388515e-12
0.0001657,0.65,0.960293685665,0.650000000018,6.80809133074e-12
0.0001658,0.65,0.992114701318,0.650000000018,5.02496751078e-12
0.0001659,0.65,0.860742027014,0.650000000017,3.28955518896e-12
0.000166,0.65,0.587785252301,0.650000000017,1.60183888479e-12
0.0001661,0.65,0.218143241396,0.650000000016,-3.82340059635e-14
0.0001662,0.65,-0.187381314596,0.650000000016,-1.63075209415e-12
0.0001663,0.65,-0.562083377868,0.650000000015,-3.175838884e-12
0.0001664,0.65,-0.844327925518,0.650000000015,-4.67365166478e-12
0.0001665,0.65,-0.987688340601,0.650000000014,-6.12438040786e-12
0.0001666,0.65,-0.968583161117,0.650000000014,-7.52824667004e-12
0.0001667,0.65,-0.790155012341,0.650000000013,-8.88550250374e-12
0.0001668,0.65,-0.481753674045,0.650000000013,-1.01964293748e-11
0.0001669,0.65,-0.0941083132468,0.650000000012,-1.14613370885e-11
0.000167,0.65,0.309016994451,0.650000000012,-1.26805627241e-11
0.0001671,0.65,0.661311865389,0.650000000012,-1.38544695792e-11
0.0001672,0.65,0.904827052506,0.650000000011,-1.49834461239e-11
0.0001673,0.65,0.999506560369,0.650000000011,-1.60679049648e-11
0.0001674,0.65,0.929776485849,0.65000000001,-1.71082818215e-11
0.0001675,0.65,0.707106781106,0.65000000001,-1.81050345126e-11
0.0001676,0.65,0.368124552573,0.650000000009,-1.90586419555e-11
0.0001677,0.65,-0.0314107592035,0.650000000009,-1.99696031773e-11
0.0001678,0.65,-0.425779291684,0.650000000008,-2.0838436339e-11
0.0001679,0.65,-0.750111069721,0.650000000008,-2.16656777731e-11
0.000168,0.65,-0.951056516339,0.650000000008,-2.24518810344e-11
0.0001681,0.65,-0.995561964589,0.650000000007,-2.31976159649e-11
0.0001682,0.65,-0.876306679971,0.650000000007,-2.39034677728e-11
0.0001683,0.65,-0.612907053531,0.650000000006,-2.45700361266e-11
0.0001684,0.65,-0.248689887011,0.650000000006,-2.51979342634e-11
0.0001685,0.65,0.1564344652,0.650000000006,-2.57877881128e-11
0.0001686,0.65,0.535826795119,0.650000000005,-2.63402354357e-11
0.0001687,0.65,0.827080574369,0.650000000005,-2.68559249796e-11
0.0001688,0.65,0.982287250761,0.650000000005,-2.73355156488e-11
0.0001689,0.65,0.975916761901,0.650000000004,-2.77796756913e-11
0.000169,0.65,0.809016994271,0.650000000004,-2.81890819013e-11
0.0001691,0.65,0.509041415596,0.650000000004,-2.85644188386e-11
0.0001692,0.65,0.125333233384,0.650000000003,-2.89063780646e-11
0.0001693,0.65,-0.278991106215,0.650000000003,-2.92156573941e-11
0.0001694,0.65,-0.637423989892,0.650000000003,-2.94929601647e-11
0.0001695,0.65,-0.891006524273,0.650000000002,-2.97389945226e-11
0.0001696,0.65,-0.99802672844,0.650000000002,-2.99544727258e-11
0.0001697,0.65,-0.94088076889,0.650000000002,-3.01401104631e-11
0.0001698,0.65,-0.728968627291,0.650000000001,-3.02966261918e-11
0.0001699,0.65,-0.397147890459,0.650000000001,-3.04247404908e-11
0.00017,0.65,1.91762263148e-10,0.650000000001,-3.05251754319e-11
0.0001701,0.65,0.397147890811,0.650000000001,-3.05986539675e-11
0.0001702,0.65,0.728968627553,0.65,-3.06458993357e-11
0.0001703,0.65,0.940880769019,0.65,-3.06676344824e-11
0.0001704,0.65,0.998026728416,0.65,-3.06645815e-11
0.0001705,0.65,0.891006524101,0.65,-3.06374610836e-11
0.0001706,0.65,0.637423989601,0.649999999999,-3.05869920034e-11
0.0001707,0.65,0.278991105855,0.649999999999,-3.05138905946e-11
0.0001708,0.65,-0.125333233754,0.649999999999,-3.04188702636e-11
0.0001709,0.65,-0.509041415914,0.649999999999,-3.03026410108e-11
0.000171,0.65,-0.809016994486,0.649999999999,-3.016590897e-11
0.0001711,0.65,-0.97591676198,0.649999999998,-3.00093759642e-11
0.0001712,0.65,-0.982287250694,0.649999999998,-2.98337390778e-11
0.0001713,0.65,-0.82708057417,0.649999999998,-2.96396902446e-11
0.0001714,0.65,-0.535826794823,0.649999999998,-2.94279158521e-11
0.0001715,0.65,-0.156434464859,0.649999999998,-2.91990963613e-11
0.0001716,0.65,0.248689887341,0.649999999997,-2.89539059427e-11
0.0001717,0.65,0.612907053795,0.649999999997,-2.86930121274e-11
0.0001718,0.65,0.87630668013,0.649999999997,-2.84170754735e-11
0.0001719,0.65,0.99556196462,0.649999999997,-2.81267492481e-11
0.000172,0.65,0.951056516241,0.649999999997,-2.78226791237e-11
0.0001721,0.65,0.750111069516,0.649999999997,-2.75055028896e-11
0.0001722,0.65,0.425779291411,0.649999999997,-2.71758501782e-11
0.0001723,0.65,0.0314107589096,0.649999999997,-2.68343422053e-11
0.0001724,0.65,-0.368124552839,0.649999999996,-2.64815915244e-11
0.0001725,0.65,-0.707106781303,0.649999999996,-2.61182017954e-11
0.0001726,0.65,-0.929776485948,0.649999999996,-2.57447675667e-11
0.0001727,0.65,-0.999506560361,0.649999999996,-2.53618740708e-11
0.0001728,0.65,-0.904827052399,0.649999999996,-2.49700970334e-11
0.0001729,0.65,-0.661311865208,0.649999999996,-2.45700024953e-11
0.000173,0.65,-0.309016994231,0.649999999996,-2.4162146647e-11
0.0001731,0.65,0.0941083134671,0.649999999996,-2.37470756762e-11
0.0001732,0.65,0.48175367423,0.649999999996,-2.33253256273e-11
0.0001733,0.65,0.790155012464,0.649999999996,-2.2897422273e-11
0.0001734,0.65,0.968583161164,0.649999999996,-2.2463880998e-11
0.0001735,0.65,0.987688340573,0.649999999996,-2.20252066935e-11
0.0001736,0.65,0.844327925429,0.649999999996,-2.15818936643e-11
0.0001737,0.65,0.562083377742,0.649999999996,-2.11344255456e-11
0.0001738,0.65,0.187381314458,0.649999999995,-2.06832752313e-11
0.0001739,0.65,-0.21814324152,0.649999999995,-2.0228904813e-11
0.000174,0.65,-0.587785252393,0.649999999995,-1.97717655286e-11
0.0001741,0.65,-0.860742027066,0.649999999995,-1.93122977217e-11
0.0001742,0.65,-0.992114701329,0.649999999995,-1.88509308101e-11
0.0001743,0.65,-0.960293685645,0.649999999995,-1.83880832647e-11
0.0001744,0.65,-0.770513242704,0.649999999995,-1.79241625962e-11
0.0001745,0.65,-0.453990499642,0.649999999995,-1.74595653523e-11
0.0001746,0.65,-0.0627905194228,0.649999999995,-1.69946771229e-11
0.0001747,0.65,0.338737920343,0.649999999995,-1.65298725538e-11
0.0001748,0.65,0.684547106002,0.649999999995,-1.60655153687e-11
0.0001749,0.65,0.917754625723,0.649999999995,-1.56019583991e-11
0.000175,0.65,1,0.649999999995,-1.51395436223e-11
0.0001751,0.65,0.917754625647,0.649999999995,-1.4678602206e-11
0.0001752,0.65,0.684547105864,0.649999999995,-1.42194545612e-11
0.0001753,0.65,0.338737920164,0.649999999995,-1.37624104012e-11
0.0001754,0.65,-0.0627905196127,0.649999999995,-1.33077688076e-11
0.0001755,0.65,-0.453990499812,0.649999999995,-1.28558183029e-11
0.0001756,0.65,-0.770513242826,0.649999999996,-1.24068369291e-11
0.0001757,0.65,-0.960293685698,0.649999999996,-1.19610923325e-11
0.0001758,0.65,-0.992114701305,0.649999999996,-1.1518841854e-11
0.0001759,0.65,-0.860742026969,0.649999999996,-1.10803326248e-11
0.000176,0.65,-0.587785252238,0.649999999996,-1.06458016681e-11
0.0001761,0.65,-0.218143241334,0.649999999996,-1.02154760046e-11
0.0001762,0.65,0.187381314646,0.649999999996,-9.78957276433e-12
0.0001763,0.65,0.562083377901,0.649999999996,-9.36829930135e-12
0.0001764,0.65,0.844327925532,0.649999999996,-8.95185331431e-12
0.0001765,0.65,0.987688340604,0.649999999996,-8.54042297022e-12
0.0001766,0.65,0.968583161116,0.649999999996,-8.13418703251e-12
0.0001767,0.65,0.790155012346,0.649999999996,-7.73331499267e-12
0.0001768,0.65,0.481753674061,0.649999999996,-7.33796720541e-12
0.0001769,0.65,0.0941083132752,0.649999999996,-6.94829502712e-12
0.000177,0.65,-0.309016994414,0.649999999996,-6.56444095736e-12
0.0001771,0.65,-0.661311865353,0.649999999996,-6.18653878326e-12
0.0001772,0.65,-0.904827052482,0.649999999996,-5.81471372661e-12
0.0001773,0.65,-0.999506560367,0.649999999996,-5.44908259338e-12
0.0001774,0.65,-0.929776485876,0.649999999996,-5.08975392562e-12
0.0001775,0.65,-0.707106781165,0.649999999997,-4.73682815537e-12
0.0001776,0.65,-0.368124552659,0.649999999997,-4.39039776059e-12
0.0001777,0.65,0.0314107591035,0.649999999997,-4.05054742279e-12
0.0001778,0.65,0.425779291586,0.649999999997,-3.71735418621e-12
0.0001779,0.65,0.750111069645,0.649999999997,-3.39088761849e-12
0.000178,0.65,0.951056516301,0.649999999997,-3.07120997248e-12
0.0001781,0.65,0.995561964601,0.649999999997,-2.75837634916e-12
0.0001782,0.65,0.876306680036,0.649999999997,-2.4524348615e-12
0.0001783,0.65,0.612907053642,0.649999999997,-2.15342679904e-12
0.0001784,0.65,0.248689887154,0.649999999997,-1.86138679308e-12
0.0001785,0.65,-0.15643446505,0.649999999997,-1.57634298235e-12
0.0001786,0.65,-0.535826794986,0.649999999997,-1.29831717898e-12
0.0001787,0.65,-0.827080574278,0.649999999997,-1.02732503462e-12
0.0001788,0.65,-0.98228725073,0.649999999997,-7.63376206666e-13
0.0001789,0.65,-0.975916761938,0.649999999997,-5.06474524309e-13
0.000179,0.65,-0.809016994374,0.649999999998,-2.56618154428e-13
0.0001791,0.65,-0.50904141575,0.649999999998,-1.3799767101e-14
0.0001792,0.65,-0.125333233566,0.649999999998,2.21993299335e-13
0.0001793,0.65,0.278991106037,0.649999999998,4.50778873814e-13
0.0001794,0.65,0.637423989745,0.649999999998,6.72579788757e-13
0.0001795,0.65,0.891006524186,0.649999999998,8.87423717107e-13
0.0001796,0.65,0.998026728428,0.649999999998,1.09534301026e-12
0.0001797,0.65,0.940880768957,0.649999999998,1.29637453702e-12
0.0001798,0.65,0.728968627428,0.649999999998,1.49055952363e-12
0.0001799,0.65,0.397147890644,0.649999999998,1.67794339507e-12
0.00018,0.65,1.17636374102e-11,0.649999999998,1.85857561756e-12
0.0001801,0.65,-0.397147890623,0.649999999998,2.03250954253e-12
0.0001802,0.65,-0.728968627412,0.649999999998,2.199802252e-12
0.0001803,0.65,-0.940880768949,0.649999999998,2.36051440547e-12
0.0001804,0.65,-0.998026728429,0.649999999998,2.51471008855e-12
0.0001805,0.65,-0.891006524196,0.649999999999,2.66245666312e-12
0.0001806,0.65,-0.637423989762,0.649999999999,2.80382461938e-12
0.0001807,0.65,-0.278991106057,0.649999999999,2.93888742964e-12
0.0001808,0.65,0.125333233545,0.649999999999,3.06772140406e-12
0.0001809,0.65,0.509041415733,0.649999999999,3.19040554827e-12
0.000181,0.65,0.809016994363,0.649999999999,3.30702142306e-12
0.0001811,0.65,0.975916761934,0.649999999999,3.41765300606e-12
0.0001812,0.65,0.982287250733,0.649999999999,3.52238655557e-12
0.0001813,0.65,0.827080574287,0.649999999999,3.62131047653e-12
0.0001814,0.65,0.535826794999,0.649999999999,3.71451518865e-12
0.0001815,0.65,0.156434465064,0.649999999999,3.80209299683e-12
0.0001816,0.65,-0.248689887141,0.649999999999,3.88413796381e-12
0.0001817,0.65,-0.612907053633,0.649999999999,3.9607457851e-12
0.0001818,0.65,-0.876306680032,0.649999999999,4.03201366634e-12
0.0001819,0.65,-0.995561964601,0.649999999999,4.09804020295e-12
0.000182,0.65,-0.951056516303,0.649999999999,4.15892526215e-12
0.0001821,0.65,-0.750111069648,0.649999999999,4.21476986749e-12
0.0001822,0.65,-0.425779291589,0.65,4.26567608574e-12
0.0001823,0.65,-0.0314107591052,0.65,4.31174691625e-12
0.0001824,0.65,0.368124552659,0.65,4.35308618279e-12
0.0001825,0.65,0.707106781167,0.65,4.3897984279e-12
0.0001826,0.65,0.929776485878,0.65,4.42198880967e-12
0.0001827,0.65,0.999506560367,0.65,4.44976300111e-12
0.0001828,0.65,0.904827052478,0.65,4.47322709193e-12
0.0001829,0.65,0.661311865345,0.65,4.49248749294e-12
0.000183,0.65,0.309016994402,0.65,4.50765084291e-12
0.0001831,0.65,-0.0941083132903,0.65,4.51882391795e-12
0.0001832,0.65,-0.481753674077,0.65,4.52611354342e-12
0.0001833,0.65,-0.790155012358,0.65,4.52962650835e-12
0.0001834,0.65,-0.968583161122,0.65,4.52946948239e-12
0.0001835,0.65,-0.9876883406,0.65,4.5257489352e-12
0.0001836,0.65,-0.844327925517,0.65,4.51857105843e-12
0.0001837,0.65,-0.562083377876,0.65,4.50804169007e-12
0.0001838,0.65,-0.187381314613,0.65,4.49426624136e-12
0.0001839,0.65,0.218143241369,0.65,4.4773496261e-12
0.000184,0.65,0.58778525227,0.65,4.45739619243e-12
0.0001841,0.65,0.86074202699,0.65,4.43450965701e-12
0.0001842,0.65,0.992114701311,0.65,4.40879304162e-12
0.0001843,0.65,0.960293685685,0.65,4.38034861217e-12
0.0001844,0.65,0.770513242793,0.65,4.34927781999e-12
0.0001845,0.65,0.453990499764,0.65,4.31568124555e-12
0.0001846,0.65,0.0627905195562,0.65,4.27965854445e-12
0.0001847,0.65,-0.33873792022,0.65,4.24130839575e-12
0.0001848,0.65,-0.684547105909,0.65,4.20072845248e-12
0.0001849,0.65,-0.917754625674,0.65,4.15801529448e-12
0.000185,0.65,-1,0.65,4.11326438341e-12
0.0001851,0.65,-0.917754625694,0.65,4.06657001995e-12
0.0001852,0.65,-0.684547105947,0.65,4.01802530318e-12
0.0001853,0.65,-0.338737920269,0.650000000001,3.967722092e-12
0.0001854,0.65,0.0627905195047,0.650000000001,3.91575096878e-12
0.0001855,0.65,0.453990499718,0.650000000001,3.86220120495e-12
0.0001856,0.65,0.770513242761,0.650000000001,3.80716072867e-12
0.0001857,0.65,0.96029368567,0.650000000001,3.75071609449e-12
0.0001858,0.65,0.992114701317,0.650000000001,3.69295245498e-12
0.0001859,0.65,0.860742027016,0.650000000001,3.63395353426e-12
0.000186,0.65,0.587785252311,0.650000000001,3.57380160347e-12
0.0001861,0.65,0.218143241418,0.650000000001,3.51257745801e-12
0.0001862,0.65,-0.187381314564,0.650000000001,3.45036039673e-12
0.0001863,0.65,-0.562083377835,0.650000000001,3.38722820276e-12
0.0001864,0.65,-0.844327925491,0.650000000001,3.32325712619e-12
0.0001865,0.65,-0.987688340592,0.650000000001,3.25852186843e-12
0.0001866,0.65,-0.968583161134,0.650000000001,3.19309556824e-12
0.0001867,0.65,-0.790155012388,0.650000000001,3.12704978939e-12
0.0001868,0.65,-0.481753674119,0.650000000001,3.0604545099e-12
0.0001869,0.65,-0.0941083133374,0.650000000001,2.99337811293e-12
0.000187,0.65,0.309016994357,0.650000000001,2.92588737906e-12
0.0001871,0.65,0.66131186531,0.650000000001,2.85804748017e-12
0.0001872,0.65,0.904827052459,0.650000000001,2.78992197467e-12
0.0001873,0.65,0.999506560365,0.650000000001,2.72157280423e-12
0.0001874,0.65,0.929776485894,0.650000000001,2.65306029182e-12
0.0001875,0.65,0.707106781198,0.650000000001,2.58444314108e-12
0.0001876,0.65,0.368124552699,0.650000000001,2.51577843702e-12
0.0001877,0.65,-0.0314107590627,0.650000000001,2.44712164794e-12
0.0001878,0.65,-0.425779291552,0.650000000001,2.37852662861e-12
0.0001879,0.65,-0.750111069621,0.650000000001,2.31004562456e-12
0.000188,0.65,-0.951056516291,0.650000000001,2.24172927758e-12
0.0001881,0.65,-0.995561964604,0.650000000001,2.1736266323e-12
0.0001882,0.65,-0.87630668005,0.650000000001,2.10578514385e-12
0.0001883,0.65,-0.612907053663,0.650000000001,2.03825068648e-12
0.0001884,0.65,-0.248689887177,0.650000000001,1.97106756331e-12
0.0001885,0.65,0.156434465028,0.650000000001,1.9042785169e-12
0.0001886,0.65,0.535826794969,0.650000000001,1.83792474081e-12
0.0001887,0.65,0.827080574268,0.650000000001,1.77204589206e-12
0.0001888,0.65,0.982287250727,0.650000000001,1.7066801044e-12
0.0001889,0.65,0.975916761941,0.650000000001,1.6418640024e-12
0.000189,0.65,0.809016994381,0.650000000001,1.57763271634e-12
0.0001891,0.65,0.509041415759,0.650000000001,1.51401989785e-12
0.0001892,0.65,0.125333233573,0.650000000001,1.45105773622e-12
0.0001893,0.65,-0.278991106031,0.650000000001,1.38877697545e-12
0.0001894,0.65,-0.637423989742,0.650000000001,1.32720693188e-12
0.0001895,0.65,-0.891006524185,0.650000000001,1.26637551248e-12
0.0001896,0.65,-0.998026728428,0.650000000001,1.20630923372e-12
0.0001897,0.65,-0.940880768957,0.650000000001,1.14703324095e-12
0.0001898,0.65,-0.728968627426,0.650000000001,1.08857132834e-12
0.0001899,0.65,-0.397147890641,0.650000000001,1.03094595928e-12
0.00019,0.65,-6.21944339845e-12,0.650000000001,9.74178287254e-13
0.0001901,0.65,0.397147890629,0.650000000001,9.18288177123e-13
0.0001902,0.65,0.728968627418,0.650000000001,8.63294226833e-13
0.0001903,0.65,0.940880768952,0.650000000001,8.09213789463e-13
0.0001904,0.65,0.998026728429,0.650000000001,7.56062995635e-13
0.0001905,0.65,0.89100652419,0.650000000001,7.03856776226e-13
0.0001906,0.65,0.637423989752,0.650000000001,6.52608885375e-13
0.0001907,0.65,0.278991106043,0.65,6.02331923745e-13
0.0001908,0.65,-0.125333233561,0.65,5.53037362023e-13
0.0001909,0.65,-0.509041415748,0.65,5.04735564624e-13
0.000191,0.65,-0.809016994373,0.65,4.57435813586e-13
0.0001911,0.65,-0.975916761938,0.65,4.11146332623e-13
0.0001912,0.65,-0.982287250729,0.65,3.65874311312e-13
0.0001913,0.65,-0.827080574276,0.65,3.21625929397e-13
0.0001914,0.65,-0.535826794981,0.65,2.78406381181e-13
0.0001915,0.65,-0.156434465042,0.65,2.36219899993e-13
0.0001916,0.65,0.248689887164,0.65,1.95069782697e-13
0.0001917,0.65,0.612907053652,0.65,1.54958414233e-13
0.0001918,0.65,0.876306680043,0.65,1.15887292159e-13
0.0001919,0.65,0.995561964603,0.65,7.78570511902e-14
0.000192,0.65,0.951056516295,0.65,4.08674876995e-14
0.0001921,0.65,0.75011106963,0.65,4.91758417057e-15
0.0001922,0.65,0.425779291565,0.65,-2.99944664163e-14
0.0001923,0.65,0.0314107590777,0.65,-6.38712362828e-14
0.0001924,0.65,-0.368124552685,0.65,-9.6716038653e-14
0.0001925,0.65,-0.707106781187,0.65,-1.28532903672e-13
0.0001926,0.65,-0.929776485889,0.65,-1.59326554455e-13
0.0001927,0.65,-0.999506560366,0.65,-1.89102383288e-13
0.0001928,0.65,-0.904827052465,0.65,-2.1786642799e-13
0.0001929,0.65,-0.661311865322,0.65,-2.45625348449e-13
0.000193,0.65,-0.309016994373,0.65,-2.7238640335e-13
0.0001931,0.65,0.0941083133204,0.65,-2.98157427108e-13
0.0001932,0.65,0.481753674104,0.65,-3.22946807012e-13
0.0001933,0.65,0.790155012377,0.65,-3.46763460594e-13
0.0001934,0.65,0.968583161129,0.65,-3.69616813246e-13
0.0001935,0.65,0.987688340595,0.65,-3.91516776073e-13
0.0001936,0.65,0.844327925501,0.65,-4.12473724014e-13
0.0001937,0.65,0.56208337785,0.65,-4.32498474228e-13
0.0001938,0.65,0.187381314583,0.65,-4.51602264757e-13
0.0001939,0.65,-0.218143241399,0.65,-4.69796733479e-13
0.000194,0.65,-0.587785252295,0.65,-4.87093897356e-13
0.0001941,0.65,-0.860742027006,0.65,-5.03506131977e-13
0.0001942,0.65,-0.992114701315,0.65,-5.19046151424e-13
0.0001943,0.65,-0.960293685676,0.65,-5.33726988442e-13
0.0001944,0.65,-0.770513242774,0.65,-5.47561974943e-13
0.0001945,0.65,-0.453990499736,0.65,-5.60564722833e-13
0.0001946,0.65,-0.0627905195258,0.65,-5.72749105176e-13
0.0001947,0.65,0.338737920249,0.65,-5.84129237698e-13
0.0001948,0.65,0.684547105931,0.65,-5.94719460635e-13
0.0001949,0.65,0.917754625685,0.65,-6.04534320932e-13
0.000195,0.65,1,0.65,-6.13588554793e-13
0.0001951,0.65,0.917754625682,0.65,-6.2189707059e-13
0.0001952,0.65,0.684547105926,0.65,-6.29474932128e-13
0.0001953,0.65,0.338737920242,0.65,-6.36337342275e-13
0.0001954,0.65,-0.0627905195333,0.65,-6.42499626957e-13
0.0001955,0.65,-0.453990499743,0.65,-6.4797721952e-13
0.0001956,0.65,-0.770513242778,0.65,-6.52785645457e-13
0.0001957,0.65,-0.960293685678,0.65,-6.56940507511e-13
0.0001958,0.65,-0.992114701314,0.65,-6.60457471141e-13
0.0001959,0.65,-0.860742027002,0.65,-6.63352250372e-13
0.000196,0.65,-0.587785252289,0.65,-6.65640593999e-13
0.0001961,0.65,-0.218143241393,0.65,-6.67338272182e-13
0.0001962,0.65,0.18738131459,0.65,-6.68461063399e-13
0.0001963,0.65,0.562083377856,0.65,-6.69024741777e-13
0.0001964,0.65,0.844327925504,0.65,-6.69045064795e-13
0.0001965,0.65,0.987688340596,0.65,-6.68537761346e-13
0.0001966,0.65,0.968583161128,0.65,-6.67518520184e-13
0.0001967,0.65,0.790155012373,0.65,-6.66002978721e-13
0.0001968,0.65,0.481753674098,0.65,-6.64006712202e-13
0.0001969,0.65,0.0941083133144,0.65,-6.61545223233e-13
0.000197,0.65,-0.309016994379,0.65,-6.58633931675e-13
0.0001971,0.65,-0.661311865327,0.65,-6.55288164897e-13
0.0001972,0.65,-0.904827052468,0.65,-6.51523148378e-13
0.0001973,0.65,-0.999506560366,0.65,-6.4735399667e-13
0.0001974,0.65,-0.929776485887,0.65,-6.42795704702e-13
0.0001975,0.65,-0.707106781184,0.65,-6.37863139437e-13
0.0001976,0.65,-0.368124552681,0.65,-6.32571031867e-13
0.0001977,0.65,0.031410759082,0.65,-6.26933969351e-13
0.0001978,0.65,0.425779291569,0.65,-6.20966388282e-13
0.0001979,0.65,0.750111069633,0.65,-6.14682567093e-13
0.000198,0.65,0.951056516296,0.65,-6.08096619585e-13
0.0001981,0.65,0.995561964603,0.65,-6.0122248858e-13
0.0001982,0.65,0.876306680042,0.65,-5.94073939893e-13
0.0001983,0.65,0.61290705365,0.65,-5.86664556612e-13
0.0001984,0.65,0.248689887161,0.65,-5.79007733701e-13
0.0001985,0.65,-0.156434465044,0.65,-5.71116672893e-13
0.0001986,0.65,-0.535826794982,0.65,-5.63004377893e-13
0.0001987,0.65,-0.827080574277,0.65,-5.54683649871e-13
0.0001988,0.65,-0.982287250729,0.65,-5.46167083248e-13
0.0001989,0.65,-0.975916761938,0.65,-5.37467061765e-13
0.000199,0.65,-0.809016994373,0.65,-5.28595754834e-13
0.0001991,0.65,-0.509041415748,0.65,-5.19565114159e-13
0.0001992,0.65,-0.125333233561,0.65,-5.10386870633e-13
0.0001993,0.65,0.278991106042,0.65,-5.01072531496e-13
0.0001994,0.65,0.637423989751,0.65,-4.91633377747e-13
0.0001995,0.65,0.89100652419,0.65,-4.82080461817e-13
0.0001996,0.65,0.998026728428,0.65,-4.72424605483e-13
0.0001997,0.65,0.940880768953,0.65,-4.62676398031e-13
0.0001998,0.65,0.728968627419,0.65,-4.52846194647e-13
0.0001999,0.65,0.397147890632,0.65,-4.42944115043e-13
0.0002,0.65,-2.62166890725e-12,0.65,-4.32980042315e-13
